-- Mayo de 2021
-- Autor: Esteban Gómez Palomo
-- email: egp.curso.bbdd@gmail.com
-- Ningún derecho reservado.
-- Este trabajo se ha realizado en el marco del curso CERTIFICADO ADMINISTRACIÓN Y GESTIÓN DE BBDD 18/6809
-- de la Comunidad de Madrid.

-- DESCARGA DE RESPONSABILIDAD.
-- Todos los datos contenidos en ésta base de datos son DUMMY, es decir, se han obtenido de forma aleatoria en fuentes públicas como
-- el INE, de resivistas sectoriales e Internet, y haciendo uso de funciones como RAND() o ALEATORIO.ENTRE().
-- 




-- phpMyAdmin SQL Dump
-- version 5.1.0
-- https://www.phpmyadmin.net/
--
-- Servidor: 127.0.0.1
-- Tiempo de generación: 18-05-2021 a las 14:56:33
-- Versión del servidor: 10.4.18-MariaDB
-- Versión de PHP: 8.0.3





SET SQL_MODE = "NO_AUTO_VALUE_ON_ZERO";
START TRANSACTION;
SET time_zone = "+00:00";


/*!40101 SET @OLD_CHARACTER_SET_CLIENT=@@CHARACTER_SET_CLIENT */;
/*!40101 SET @OLD_CHARACTER_SET_RESULTS=@@CHARACTER_SET_RESULTS */;
/*!40101 SET @OLD_COLLATION_CONNECTION=@@COLLATION_CONNECTION */;
/*!40101 SET NAMES utf8mb4 */;


--
-- Base de datos: `proyecto_final`
--
CREATE DATABASE IF NOT EXISTS `proyecto_final` DEFAULT CHARACTER SET utf8mb4 COLLATE utf8mb4_spanish_ci;
USE `proyecto_final`;

-- --------------------------------------------------------

--
-- Estructura de tabla para la tabla `cargos`
--

CREATE TABLE `cargos` (
  `cargo_id` int(11) NOT NULL,
  `nombre_cargo` varchar(45) COLLATE utf8mb4_spanish_ci DEFAULT NULL
) ENGINE=InnoDB DEFAULT CHARSET=utf8mb4 COLLATE=utf8mb4_spanish_ci;

--
-- Volcado de datos para la tabla `cargos`
--

INSERT INTO `cargos` (`cargo_id`, `nombre_cargo`) VALUES
(1, 'Presidente'),
(2, 'Presidente Ejecutivo'),
(3, 'Presidente-Consejero Delegado'),
(4, 'Presidente Consejo Rector'),
(5, 'Vicepresidente'),
(6, 'Vicepresidente Ejecutivo'),
(7, 'Consejero Delegado'),
(8, 'Consejero'),
(9, 'Viceconsejero'),
(10, 'Vocal'),
(11, 'Secretario del Consejo'),
(12, 'Vicesecretario del Consejo'),
(13, 'Representante en Cjo. de Admón.'),
(14, 'Administrador Único'),
(15, 'Administrador'),
(16, 'Administrador Judicial'),
(17, 'Representante del Administrador Único'),
(18, 'Representante del Administrador'),
(19, 'Tesorero'),
(21, 'Adjunto a la Presidencia'),
(22, 'Adjunto al Consejero Delegado'),
(23, 'Adjunto al Administrador'),
(24, 'Secretario General'),
(25, 'Director General'),
(26, 'CEO (Chief Executive Officer)'),
(27, 'Director Gerente'),
(28, 'Director'),
(29, 'Gerente'),
(30, 'Director General Adjunto'),
(31, 'Subdirector General'),
(32, 'Subdirector Gerente'),
(33, 'Subdirector'),
(34, 'Director Comercial'),
(35, 'Director de Ventas'),
(36, 'Director de Compras'),
(37, 'Director Económico Financiero'),
(38, 'Director Financiero'),
(39, 'Director Administrativo'),
(40, 'Director de Recursos Humanos'),
(41, 'Director de Operaciones'),
(42, 'Director Corporativo'),
(43, 'Director de División'),
(44, 'Director de Área'),
(45, 'Director de Organización'),
(46, 'Director de Gestión'),
(47, 'Director de Control'),
(48, 'Director de Planificación'),
(49, 'Director de Servicios'),
(50, 'Director de Marketing'),
(51, 'Director Industrial'),
(52, 'Director Técnico'),
(53, 'Director de Producción'),
(54, 'Director de Explotación'),
(55, 'Director de Desarrollo'),
(56, 'Director de Expansión'),
(57, 'Director de Implantaciones'),
(58, 'Director de Logística'),
(59, 'Director de Informática'),
(60, 'Director de I+D'),
(61, 'Director de Calidad'),
(62, 'Director de Relaciones Institucionales'),
(63, 'Director de Relaciones Externas'),
(64, 'Director de Comunicación'),
(66, 'Adjunto a Dirección General'),
(68, 'Director de Exportación'),
(69, 'Director de Importación'),
(73, 'Director de Atención al Cliente'),
(92, 'Director de Flota'),
(93, 'Director de Tráfico'),
(99, 'Jefe de Administración/Contabilidad'),
(149, 'Enólogo'),
(155, 'Secretaria de Dirección'),
(212, 'Director de Cadena de Suministro'),
(216, 'Director de Responsabilidad Social Corporativ'),
(217, 'Director de Acción Social'),
(218, 'Director de Control de Calidad'),
(220, 'Administrador Concursal'),
(231, 'Director de Estrategia'),
(232, 'Director de Sistemas'),
(233, 'Director de Tecnologías de la Información'),
(234, 'Director de Transporte'),
(254, 'Director Grandes Cuentas / Key Account Manage'),
(257, 'Director de Redes Sociales (Social Media Mana'),
(313, 'Director/Gestor de Área e-Commerce'),
(314, 'Jefe/Responsable Área e-Commerce'),
(319, 'Marketing Director'),
(320, 'Marketing Manager'),
(321, 'Responsable de Marketing'),
(322, 'Telemarketing'),
(324, 'Responsable de Calidad'),
(340, 'Representante Comercial'),
(345, 'Soporte comercial'),
(500, 'Comprador'),
(501, 'Compras'),
(580, 'Logística'),
(600, 'Ingeniero Técnico'),
(601, 'Técnico de Campo'),
(610, 'Calidad'),
(700, 'Responsable de producción'),
(701, 'Jefe de producción'),
(702, 'Producción'),
(800, 'Ingeniero de Campo'),
(801, 'Soporte Técnico'),
(990, 'Administrativo');

-- --------------------------------------------------------

--
-- Estructura de tabla para la tabla `categorias_empleados`
--

CREATE TABLE `categorias_empleados` (
  `categoria_empleado_id` int(11) NOT NULL,
  `nombre_categoria` varchar(45) COLLATE utf8mb4_spanish_ci DEFAULT NULL
) ENGINE=InnoDB DEFAULT CHARSET=utf8mb4 COLLATE=utf8mb4_spanish_ci;

--
-- Volcado de datos para la tabla `categorias_empleados`
--

INSERT INTO `categorias_empleados` (`categoria_empleado_id`, `nombre_categoria`) VALUES
(159, 'Directivos'),
(160, 'Mandos Intermedios'),
(161, 'Técnicos'),
(162, 'Auxiliares'),
(163, 'Ingenieros'),
(164, 'Licenciados'),
(165, 'Jefes'),
(166, 'Oficiales'),
(167, 'Administrativos'),
(168, 'Peones'),
(169, 'Aprendices');

-- --------------------------------------------------------

--
-- Estructura de tabla para la tabla `clientes`
--

CREATE TABLE `clientes` (
  `cliente_id` int(11) NOT NULL,
  `razon_social` varchar(100) COLLATE utf8mb4_spanish_ci DEFAULT NULL,
  `cif` char(9) COLLATE utf8mb4_spanish_ci DEFAULT NULL,
  `fecha_primer_pedido` date DEFAULT NULL
) ENGINE=InnoDB DEFAULT CHARSET=utf8mb4 COLLATE=utf8mb4_spanish_ci;

--
-- Volcado de datos para la tabla `clientes`
--

INSERT INTO `clientes` (`cliente_id`, `razon_social`, `cif`, `fecha_primer_pedido`) VALUES
(100522, 'La Especiera del Norte de Cáceres, S.L.', 'B10145445', '2013-12-02'),
(100523, 'Brand T Burger, S.A.', 'A86751859', '2013-12-06'),
(100524, 'Digem Siglo 21, S.L.', 'B96867163', '2013-12-14'),
(100525, 'Syneron Candela, S.A.', 'A58636878', '2014-01-05'),
(100526, 'Móstoles Industrial, S.A. (Moinsa)', 'A28160538', '2014-01-08'),
(100527, 'Hermanos Castaño Fernandez, S.A.', 'A21037834', '2014-01-09'),
(100528, 'Artesanos Gallegos De La Carne, S.L.', 'B15077109', '2014-01-15'),
(100529, 'Cartonajes Torralba, S.L.', 'B03286908', '2014-01-16'),
(100530, 'Coop. San Marcos - Almendralejo', 'F06013378', '2014-01-31'),
(100531, 'Ontex Id, S.A.U.', 'A60617450', '2014-02-02'),
(100532, 'Bereciartua, S.A.', 'A20104497', '2014-02-26'),
(100533, 'Cideyeg, S.A.', 'A60444296', '2014-03-05'),
(100534, 'Meca-System, S.L.', 'B25286263', '2014-03-11'),
(100535, 'Informatica El Corte Inglés, S.A. - Grupo', 'A28855813', '2014-03-29'),
(100536, 'Maderas Garcia Varona, S.L.', 'B09341646', '2014-04-06'),
(100537, 'Compo Iberia, S.L.', 'B62272596', '2014-04-11'),
(100538, 'Ondulados Del Papel, S.A.', 'A03195789', '2014-04-23'),
(100539, 'CEXVI, S.L.', 'B32301844', '2014-04-29'),
(100540, 'Taninia Bodegas & Viñedos', 'B75213167', '2014-05-07'),
(100541, 'Oleya Foods, S.L.', 'B41216292', '2014-05-16'),
(100542, 'Prefabricados Pujol, S.A.', 'A25015888', '2014-05-20'),
(100543, 'Ipe, Industria Gráfica, S.L.', 'B58294996', '2014-05-24'),
(100544, 'Dnc, S.A.', 'A43356866', '2014-05-26'),
(100545, 'Gruplasa, S.L.', 'B84019711', '2014-06-06'),
(100546, 'Bodegas Paniza, S. Coop.', 'F50011992', '2014-06-09'),
(100547, 'Itw España, S.A. (División Hi-Cone)', 'A08439236', '2014-06-12'),
(100548, 'Air-Val International, S.A.', 'A58008182', '2014-06-22'),
(100549, 'Rovebloc, S.A.', 'A58659319', '2014-07-03'),
(100550, 'Casa Vigar, S.L.', 'B03268879', '2014-07-17'),
(100551, 'F.J. Sanchez Sucesores, S.A.', 'A04333598', '2014-07-23'),
(100552, 'Sony Europe Ltd, Sucursal En España', 'W82616105', '2014-08-02'),
(100553, 'Menor 2003, S.L.', 'B09269627', '2014-08-11'),
(100554, 'Aguas De Santolin, S.A.', 'A09281861', '2014-08-21'),
(100555, 'Gráficas Rascanya, S.L.', 'B97239351', '2014-08-30'),
(100556, 'Eurocolchón - Colchonerías Alcala, S.L.', 'B28544814', '2014-09-10'),
(100557, 'Tapones Y Especialidades Del Corcho, S.A.', 'A17004355', '2014-09-12'),
(100558, 'Productos Juan Moyano, S.L.', 'B14070443', '2014-09-26'),
(100559, 'Grespania, S.A.', 'A12017515', '2014-09-30'),
(100560, 'Distribuidora De Primeras Marcas, S.A.', 'A58172786', '2014-10-24'),
(100561, 'Onduspan, S.A.', 'A04119903', '2014-10-26'),
(100562, 'Ferubal, S.A.', 'A46114677', '2014-10-26'),
(100563, 'Byg, S.A.', 'A08220736', '2014-10-31'),
(100564, 'Sociedad Financiera Y Minera, S.A.', 'A28036784', '2014-11-12'),
(100565, 'Catem, S.A.', 'A58532417', '2014-11-27'),
(100566, 'Bodegas Arzuaga Navarro, S.L.', 'B09302784', '2014-12-13'),
(100567, 'Mobiliario Auxiliar De Diseño, S.L.', 'B03502858', '2014-12-17'),
(100568, 'Dcoop - Seccion De Aceituna De Mesa', 'F29249963', '2014-12-18'),
(100569, 'Bodegas Vinícola Real, S.L.U.', 'B26255775', '2015-01-20'),
(100570, 'Destilerías Muñoz Gálvez, S.A.', 'A30000355', '2015-01-20'),
(100571, 'Cabelte Incasa Industria Navarra De Cables, S.A.', 'A31515733', '2015-01-21'),
(100572, 'Conservas Emilia, S.L.', 'B39361357', '2015-01-27'),
(100573, 'Reverplas, S.A.', 'A58203154', '2015-01-28'),
(100574, 'Transformados Huévar, S.A.', 'A41940571', '2015-02-11'),
(100575, 'Macresac, S.A.', 'A43053216', '2015-02-20'),
(100576, 'Manipulados Lisma, S.L.U.', 'B79322519', '2015-02-22'),
(100577, 'Metalogenia, S.A. (Mtg)', 'A08103178', '2015-02-26'),
(100578, 'Accesorios De Tubería, S.A. (Atusa)', 'A01007533', '2015-03-05'),
(100579, 'Pedro Guillen Gomariz, S.L.', 'B30029551', '2015-03-24'),
(100580, 'Herma Productos De Limpieza, S.A.', 'A10434229', '2015-03-24'),
(100581, 'Sodeca, S.A.', 'A08851511', '2015-03-30'),
(100582, 'Dulces Reineta, S.L.', 'B20066998', '2015-04-17'),
(100583, 'Clinical Nutrition, S.A.', 'A08650686', '2015-04-28'),
(100584, 'Giró Gh, S.A.', 'A60693199', '2015-05-08'),
(100585, 'Bodegas Sanzoles, S.A.', 'A47047925', '2015-06-14'),
(100586, 'Configirona, S.A.', 'A17043905', '2015-06-15'),
(100587, 'Supercerámica, S.A.', 'A12021141', '2015-06-22'),
(100588, 'Nortpalet Fábrica, S.L.', 'B74182957', '2015-06-23'),
(100589, 'Ibp Atcosa, S.L.', 'B83013716', '2015-06-29'),
(100590, 'Zardoya Otis, S.A. - Grupo', 'A28011788', '2015-07-18'),
(100591, 'Panaderia Confalon, S.L.', 'B41574791', '2015-07-25'),
(100592, 'Antonio Villoria, S.A.', 'A28534476', '2015-07-25'),
(100593, 'Cepillos La Ibérica, S.A.', 'A32005646', '2015-07-29'),
(100594, 'Luis Capdevila, S.A.', 'A58297756', '2015-08-05'),
(100595, 'Ramón Clemente, S.A.', 'A78751583', '2015-08-14'),
(100596, 'Modular Ls 34, S.L.', 'B28892814', '2015-08-21'),
(100597, 'Licors Jane, S.L.', 'B43346346', '2015-09-08'),
(100598, 'Cristal Cerámicas, S.A.', 'A12086838', '2015-09-13'),
(100599, 'Bodegas Pinord, S.A.', 'A08563713', '2015-09-17'),
(100600, 'Givaudan Iberica, S.A.', 'A08106146', '2015-10-04'),
(100601, 'Ingeperfil, S.L.', 'B63424538', '2015-11-04'),
(100602, 'Fábrica Electrotécnica Josa, S.A. (Bjc)', 'A08074161', '2015-11-24'),
(100603, 'Vinigalicia, S.L.', 'B27045416', '2015-12-10'),
(100604, 'Las Añadas De España, S.L.', 'B46455161', '2015-12-18'),
(100605, 'Comapa 2001, S.L.', 'B83011158', '2015-12-20'),
(100606, 'Luminosos Ales, S.A. (División Ercon)', 'A33638583', '2015-12-22'),
(100607, 'Pack Service, S.A.', 'A58304972', '2015-12-27'),
(100608, 'Ramón Sirvent Cruz', 'A74813507', '2016-01-01'),
(100609, 'Ceramica Elu, S.L.', 'B45028810', '2016-01-02'),
(100610, 'Wincor Nixdorf, S.L.', 'B82502855', '2016-01-23'),
(100611, 'Sociedad Envases Alimentarios, S.A. (Senasa)', 'A20088687', '2016-02-03'),
(100612, 'Termopack Termoplásticos Y Envases, S.L.', 'B17357176', '2016-02-04'),
(100613, 'Andrés Megías Mendoza, S.A.', 'A35013347', '2016-02-15'),
(100614, 'Ceramicas De Mira, S.L.', 'B16010556', '2016-02-17'),
(100615, 'Bolsaplast Asturias, S.L.', 'B33680969', '2016-02-17'),
(100616, 'Dulces Mallorquina, S.L. (Dulma)', 'B24027750', '2016-03-06'),
(100617, 'Bodegas Del Medievo, S.L.', 'B26334623', '2016-04-02'),
(100618, 'Jp Selecta, S.A.', 'A08819830', '2016-04-05'),
(100619, 'Productos Campanal, S.A.', 'A33600846', '2016-04-16'),
(100620, 'Auxiliar De Señalizaciones Y Balizamientos, S.L.', 'B48601839', '2016-06-10'),
(100621, 'Euronit Fachadas Y Cubiertas, S.L.', 'B61198793', '2016-06-22'),
(100622, 'Aserraderos De Cuéllar, S.A.', 'A78673331', '2016-06-24'),
(100623, 'Cointra Godesia, S.A.', 'A28821472', '2016-06-26'),
(100624, 'Productos Congelados, S.A. (Procsa)', 'A36604950', '2016-07-17'),
(100625, 'Konecranes Ibérica, S.L.', 'B60442895', '2016-07-21'),
(100626, 'Tunstall Ibérica, S.A.', 'A84076631', '2016-07-31'),
(100627, 'Agrozumos, S.A.', 'A31164420', '2016-08-02'),
(100628, 'Pago De Los Capellanes, S.A.', 'A09222268', '2016-08-12'),
(100629, 'Pietro Coricelli España, S.A.', 'A14482172', '2016-08-19'),
(100630, 'Extru, S.A.', 'A31079334', '2016-08-31'),
(100631, 'Pinturas Hempel, S.A.', 'A08183514', '2016-09-20'),
(100632, 'Himafesa, S.L.', 'B26198964', '2016-10-13'),
(100633, 'Garnica Plywood Baños De Río Tobía, S.A.', 'A26011811', '2016-10-14'),
(100634, 'Vayoil Textil, S.A.', 'A96169315', '2016-11-03'),
(100635, 'Envases Durá, S.L.', 'B03821942', '2016-11-15'),
(100636, 'Bodegas Gómez Aguirre, S.A.', 'A26060992', '2016-12-01'),
(100637, 'Aceites Del Sur-Coosur, S.A. (Acesur)', 'B28227375', '2016-12-09'),
(100638, 'Ima Ibérica Processing And Packaging, S.L.', 'B62439990', '2016-12-11'),
(100639, 'Luxeapers, S.L.', 'B04246147', '2016-12-12'),
(100640, 'Nordson Iberica, S.A.', 'A46186681', '2016-12-29'),
(100641, 'Reunión Industrial, S.L.', 'B46303228', '2017-02-15'),
(100642, 'Polipropileno De Galicia, S.A. (Poligal)', 'A15156170', '2017-02-17'),
(100643, 'Combe Europa, S.L.', 'B28712139', '2017-02-22'),
(100644, 'Saturnino Cortés, S.A. (Dascosa)', 'A46191301', '2017-03-03'),
(100645, 'Juypal Hogar, S.L.', 'B03463586', '2017-03-21'),
(100646, 'Fagor Grupo Mueble - Fgm, S. Coop. - División Contract', 'F75070228', '2017-04-03'),
(100647, 'Premium Ingredients, S.L.', 'B17467824', '2017-04-06'),
(100648, 'Menshen Iber, S.L.', 'B63391970', '2017-04-19'),
(100649, 'Aires De Jaén, S.L.', 'B86105634', '2017-04-24'),
(100650, 'Pago De Carraovejas, S.A.', 'A47089709', '2017-05-16'),
(100651, 'Hernando Hurtado, S.A.', 'A09058830', '2017-06-05'),
(100652, 'Paperera De Girona, S.A.', 'A17081513', '2017-06-05'),
(100653, 'Leciñena, S.A.', 'A50036179', '2017-06-30'),
(100654, 'Ab Mauri Food, S.A.', 'A80208618', '2017-07-02'),
(100655, 'Bolsaplast, S.L.', 'B08808105', '2017-07-11'),
(100656, 'Galván Fernández Hermanos, S.L.', 'B41063243', '2017-07-23'),
(100657, 'Tarifa Varrilado, S.A. (Destilerías Tavasa)', 'A28933665', '2017-07-24'),
(100658, 'Platones Y Cajas, S.L.', 'B46204657', '2017-08-05'),
(100659, 'Matías Goma Tomás, S.A.', 'A43004191', '2017-08-07'),
(100660, 'Distrimobel Saetabis, S.L.', 'B82353201', '2017-08-13'),
(100661, 'Becton Dickinson, S.A. (Bd)', 'A50140868', '2017-09-02'),
(100662, 'Manufacturas Salomón, S.L.', 'B30052279', '2017-09-04'),
(100663, 'Morteros Y Revocos Bikain, S.A.', 'A48268470', '2017-09-09'),
(100664, 'Salica Industria Alimentaria, S.A.', 'A48434279', '2017-09-13'),
(100665, 'Soria Natural, S.A.', 'A42015495', '2017-09-15'),
(100666, 'Saunier Duval Clima, S.A.', 'A01222187', '2017-09-15'),
(100667, 'Bodegas Baigorri, S.A.', 'A01249655', '2017-09-18'),
(100668, 'Vega Pelayo, S.L.', 'B39335586', '2017-09-24'),
(100669, 'Schmitz Cargobull Iberica, S.A.', 'A58889624', '2017-09-30'),
(100670, 'Aceite La Casería Santa Julia, S.L.', 'B23233912', '2017-10-30'),
(100671, 'Gama Decor, S.A.', 'A12081745', '2017-11-03'),
(100672, 'Arteche Instrument Transformers, S.L.', 'B95632394', '2018-01-08'),
(100673, 'Vidrafoc, S.A.', 'A08677466', '2018-01-16'),
(100674, 'Chocolates Simon Coll, S.A.', 'A08720133', '2018-01-23'),
(100675, 'Material De Aireación, S.A. (Masa)', 'A48030220', '2018-01-30'),
(100676, 'Hispano Italiana De Trenzados Especiales, S.A.', 'A08239484', '2018-02-06'),
(100677, 'Ceramica Mateo, S.L.', 'B13272871', '2018-01-23'),
(100678, 'Bieffe Medital, S.A.', 'A78752799', '2018-02-20'),
(100679, 'Sobreño, S.A.', 'A49180735', '2018-02-27'),
(100680, 'Mundial Cork, S.A.', 'A17203979', '2018-03-06'),
(100681, 'Practicel, S.L.', 'B53794160', '2018-03-13'),
(100682, 'Robinco, S.A.', 'A28347695', '2018-02-12'),
(100683, 'Metálicas Gaypu (Grupo Gaypu)', 'B22250507', '2018-03-27'),
(100684, 'Prefabricaciones Y Contratas, S.A. (Precon)', 'A28135748', '2018-04-03'),
(100685, 'Productos Mata, S.A.', 'A23011517', '2018-04-10'),
(100686, 'Embalajes Bercalsa, S.L.', 'B26125544', '2018-04-17'),
(100687, 'Coop. Bodegas San Isidro - Jumilla', 'F30003423', '2018-04-24'),
(100688, 'Angulas Aguinaga, S.A.', 'A20922615', '2018-05-01'),
(100689, 'Coop. D|Artesa De Segre', 'F25012912', '2018-05-08'),
(100690, 'Geotexan, S.A.', 'A91249175', '2018-05-15'),
(100691, 'Bodegas Finca La Estacada, S.L.', 'B81878305', '2018-05-22'),
(100692, 'Kora Oliva, S.L.', 'B91247230', '2018-05-29'),
(100693, 'Inmesol, S.L.', 'B30225425', '2018-06-05'),
(100694, 'Bc Nonwovens, S.L.', 'B63037859', '2018-06-12'),
(100695, 'Embutidos Goikoa, S.A.', 'A31096329', '2018-05-17'),
(100696, 'Establecimientos Ortopedicos Prim, S.A.', 'A28743916', '2018-06-26'),
(100697, 'Sutter Ibérica, S.A.U.', 'A79110835', '2018-06-12'),
(100698, 'Mandriles Cicarsa, S.A.', 'A20089392', '2018-07-10'),
(100699, 'Distribuciones Juan Luna, S.L.', 'B46673668', '2018-07-17'),
(100700, 'Conservas Esteban, S.A.', 'A30090885', '2018-02-27'),
(100701, 'Adegas Moure, S.A.', 'A27045724', '2018-06-19'),
(100702, 'Cartolot, S.A.', 'A17037395', '2018-01-17'),
(100703, 'Mineraqua, S.A.', 'A26413771', '2018-01-09'),
(100704, 'Grupo Luis Caballero', 'A11000410', '2018-02-15'),
(100705, 'Emérito, S.L.', 'B31478494', '2018-02-22'),
(100706, 'Gerialine Solutions, S.L.', 'B99231292', '2018-07-17'),
(100707, 'Aguas Font Vella Y Lanjarón, S.A.', 'A08016115', '2018-09-11'),
(100708, 'Bynsa Mascotas, S.L.', 'B98132831', '2018-03-26'),
(100709, 'Haasbel, S.L.', 'B58257794', '2018-02-23'),
(100710, 'Miguel Parra E Hijos, S.A.', 'A30006742', '2018-03-06'),
(100711, 'Suprem-Inox, S.A.', 'A08771793', '2018-04-17'),
(100712, 'Productos Dietéticos Y De Régimen Sorribas, S.A.', 'A08662316', '2018-05-22'),
(100713, 'R. López De Heredia Viña Tondonia, S.A.', 'A28015295', '2018-07-30'),
(100714, 'Npi Sanitary Components, S.A.', 'A08974841', '2018-08-21'),
(100715, 'M.A. Silva & Garzón, S.L.', 'B01481769', '2018-01-22'),
(100716, 'Envasado Xiomara, S.L.', 'B45410657', '2018-05-18'),
(100717, 'Juan Hidalgo E Hijos, S.L.', 'B06164276', '2018-08-07'),
(100718, 'Comercial Persán, S.A.', 'A30010512', '2018-08-27'),
(100719, 'Ondupacart, S.A.', 'A28235962', '2018-09-04'),
(100720, 'Comercial Quimica Sarasa, S.L.', 'B17365270', '2018-03-27'),
(100721, 'Mazarron Tejas Ii, S.L.', 'B45607668', '2018-09-03'),
(100722, 'Ignacio González Montes, S.A.', 'A15032973', '2018-11-15'),
(100723, 'Dordiv, S.L.', 'B54333136', '2018-10-11'),
(100724, 'Matz-Erreka, S.Coop.', 'F20025634', '2018-10-30'),
(100725, 'Poyatos Export, S.A.', 'A18683805', '2018-03-06'),
(100726, 'Avery Dennison R I S Iberia, S.L.', 'B60633472', NULL),
(100727, 'Pumacem, S.L.', 'B80349720', NULL),
(100728, 'Marcopack, S.L.', 'B30314576', NULL),
(100729, 'Industrias Lacteas Revilla, S.A.', 'A49012232', NULL),
(100730, 'Gomeoliva, S.A.', 'A14241460', NULL),
(100731, 'Fartons Polo, S.L.', 'B46594402', NULL),
(100732, 'Bertako, S.L.', 'B81936238', NULL),
(100733, 'Plásticos Retráctiles, S.L.', 'B60417370', NULL),
(100734, 'Biomed, S.A.', 'A28458339', NULL),
(100735, 'Nutrex Pinsos, S.L.', 'B17374285', NULL),
(100736, 'Sr Innova-Samovi Ricart (Comet Innova, S.L.)', 'B65597444', NULL),
(100737, 'Bemasa Caps, S.A.', 'A30229493', NULL),
(100738, 'Aceitunas Y Encurtidos Mar De Aragón, S.L.', 'B50039822', NULL),
(100739, 'A.E.B. Iberica, S.A.', 'A58510509', NULL),
(100740, 'Legumbres La Fuensantica, S.A.', 'A30034401', NULL),
(100741, 'Dulsa, S.A.', 'A31470872', NULL),
(100742, 'Foncasal Trading, S.L.', 'B26225604', NULL),
(100743, 'Coop. Bodegas Nekeas', 'F31419275', NULL),
(100744, 'Rogu, S.A. (Rogusa)', 'A28667724', NULL),
(100745, 'Alonarti Envases, S.A.U.', 'A28069839', NULL),
(100746, 'Juan Capella, S.A.', 'A08401253', NULL),
(100747, 'Técnicas De Vidrio Transformado, S.L. (Tvitec)', 'B84993698', NULL),
(100748, 'Rubberex Spain, S.L.', 'B97664435', NULL),
(100749, 'Legumbres Pedro, S.L.', 'B72032953', NULL),
(100750, 'Dulcestepa, S.A.', 'A41057611', NULL),
(100751, 'Marcos Martínez Minguela, S.A.', 'A47022772', NULL),
(100752, 'Dulces La Ponderosa, S.L.', 'B41064440', NULL),
(100753, 'Teyder, S.L.', 'B58570782', NULL),
(100754, 'Lurbe Grup, S.A.', 'A20484657', NULL),
(100755, 'Hiab Cranes, S.L.', 'B50995773', NULL),
(100756, 'Illargui, S.A.', 'A20036583', NULL),
(100757, 'Derivados Asfálticos Normalizados, S.A. (Danosa)', 'A28127715', NULL),
(100758, 'Zorpack, S.L.', 'B31129712', NULL),
(100759, 'Equip 3000, S.A.', 'A58684618', NULL),
(100760, 'Indusac, S.A.', 'A80569267', NULL),
(100761, 'Bodegas Toro Albalá, S.L.', 'B14089985', NULL),
(100762, 'Lorenzo Sandua, S.L.', 'B31277897', NULL),
(100763, 'Gomà Camps, S.A.', 'A43000564', NULL),
(100764, 'Coop. San Sebastián', 'F18006768', NULL),
(100765, 'Quesos Sanabria, S.L.', 'B16150677', NULL),
(100766, 'Envases Dauden, S.L.', 'B12029249', NULL),
(100767, 'Industrial Sagarra, S.L.', 'B08744704', NULL),
(100768, 'Bodegas Vinos De León Vile, S.A.', 'A24005538', NULL),
(100769, 'Bodegas Vallobera, S.L.', 'B01141472', NULL),
(100770, 'Sistemas Técnicos Endoscópicos, S.A.', 'A80776493', NULL),
(100771, 'Obrerol, S.A.', 'A33602899', NULL),
(100772, 'J.R. Suarez Monedero, S.L.', 'B16127628', NULL),
(100773, 'Grupo Enteco', 'B28296387', NULL),
(100774, 'Amanida, S.A.', 'A50160726', NULL),
(100775, 'Yudigar, S.L.', 'B50768646', NULL),
(100776, 'Cardiva Soluciones Integrales, S.A.', 'A29025238', NULL),
(100777, 'Bodegas Elosegi, S.L.', 'B20533928', NULL),
(100778, 'Avelino Vegas, S.A.', 'A40008268', NULL),
(100779, 'Playmobil Ibérica, S.A.U.', 'A03126189', NULL),
(100780, 'Metalúrgica Cerrajera De Mondragón, S.A.', 'A20002807', NULL),
(100781, 'Crown Bevcan España, S.L.', 'B36603996', NULL),
(100782, 'Productos Deportivos, S.A.', 'A30019221', NULL),
(100783, 'Papier-Mettler Iberia, S.L.U.', 'B84792450', NULL),
(100784, 'Nekicesa Packaging, S.L.', 'B84751706', NULL),
(100785, 'Hidral, S.A.', 'A41043679', NULL),
(100786, 'Maderas José Saiz, S.L.', 'B39392344', NULL),
(100787, 'Aceitunas Jaén, S.L.', 'B23035917', NULL),
(100788, 'Agromediterránea Hortofrutícola, S.L.', 'B30558552', NULL),
(100789, 'Granada La Palma, Sca.', 'F18013651', NULL),
(100790, 'Griffith Laboratories, S.A.', 'A08758785', NULL),
(100791, 'Bodegas La Estación, S.Coop.', 'F45742424', NULL),
(100792, 'Mundopalet, S.L.', 'B45480466', NULL),
(100793, 'Manipulados Escribá, S.A.', 'A25024827', NULL),
(100794, 'Bodega Pirineos, S.A.', 'A22158559', NULL),
(100795, 'Malaquías Morales, S.A.', 'A33610156', NULL),
(100796, 'Mandriladora Alpesa, S.L.', 'B96011564', NULL),
(100797, 'Galletas Gargallo, S.A.', 'A50026739', NULL),
(100798, 'Cooperativa Óleo España', 'F23294765', NULL),
(100799, 'Laboratorios Maverick, S.L.', 'B59927849', NULL),
(100800, 'Lácteas García Baquero, S.A.', 'A13010111', NULL),
(100801, 'Plásticos Vicent, S.L.', 'B03307661', NULL),
(100802, 'Uponor Hispania, S.A.', 'A81248395', NULL),
(100803, 'Auxiliar Conservera, S.A.', 'A30007457', NULL),
(100804, 'Tna Europe, Ltd - Oficina Comercial', 'A08421938', NULL),
(100805, 'Perlovin, S.A.', 'A09020804', NULL),
(100806, 'Elnur, S.A.', 'A78667805', NULL),
(100807, 'Embutidos Solà S.A.', 'A08338321', NULL),
(100808, 'Grupo Navec Servicios Industriales, S.L.', 'B84446908', NULL),
(100809, 'Tableros Hispanos, S.L.', 'B27453149', NULL),
(100810, 'Ovelar, S.A.', 'A28712459', NULL),
(100811, 'Big Drum Ibérica, S.A.', 'A43019251', NULL),
(100812, 'Laboratorios Bio-Dis España, S.L.', 'B41629285', NULL),
(100813, 'Concentrados De Uva, S.A. (Conuva)', 'A46030220', NULL),
(100814, 'Embalajes Albero, S.A.', 'A03266154', NULL),
(100815, 'Avance Cartón Ondulado, S.L.', 'B81760659', NULL),
(100816, 'Olis Mifer|S, S.A.', 'A58529936', NULL),
(100817, 'Eficiencia Y Tecnología, S.A. (Effytec)', 'A63511572', NULL),
(100818, 'Gráficas Salaet, S.A.', 'A43035293', NULL),
(100819, 'Pefipresa, S.A.', 'A28145402', NULL),
(100820, 'Negrini, S.L.', 'B79492556', NULL),
(100821, 'Mostos Y Vinos Bastida, S.L.', 'B30319709', NULL),
(100822, 'Mountain Labs, S.L.', 'B85263880', NULL),
(100823, 'Hierros Del Noroeste, S.L.', 'B30241501', NULL),
(100824, 'Hijos De Rivera, S.A.', 'A15002897', NULL);

-- --------------------------------------------------------

--
-- Estructura de tabla para la tabla `comerciales`
--

CREATE TABLE `comerciales` (
  `comercial_id` int(11) NOT NULL,
  `zona_comercial_id` int(11) DEFAULT NULL,
  `empleado_id` int(11) DEFAULT NULL
) ENGINE=InnoDB DEFAULT CHARSET=utf8mb4 COLLATE=utf8mb4_spanish_ci;

--
-- Volcado de datos para la tabla `comerciales`
--

INSERT INTO `comerciales` (`comercial_id`, `zona_comercial_id`, `empleado_id`) VALUES
(20, 1, 109),
(21, 1, 110),
(22, 2, 115),
(23, 3, 119),
(24, 4, 114),
(25, 5, 124),
(26, 6, 116),
(27, 7, 134),
(28, 8, 135),
(29, 8, 137),
(30, 9, 141);

-- --------------------------------------------------------

--
-- Estructura de tabla para la tabla `contactos`
--

CREATE TABLE `contactos` (
  `contacto_id` int(11) NOT NULL,
  `cargo_id` int(11) DEFAULT NULL,
  `cliente_id` int(11) DEFAULT NULL,
  `genero` enum('M','F') COLLATE utf8mb4_spanish_ci DEFAULT NULL,
  `nombre` varchar(40) COLLATE utf8mb4_spanish_ci DEFAULT NULL,
  `apellidos` varchar(80) COLLATE utf8mb4_spanish_ci DEFAULT NULL,
  `movil` char(9) COLLATE utf8mb4_spanish_ci DEFAULT NULL,
  `email` varchar(100) COLLATE utf8mb4_spanish_ci DEFAULT NULL,
  `activo` tinyint(1) DEFAULT NULL
) ENGINE=InnoDB DEFAULT CHARSET=utf8mb4 COLLATE=utf8mb4_spanish_ci;

--
-- Volcado de datos para la tabla `contactos`
--

INSERT INTO `contactos` (`contacto_id`, `cargo_id`, `cliente_id`, `genero`, `nombre`, `apellidos`, `movil`, `email`, `activo`) VALUES
(6750, 701, 100522, 'M', 'Eugenio', 'San Sebastián Rodríguez', '609088110', 'eugenio.sansebastian@lenc.es', 1),
(6751, 700, 100523, 'M', 'Karim', 'Tejedor Serroukh', '693109171', 'k.tejedor@gruponortenos.com', 1),
(6752, 600, 100523, 'M', 'Cristobal', 'Gómez Aranguren', '627999363', 'c.gomez@gruponortenos.com', 1),
(6753, 36, 100523, 'M', 'José Antonio', 'Torrijos Bellido', '611712389', 'joseantonio.torrijos@gruponortenos.com', 1),
(6754, 700, 100523, 'F', 'Maria Antonia', 'Pastor Arregui', '636720946', 'm.pastor@gruponortenos.com', 1),
(6755, 500, 100524, 'M', 'Demian', 'Barba Alfaro', '610922536', 'demian.barba@sualba.com', 1),
(6756, 700, 100524, 'M', 'Raul', 'Puig Gayoso', '653267812', 'r.puig@sualba.com', 1),
(6757, 501, 100524, 'M', 'Lorenzo', 'Aguilar Melian', '699499380', 'l.aguilar@sualba.com', 1),
(6758, 610, 100524, 'M', 'Alexander', 'González Montesinos', '690465475', 'a.gonzalez@sualba.com', 0),
(6759, 700, 100525, 'M', 'Miguel Ángel', 'Calvo Pumpido', '659645116', 'ma.calvopumpido@syneron-candela.es', 1),
(6760, 702, 100525, 'M', 'Antonio Manuel', 'Maldonado Cecilia', '671426346', 'a.maldonado@syneron-candela.es', 1),
(6761, 501, 100525, 'F', 'Dolores', 'Ibáñez Pereiro', '691182221', 'd.ibanez@syneron-candela.es', 1),
(6762, 610, 100525, 'M', 'Florencio', 'Caballero Albert', '646680157', 'f.caballero@syneron-candela.es', 1),
(6763, 990, 100526, 'M', 'Abelardo', 'Gil Lagares', '684828122', 'a.gil@moinsa.es', 1),
(6764, 501, 100526, 'M', 'Virgilio', 'Gómez Ferreiro', '619877592', 'v.gomez@moinsa.es', 1),
(6765, 610, 100526, 'M', 'Ventura', 'Ortiz Torrejon', '691203269', 'v.ortiz@moinsa.es', 1),
(6766, 700, 100526, 'M', 'José Ricardo', 'Sánchez Tebar', '652592599', 'j.sanchez@moinsa.es', 1),
(6767, 30, 100527, 'M', 'Pablo', 'Rebollo Forcada', '632754134', 'p.rebollo@tartesso.es', 0),
(6768, 600, 100527, 'M', 'Cecilio', 'Santana Gandia', '698701420', 'c.santana@tartesso.es', 1),
(6769, 610, 100527, 'M', 'Oscar Javier', 'Lobato Andueza', '645874642', 'o.lobato@tartesso.es', 1),
(6770, 700, 100527, 'M', 'Miguel', 'Román Munuera', '630744879', 'm.roman@tartesso.es', 1),
(6771, 700, 100528, 'F', 'Aysha', 'Pedros Riasol', '693735872', 'aysha.pedros@artesanosgallegos.es', 1),
(6772, 600, 100528, 'F', 'Silvia', 'Gómez Morillo', '625962178', 's.gomez@artesanosgallegos.es', 1),
(6773, 600, 100528, 'M', 'Lazaro', 'Palomo Loza', '609100351', 'l.palomo@artesanosgallegos.es', 1),
(6774, 702, 100528, 'M', 'Eder', 'García Cuadrado', '699714146', 'e.garcia@artesanosgallegos.es', 1),
(6775, 25, 100529, 'F', 'Silvia', 'Reese ', '692964403', 'silvia.reese@cartorralba.es', 0),
(6776, 25, 100529, 'F', 'Lola', 'Gonzalo Colome', '615392697', 'l.gonzalo@cartorralba.es', 1),
(6777, 25, 100529, 'M', 'Gonzalo', 'Gutiérrez Torrent', '603671316', 'g.gutierrez@cartorralba.es', 1),
(6778, 701, 100529, 'M', 'Iker', 'Barcelo Figueira', '697716173', 'i.barcelo@cartorralba.es', 1),
(6779, 501, 100530, 'F', 'Lucía', 'Santos Maza', '672858784', 'lucia.santos@campobarro.com', 1),
(6780, 1, 100530, 'M', 'Diego', 'Torres Aso', '691945562', 'diego.torres@campobarro.com', 1),
(6781, 600, 100530, 'F', 'Irene', 'Bernal Blasco', '659716504', 'irene.bernal@campobarro.com', 1),
(6782, 610, 100530, 'F', 'Marina', 'Gallardo  Molina', '647634995', 'marina.gallardo@campobarro.com', 1),
(6783, 600, 100531, 'M', 'Martin', 'Izquierdo Gabriel', '673351592', 'm.izquierdo@ontexglobal.com', 1),
(6784, 17, 100531, 'F', 'Marta', 'Gómez Posada', '686450416', 'm.gomez@ontexglobal.com', 0),
(6785, 702, 100531, 'F', 'Irene', 'Román Nevado', '677958793', 'i.roman@ontexglobal.com', 1),
(6786, 701, 100531, 'M', 'Igotz', 'Leiva Lacasa', '675658222', 'igotz.leiva@ontexglobal.com', 1),
(6787, 700, 100532, 'M', 'Daniel', 'Abio Ercoreca', '690872691', 'daniel.abioercoreca@embalajesbereciartua.com', 1),
(6788, 701, 100532, 'M', 'Francisco Javier', 'Blanco Silvestre', '605160441', 'f.blanco@embalajesbereciartua.com', 1),
(6789, 1, 100532, 'M', 'Jorge', 'Delgado Jauregui', '628898148', 'j.delgado@embalajesbereciartua.com', 1),
(6790, 601, 100532, 'F', 'Mar', 'Ye Bordon', '679858117', 'm.ye@embalajesbereciartua.com', 1),
(6791, 500, 100533, 'M', 'Salustiano', 'Casas Ollero', '637889802', 's.casas@cideyeg.es', 1),
(6792, 990, 100533, 'F', 'Maria Alejandra', 'Duran Donaire', '656307963', 'm.duran@cideyeg.es', 0),
(6793, 501, 100533, 'M', 'Alexandre', 'González De Castro', '655257843', 'a.gonzalez@cideyeg.es', 1),
(6794, 701, 100533, 'M', 'Iñaki', 'López Baro', '653672529', 'i.lopez@cideyeg.es', 1),
(6795, 500, 100534, 'M', 'Sergio', 'Herrero Veral', '682569606', 's.herrero@mecasystem.com', 1),
(6796, 701, 100534, 'M', 'Lucas', 'Batalla Blanco', '641937724', 'lucas.batalla@mecasystem.com', 1),
(6797, 500, 100534, 'M', 'Constantino', 'Márquez Vigil', '666291529', 'c.marquez@mecasystem.com', 1),
(6798, 701, 100534, 'F', 'Inmaculada', 'Hernández Aceituno', '695894576', 'i.hernandez@mecasystem.com', 1),
(6799, 701, 100535, 'F', 'Ana', 'Laredo Rico', '605164548', 'ana.laredorico@ieci.es', 1),
(6800, 501, 100535, 'M', 'Imanol', 'Domínguez Muhammad', '693374709', 'i.dominguez@ieci.es', 1),
(6801, 600, 100535, 'M', 'Modesto', 'Soler Estepa', '682826875', 'm.soler@ieci.es', 0),
(6802, 700, 100535, 'F', 'Briana', 'Cejas Rey', '694716186', 'briana.cejas@ieci.es', 1),
(6803, 702, 100536, 'M', 'Nemesio', 'García Sanchis', '668758957', 'n.garcia@garciavarona.com', 1),
(6804, 990, 100536, 'F', 'Isla', 'García Gómez', '680797649', 'isla.garcia@garciavarona.com', 1),
(6805, 702, 100536, 'M', 'Diego Manuel', 'Gómez Sole', '646660393', 'd.gomez@garciavarona.com', 1),
(6806, 610, 100536, 'F', 'Leticia', 'Gómez Sousa', '636454823', 'l.gomez@garciavarona.com', 1),
(6807, 44, 100537, 'M', 'Manuel David', 'Losada Valiño', '662684951', 'm.losada@compo.es', 1),
(6808, 500, 100537, 'M', 'Ivan', 'Benítez Porto', '679869106', 'i.benitez@compo.es', 1),
(6809, 610, 100537, 'M', 'Mihai', 'Martínez Espin', '683123849', 'm.martinez@compo.es', 0),
(6810, 702, 100537, 'M', 'Juan Vicente', 'Iglesias Cozar', '654755469', 'j.iglesias@compo.es', 1),
(6811, 702, 100538, 'F', 'Claudia', 'Campos Romeu', '654102859', 'c.campos@ondulados.com', 1),
(6812, 501, 100538, 'M', 'Jacobo', 'Gómez Vasquez', '615526476', 'j.gomez@ondulados.com', 1),
(6813, 702, 100538, 'F', 'Khadija', 'Barba Buil', '626702785', 'k.barba@ondulados.com', 1),
(6814, 610, 100538, 'M', 'Antolin', 'Suarez Armenteros', '660666757', 'a.suarez@ondulados.com', 1),
(6815, 501, 100539, 'M', 'Adrian', 'García Pineda', '696843418', 'a.garciap@cexvi.com', 1),
(6816, 500, 100539, 'F', 'Angeles', 'Veiga Carlos', '633919199', 'a.veiga@cexvi.com', 1),
(6817, 501, 100539, 'F', 'Neus', 'San Jose Negrete', '634101838', 'n.san@cexvi.com', 1),
(6818, 600, 100539, 'F', 'Adelaida', 'Gómez Borja', '665234832', 'a.gomez@cexvi.com', 0),
(6819, 29, 100540, 'M', 'Yassine', 'Bosch Correia', '655969968', 'y.bosch@taninia.com', 1),
(6820, 500, 100540, 'M', 'Ahmed', 'Diaz Olea', '651148228', 'a.diaz@taninia.com', 1),
(6821, 600, 100540, 'F', 'Manuela', 'Velasco Fuente', '665765165', 'm.velasco@taninia.com', 1),
(6822, 701, 100540, 'F', 'Miriam', 'Gómez Araujo', '655636666', 'miriam.gomez@taninia.com', 1),
(6823, 700, 100541, 'F', 'María Dolores', 'Rodríguez Méndez', '673343961', 'mariadolores.rodriguezmendez@oleyafoods.com', 1),
(6824, 600, 100541, 'F', 'Abril', 'Afonso Mendoza', '670966403', 'a.afonso@oleyafoods.com', 1),
(6825, 61, 100541, 'F', 'Samira', 'Alonso Cayuela', '625583421', 's.alonso@oleyafoods.com', 1),
(6826, 701, 100541, 'M', 'Casimiro', 'Diez Cruzado', '689474842', 'c.diez@oleyafoods.com', 0),
(6827, 701, 100542, 'M', 'Roger', 'Taboada Florit', '627893732', 'r.taboada@prefabricadospujol.com', 1),
(6828, 232, 100542, 'F', 'Silvia', 'Serrano Arjona', '648657448', 'silvia.serranoarjona@prefabricadospujol.com', 1),
(6829, 610, 100542, 'M', 'Antonio', 'Cabrera Villaño', '605704719', 'a.cabrera@prefabricadospujol.com', 1),
(6830, 701, 100542, 'M', 'Juan Manuel', 'Andrade Masso', '638688401', 'j.andrade@prefabricadospujol.com', 1),
(6831, 700, 100543, 'M', 'Airam', 'Gómez De Miguel', '626211374', 'a.gomez@ipe-innovaciones.com', 1),
(6832, 701, 100543, 'M', 'Juan Francisco', 'Méndez Sebastia', '662760764', 'j.mendez@ipe-innovaciones.com', 1),
(6833, 700, 100543, 'M', 'Sebastian', 'Campos Justo', '631286482', 's.campos@ipe-innovaciones.com', 1),
(6834, 601, 100543, 'M', 'Vidal', 'Núñez Callejon', '659334911', 'v.nunez@ipe-innovaciones.com', 1),
(6835, 600, 100544, 'F', 'Maria Olga', 'Prieto Landa', '663142743', 'm.prieto@dncpackaging.com', 0),
(6836, 600, 100544, 'M', 'Mahamadou', 'Torres Andrades', '638209830', 'm.torres@dncpackaging.com', 1),
(6837, 701, 100544, 'M', 'Paolo', 'Molina Leon', '654342861', 'p.molina@dncpackaging.com', 1),
(6838, 702, 100544, 'M', 'José Pablo', 'Gómez Pena', '699511897', 'j.gomez@dncpackaging.com', 1),
(6839, 600, 100545, 'M', 'Iker', 'Molist San Vicente', '624637757', 'iker.molistsanvicente@industriassanz.es', 1),
(6840, 990, 100545, 'M', 'Francisco Alberto', 'Cortes Sastriques', '605557414', 'f.cortes@industriassanz.es', 0),
(6841, 501, 100545, 'M', 'Esteban', 'Iglesias De La Iglesia', '660374667', 'e.iglesias@industriassanz.es', 1),
(6842, 600, 100545, 'M', 'Manuel', 'Ortega Hevia', '619633417', 'm.ortega@industriassanz.es', 1),
(6843, 702, 100546, 'F', 'Daniela', 'Duran Camps', '665487978', 'd.duran@bodegaspaniza.com', 1),
(6844, 500, 100546, 'M', 'Jesús David', 'Ferrer Castella', '683205549', 'j.ferrer@bodegaspaniza.com', 1),
(6845, 601, 100546, 'M', 'Javier Antonio', 'García Sevilla', '688285896', 'j.garcia@bodegaspaniza.com', 1),
(6846, 702, 100546, 'F', 'Sonia', 'Montero Maeso', '607305208', 's.montero@bodegaspaniza.com', 1),
(6847, 700, 100547, 'F', 'Lucia', 'Méndez Vilches', '651836325', 'l.mendez@hicone.com', 1),
(6848, 990, 100547, 'M', 'Joséba', 'Abrante González', '688632184', 'j.abrante@hicone.com', 1),
(6849, 610, 100547, 'F', 'Mónica', 'Olmos Peguero', '630895354', 'monica.olmos@hicone.com', 0),
(6850, 700, 100547, 'M', 'José Ramon', 'García Cervera', '662896719', 'j.garcia@hicone.com', 1),
(6851, 600, 100548, 'M', 'Paulo', 'Hernández Cantarero', '632345236', 'p.hernandez@air-val.com', 1),
(6852, 990, 100548, 'M', 'Jonatan', 'Calvo Verdugo', '687781200', 'j.calvo@air-val.com', 1),
(6853, 701, 100548, 'M', 'Francisco', 'Gil Pose', '620511868', 'f.gil@air-val.com', 1),
(6854, 610, 100548, 'M', 'Kevin', 'Ibáñez Arriaga', '699599817', 'k.ibanez@air-val.com', 1),
(6855, 600, 100549, 'F', 'Daniela', 'Robledano Aguirre', '647460547', 'daniela.robledanoaguirre@rovebloc.com', 1),
(6856, 500, 100549, 'M', 'Anas', 'Cruz Pedraza', '630844651', 'a.cruz@rovebloc.com', 1),
(6857, 36, 100549, 'F', 'Samira', 'Ruiz Benitez', '670793322', 's.ruiz@rovebloc.com', 0),
(6858, 38, 100549, 'F', 'Martina', 'Sordo Sierpe', '620734762', 'martina.sordosierpe@rovebloc.com', 1),
(6859, 990, 100550, 'M', 'James', 'Ahmed Cumplido', '610129587', 'j.ahmed@vigar.com', 1),
(6860, 702, 100550, 'F', 'Ana', 'Lozano Escribano', '670707854', 'ana.lozanoescribano@vigar.com', 1),
(6861, 500, 100550, 'M', 'Ciriaco', 'Morcillo Cardozo', '665769641', 'c.morcillo@vigar.com', 1),
(6862, 601, 100550, 'F', 'Olivia', 'Herrera Medina', '661752103', 'o.herrera@vigar.com', 1),
(6863, 990, 100551, 'F', 'Elvira', 'Carrasco Rios', '694433658', 'e.carrasco@fjsanchez.com', 1),
(6864, 17, 100551, 'M', 'Gorka', 'Aguilar Mohedano', '687144526', 'g.aguilar@fjsanchez.com', 1),
(6865, 600, 100551, 'M', 'Vicente Manuel', 'González San Jose', '608101807', 'v.gonzalez@fjsanchez.com', 1),
(6866, 702, 100551, 'F', 'Miriam', 'Rodriguez Lois', '648536946', 'm.rodriguez@fjsanchez.com', 0),
(6867, 702, 100552, 'M', 'Ariel', 'Valiente Vilella', '636109287', 'a.valiente@eu.sony.com', 1),
(6868, 990, 100552, 'M', 'Francisco Antonio', 'González Jaen', '615465994', 'f.gonzalez@eu.sony.com', 1),
(6869, 701, 100552, 'F', 'June', 'Raventós ', '697756220', 'june.raventos@eu.sony.com', 1),
(6870, 700, 100552, 'F', 'Cristina', 'Gómez Cebrian', '632654421', 'cristina.gomez@eu.sony.com', 1),
(6871, 600, 100553, 'M', 'Jesús', 'Lorenzo Guasch', '695352555', 'j.lorenzo@hotmail.com', 1),
(6872, 34, 100553, 'F', 'Lucía', 'Del Teso', '695289726', 'lucia.delteso@hotmail.com', 1),
(6873, 700, 100553, 'F', 'Andrea', 'Gutiérrez Molina', '627626735', 'andrea.gutierrezmolina@hotmail.com', 1),
(6874, 701, 100553, 'F', 'Sofia', 'García Toledo', '648141812', 's.garcia@hotmail.com', 0),
(6875, 29, 100554, 'M', 'Gorka', 'Mora Mata', '674716800', 'g.mora@santolin.com', 1),
(6876, 600, 100554, 'M', 'Frederic', 'Betancor Andueza', '643684680', 'f.betancor@santolin.com', 1),
(6877, 601, 100554, 'F', 'Luz Maria', 'Cruz Pitarch', '604740464', 'l.cruz@santolin.com', 1),
(6878, 700, 100554, 'M', 'Daniel', 'Rizque Guijarro', '692921888', 'daniel.rizqueguijarro@santolin.com', 1),
(6879, 990, 100555, 'F', 'Tabitha', 'Gili Amengual', '636638995', 'tabitha.gili@etiquetasrascanya.com', 1),
(6880, 600, 100555, 'M', 'Ignacio', 'Pallares Murga', '646208105', 'i.pallares@etiquetasrascanya.com', 1),
(6881, 15, 100555, 'F', 'Diana', 'Ruiz Miguel', '690915544', 'd.ruiz@etiquetasrascanya.com', 1),
(6882, 700, 100555, 'M', 'José Julian', 'Rivero Bachiller', '668974800', 'j.rivero@etiquetasrascanya.com', 1),
(6883, 501, 100556, 'M', 'Urbano', 'Mari Abbas', '620242701', 'u.mari@eurocolchon.es', 0),
(6884, 38, 100556, 'F', 'Florentina', 'Mellado Ion', '671850265', 'f.mellado@eurocolchon.es', 1),
(6885, 50, 100556, 'F', 'Rebeca', 'García Carrera', '675159244', 'r.garcia@eurocolchon.es', 1),
(6886, 500, 100556, 'M', 'Pedro Luis', 'Lozano Agullo', '600199858', 'p.lozano@eurocolchon.es', 1),
(6887, 1, 100557, 'M', 'Aitor', 'Mendez Belinchon', '690462104', 'a.mendez@tesa-cork.com', 1),
(6888, 500, 100557, 'F', 'Ana', 'Castro  Gallegos', '688741400', 'ana.castro@tesa-cork.com', 1),
(6889, 501, 100557, 'M', 'Raúl', 'Jávega Tercero', '671716455', 'raul.javegatercero@tesa-cork.com', 1),
(6890, 501, 100557, 'M', 'Julio Alberto', 'García Ballester', '618109160', 'j.garcia@tesa-cork.com', 1),
(6891, 501, 100558, 'M', 'Adrián', 'Cañigueral Vall Llosera', '617875434', 'adrian.canigueral@moyanosl.com', 0),
(6892, 702, 100558, 'M', 'Samuel', 'Calvo Camacho', '646547483', 's.calvo@moyanosl.com', 1),
(6893, 38, 100558, 'M', 'Carlos', 'Guitart I Masip', '651396422', 'carlos.guitartimasip@moyanosl.com', 1),
(6894, 701, 100558, 'M', 'Bartomeu', 'Rodríguez Ibañez', '601797752', 'b.rodriguez@moyanosl.com', 1),
(6895, 701, 100559, 'F', 'Joaquina', 'Martínez Bustos', '695689346', 'j.martinez@grespania.com', 1),
(6896, 15, 100559, 'M', 'Julian', 'Del Rio Briceño', '699113202', 'j.del@grespania.com', 1),
(6897, 700, 100559, 'F', 'Gemma', 'Santiago Delclaux', '621548927', 'g.santiago@grespania.com', 1),
(6898, 501, 100559, 'M', 'Ildefonso', 'Jiménez Magan', '629798523', 'i.jimenez@grespania.com', 1),
(6899, 702, 100560, 'F', 'Tabitha', 'Fuertes Fernández', '641826141', 'tabitha.fuertes@diprimsa.es', 1),
(6900, 700, 100560, 'M', 'Ilyas', 'González Marin', '672726634', 'i.gonzalez@diprimsa.es', 0),
(6901, 600, 100560, 'M', 'Robert', 'García Muñiz', '620695976', 'r.garcia@diprimsa.es', 1),
(6902, 702, 100560, 'M', 'Jesús Manuel', 'Moreno Malo', '665493504', 'j.moreno@diprimsa.es', 1),
(6903, 990, 100561, 'M', 'Alonso', 'Cabeza Barry', '620570861', 'a.cabeza@onduspan.es', 1),
(6904, 15, 100561, 'M', 'Rachid', 'Gómez Del Valle', '672374612', 'r.gomez@onduspan.es', 1),
(6905, 701, 100561, 'M', 'Gabriel', 'García Villa', '657625429', 'g.garcia@onduspan.es', 1),
(6906, 701, 100561, 'M', 'Antonio', 'Serra', '607143971', 'antonio.serra@onduspan.es', 1),
(6907, 600, 100562, 'F', 'Paloma', 'Román Morente', '648936267', 'p.roman@ferubal.com', 1),
(6908, 990, 100562, 'F', 'Alba', 'López Ibor Alcocer', '649978438', 'alba.lopez@ferubal.com', 0),
(6909, 702, 100562, 'M', 'Pedro', 'Gil Macias', '692828596', 'p.gil@ferubal.com', 1),
(6910, 702, 100562, 'F', 'Alba', 'García Cobos', '604343393', 'a.garciacobos@ferubal.com', 1),
(6911, 14, 100563, 'F', 'Delia', 'Guerrero Rubio', '620897121', 'd.guerrero@byg.com', 1),
(6912, 500, 100563, 'M', 'Farid', 'Hidalgo Ugarte', '691596764', 'f.hidalgo@byg.com', 1),
(6913, 501, 100563, 'F', 'Noa', 'Vicente Couto', '628388362', 'n.vicente@byg.com', 1),
(6914, 601, 100563, 'M', 'Francisco Javier', 'León Aguado', '604348915', 'f.leon@byg.com', 1),
(6915, 701, 100564, 'M', 'Manuel', 'Palma García', '630379877', 'manuel.palmagarcia@fym.es', 1),
(6916, 500, 100564, 'F', 'Ana Maria', 'Quintero Naya', '645244847', 'a.quintero@fym.es', 1),
(6917, 700, 100564, 'M', 'Daniel', 'Duran  Miro', '605692360', 'daniel.duran@fym.es', 0),
(6918, 702, 100564, 'M', 'Moises', 'González Del Pino', '681228350', 'm.gonzalez@fym.es', 1),
(6919, 702, 100565, 'F', 'Ana Maria', 'Gómez Paniagua', '669557469', 'a.gomez@tolecatalana.com', 1),
(6920, 600, 100565, 'M', 'Youssef', 'Martínez Lage', '649507809', 'y.martinez@tolecatalana.com', 1),
(6921, 700, 100565, 'M', 'Álvaro', 'Sobrino Gañan', '637957591', 'alvaro.sobrino@tolecatalana.com', 1),
(6922, 702, 100565, 'M', 'Adrian', 'Marín Isla', '637621780', 'a.marin@tolecatalana.com', 1),
(6923, 700, 100566, 'M', 'Francisco', 'Fuertes Fernández', '683687462', 'francisco.fuertes@arzuaganavarro.com', 1),
(6924, 700, 100566, 'F', 'Martina', 'Ruiz Martinez', '635472446', 'martina.ruizmartinez@arzuaganavarro.com', 1),
(6925, 601, 100566, 'F', 'Joséfina', 'García Falcon', '639650593', 'j.garcia@arzuaganavarro.com', 1),
(6926, 701, 100566, 'M', 'Joel', 'Ruiz Blanch', '661659284', 'j.ruiz@arzuaganavarro.com', 0),
(6927, 701, 100567, 'M', 'David', 'Vidondo Ilincheta', '667187585', 'david.vidondoilincheta@mobliberica.com', 1),
(6928, 501, 100567, 'F', 'Maria Carme', 'Vega Pages', '690332864', 'm.vega@mobliberica.com', 1),
(6929, 600, 100567, 'M', 'Félix', 'Ibáñez Muro', '676940613', 'f.ibanez@mobliberica.com', 1),
(6930, 610, 100567, 'M', 'Jon Ander', 'Fuentes Daza', '606776632', 'j.fuentes@mobliberica.com', 1),
(6931, 702, 100568, 'M', 'Sergio', 'Oliva Molina', '697398340', 'sergio.olivamolina@dcoop.es', 1),
(6932, 500, 100568, 'M', 'Anxo', 'Santiago Calzado', '672508285', 'a.santiago@dcoop.es', 1),
(6933, 701, 100568, 'M', 'Rafael Jesús', 'Cantero Beato', '625914871', 'r.cantero@dcoop.es', 1),
(6934, 701, 100568, 'M', 'Ricardo', 'Prieto Bernabe', '614464126', 'r.prieto@dcoop.es', 0),
(6935, 1, 100569, 'M', 'Alberto', 'Carretero Palomero', '697811975', 'a.carretero@vinicolareal.com', 1),
(6936, 1, 100569, 'M', 'David José', 'Vicente Trigueros', '671552179', 'd.vicente@vinicolareal.com', 1),
(6937, 600, 100569, 'M', 'Martin', 'Rojo Mata', '683631325', 'martin.rojo@vinicolareal.com', 1),
(6938, 700, 100569, 'M', 'Borja', 'Roldan Santin', '682210536', 'b.roldan@vinicolareal.com', 1),
(6939, 44, 100570, 'F', 'María Teresa', 'Lopez Dominguez', '670799885', 'mariateresa.lopezdominguez@dmg.es', 1),
(6940, 610, 100570, 'M', 'Hamza', 'García Barba', '687721906', 'h.garcia@dmg.es', 1),
(6941, 701, 100570, 'M', 'Emili', 'Cano Arango', '629116881', 'e.cano@dmg.es', 1),
(6942, 702, 100570, 'M', 'Daniel Jesús', 'Peña Carbo', '675207528', 'd.pena@dmg.es', 1),
(6943, 600, 100571, 'F', 'Eva', 'Pastor Santana', '677306184', 'e.pastor@cabelte.pt', 0),
(6944, 36, 100571, 'M', 'Antonio Juan', 'Ortega Diez', '627824590', 'a.ortega@cabelte.pt', 1),
(6945, 51, 100571, 'F', 'María Carmen', 'Gomara Millan', '666865695', 'mariacarmen.gomara@cabelte.pt', 1),
(6946, 601, 100571, 'M', 'Volodymyr', 'González Campillo', '651650928', 'v.gonzalez@cabelte.pt', 1),
(6947, 25, 100572, 'F', 'Elena', 'Mateo Salcedo', '617674342', 'elena.mateosalcedo@conservasemilia.com', 1),
(6948, 29, 100572, 'M', 'Levi', 'Cantalapiedra Gonzalez', '640949664', 'levi.cantalapiedra@conservasemilia.com', 1),
(6949, 610, 100572, 'F', 'Silvia', 'Hernández  Cantarero', '643782981', 'silvia.hernandez@conservasemilia.com', 1),
(6950, 700, 100572, 'M', 'Eugenio', 'Aguilar Pellicer', '634568954', 'e.aguilar@conservasemilia.com', 1),
(6951, 500, 100573, 'F', 'Ana María', 'Trigueros González', '631758304', 'anamaria.trigueros@reverplas.com', 0),
(6952, 25, 100573, 'M', 'Adrián', 'Redin Itoiz', '617758792', 'adrian.redin@reverplas.com', 1),
(6953, 500, 100573, 'M', 'Yone', 'Montó Ferrer', '675723940', 'yone.monto@reverplas.com', 1),
(6954, 702, 100573, 'M', 'Reinaldo', 'García Ojeda', '646132152', 'r.garcia@reverplas.com', 1),
(6955, 1, 100574, 'M', 'Jesús', 'Escalas Gili', '693689110', 'jesus.escalas@trh-es.com', 1),
(6956, 702, 100574, 'M', 'Timoteo', 'Gómez Rosado', '660832622', 't.gomez@trh-es.com', 1),
(6957, 701, 100574, 'M', 'Marc', 'Jiménez Lema', '604727884', 'm.jimenez@trh-es.com', 1),
(6958, 702, 100574, 'M', 'Santos', 'Gil Ros', '671478213', 's.gil@trh-es.com', 1),
(6959, 501, 100575, 'F', 'Andrea', 'Gallego Rama', '623470490', 'a.gallego@macresac.com', 1),
(6960, 610, 100575, 'M', 'Antonino', 'García Andreu', '623493524', 'a.garcia@macresac.com', 0),
(6961, 610, 100575, 'M', 'Mauricio', 'López Gilabert', '679478179', 'm.lopez@macresac.com', 1),
(6962, 610, 100575, 'M', 'José Domingo', 'Gallardo Teruel', '670827614', 'j.gallardo@macresac.com', 1),
(6963, 990, 100576, 'M', 'Juan Carlos', 'Reyes Betancor', '667967180', 'j.reyes@manipuladoslisma.com', 1),
(6964, 990, 100576, 'F', 'Carmen Maria', 'Moreno Cacho', '617396510', 'c.moreno@manipuladoslisma.com', 1),
(6965, 601, 100576, 'M', 'Manuel', 'Rosas Berlanga', '627950404', 'manuel.rosasberlanga@manipuladoslisma.com', 1),
(6966, 702, 100576, 'M', 'Milo', 'Castilla Hamed', '679658452', 'milo.castilla@manipuladoslisma.com', 1),
(6967, 600, 100577, 'F', 'Maria Pilar', 'Sáez Escalona', '674546691', 'm.saez@mtg.es', 1),
(6968, 600, 100577, 'M', 'José Francisco', 'Pérez Taboada', '612936475', 'j.perez@mtg.es', 0),
(6969, 700, 100577, 'M', 'Uriel', 'Rosa Regidor', '643307428', 'u.rosa@mtg.es', 1),
(6970, 701, 100577, 'M', 'Juan Felipe', 'Sanz Toledano', '643752296', 'j.sanz@mtg.es', 1),
(6971, 501, 100578, 'F', 'Noa', 'Agenjo Bosch', '670577728', 'noa.agenjobosch@atusa.es', 1),
(6972, 990, 100578, 'M', 'Agustin', 'Morales Alsina', '614540653', 'a.morales@atusa.es', 1),
(6973, 25, 100578, 'F', 'Carla', 'Orge Miguez', '634972929', 'carla.orgemiguez@atusa.es', 1),
(6974, 500, 100578, 'M', 'Angel Jesús', 'Mora Briones', '626106638', 'a.mora@atusa.es', 1),
(6975, 600, 100579, 'F', 'María Ángeles', 'Álvarez Espinosa', '641392939', 'mariaangeles.alvarezespinosa@soldearchena.com', 1),
(6976, 600, 100579, 'F', 'Soledad', 'Cabrera Granda', '656272832', 's.cabrera@soldearchena.com', 1),
(6977, 601, 100579, 'M', 'Evaristo', 'Diaz Navarro', '621945777', 'e.diaz@soldearchena.com', 0),
(6978, 702, 100579, 'M', 'Miguel Angel', 'Parra Leyva', '691342322', 'm.parra@soldearchena.com', 1),
(6979, 25, 100580, 'M', 'Redouane', 'Gómez Espejo', '661603118', 'r.gomez@herma.es', 1),
(6980, 600, 100580, 'F', 'Maria Natividad', 'Gómez Paez', '652574559', 'm.gomez@herma.es', 1),
(6981, 700, 100580, 'M', 'Alejandro', 'Aranda Moreno', '685251850', 'alejandro.arandamoreno@herma.es', 1),
(6982, 702, 100580, 'F', 'Laura', 'García Salinas', '610895891', 'laura.garcia@herma.es', 1),
(6983, 500, 100581, 'M', 'Carlos Daniel', 'Méndez Amigo', '611932290', 'c.mendez@sodeca.com', 1),
(6984, 501, 100581, 'F', 'Ana', 'Castillo Gaspar', '667283544', 'a.castillo@sodeca.com', 1),
(6985, 1, 100581, 'F', 'Claudia', 'Jiménez Monzo', '609991328', 'c.jimenez@sodeca.com', 0),
(6986, 500, 100581, 'F', 'Natividad', 'Mohamed Bascuñana', '671689865', 'n.mohamed@sodeca.com', 1),
(6987, 990, 100582, 'F', 'Maria Natividad', 'Fuentes Canto', '678979421', 'm.fuentes@reineta.es', 1),
(6988, 500, 100582, 'M', 'Giovanni', 'Vicente Florez', '666423523', 'g.vicente@reineta.es', 1),
(6989, 500, 100582, 'F', 'Tessa', 'De La Fuente Armesto', '651680874', 'tessa.dalafuente@reineta.es', 1),
(6990, 600, 100582, 'F', 'Catalina', 'Muñoz Parraga', '602825940', 'c.munoz@reineta.es', 1),
(6991, 28, 100583, 'F', 'Amina', 'González Perales', '643103158', 'a.gonzalez@clinicalnutrition.es', 1),
(6992, 701, 100583, 'M', 'Luis Jesús', 'Román Radu', '671319843', 'l.roman@clinicalnutrition.es', 1),
(6993, 53, 100583, 'F', 'Maria Consuelo', 'Serrano Carnicero', '678476309', 'm.serrano@clinicalnutrition.es', 1),
(6994, 700, 100583, 'M', 'Alejandro', 'Sáez  Negrin', '668940122', 'alejandro.saez@clinicalnutrition.es', 1),
(6995, 700, 100584, 'M', 'Alfredo', 'García Valenzuela', '660329991', 'a.garciav@giro.es', 1),
(6996, 701, 100584, 'F', 'Marta', 'Díaz García', '610633172', 'marta.diazgarcia@giro.es', 0),
(6997, 14, 100584, 'F', 'Marta', 'Forné Pepiol', '623609429', 'marta.fornepepiol@giro.es', 1),
(6998, 610, 100584, 'M', 'Mariano', 'Cano Barrachina', '625756761', 'm.cano@giro.es', 1),
(6999, 702, 100585, 'M', 'Óscar', 'Antoniazzi ', '652841882', 'oscar.antoniazzi@gmail.com', 1),
(7000, 1, 100585, 'F', 'Maria Pilar', 'Sánchez Alberdi', '696534583', 'm.sanchez@gmail.com', 1),
(7001, 600, 100585, 'M', 'Paulino', 'Suarez Gual', '623673568', 'p.suarez@gmail.com', 1),
(7002, 701, 100585, 'M', 'Julio', 'Muñoz Rayo', '601178117', 'j.munoz@gmail.com', 1),
(7003, 701, 100586, 'M', 'Miguel', 'Pérez Marín', '650830444', 'miguel.perez@gerio.com', 1),
(7004, 700, 100586, 'F', 'Teonila', 'De Jesús Coelho', '688913405', 'teonila.dejesus@gerio.com', 1),
(7005, 501, 100586, 'F', 'Rosa', 'Ortiz Arques', '609185803', 'r.ortiz@gerio.com', 0),
(7006, 701, 100586, 'M', 'Adrián', 'Jimenez Gómez', '636357480', 'adrian.jimenezgomez@gerio.com', 1),
(7007, 500, 100587, 'M', 'Diego', 'Valera Moya', '642684979', 'diego.valera@superceramica.com', 1),
(7008, 600, 100587, 'M', 'Alejandro', 'Casas Breva', '670527144', 'alejandro.casasbreva@superceramica.com', 1),
(7009, 600, 100587, 'M', 'Antonio', 'Catalan Vaño', '648688287', 'a.catalan@superceramica.com', 1),
(7010, 700, 100587, 'M', 'José Alfredo', 'Molina Varas', '640492787', 'j.molina@superceramica.com', 1),
(7011, 500, 100588, 'M', 'Pedro Enrique', 'Giménez Pulido', '664574916', 'p.gimenez@nortpalet.com', 1),
(7012, 320, 100588, 'M', 'Catalin', 'Molina Gamiz', '688884693', 'c.molina@nortpalet.com', 1),
(7013, 700, 100588, 'M', 'Pedro Juan', 'García Egea', '649853731', 'p.garcia@nortpalet.com', 0),
(7014, 702, 100588, 'M', 'Fernando', 'Prieto Ezquerra', '657951291', 'f.prieto@nortpalet.com', 1),
(7015, 501, 100589, 'M', 'Marc', 'Picanyol Roig', '660161985', 'marc.picanyolroig@ibpgroup.com', 1),
(7016, 702, 100589, 'M', 'Florentino', 'Llamas Repiso', '641824533', 'f.llamas@ibpgroup.com', 1),
(7017, 610, 100589, 'M', 'Antonio', 'Gallego Valero', '623708568', 'a.gallego@ibpgroup.com', 1),
(7018, 700, 100589, 'M', 'Samuel', 'Moro Monleon', '629425278', 's.moro@ibpgroup.com', 1),
(7019, 600, 100590, 'M', 'Esteban', 'Herrero Centeno', '628463930', 'e.herrero@otis.com', 1),
(7020, 702, 100590, 'F', 'Fabiola', 'Ortiz Elizalde', '630898614', 'f.ortiz@otis.com', 1),
(7021, 500, 100590, 'M', 'Pablo', 'Torri', '699568846', 'pablo.torri@otis.com', 1),
(7022, 702, 100590, 'M', 'Josép Oriol', 'Mora Mulero', '696721126', 'j.mora@otis.com', 0),
(7023, 600, 100591, 'F', 'Maria Desamparados', 'Crespo Cordova', '640922289', 'm.crespo@confalon.com', 1),
(7024, 701, 100591, 'M', 'Miguel', 'Gómez Orozco', '676593556', 'm.gomez@confalon.com', 1),
(7025, 501, 100591, 'M', 'Juan Antonio', 'Flores Raya', '625369141', 'j.flores@confalon.com', 1),
(7026, 701, 100591, 'M', 'Mateo', 'Cabrera  Villaño', '643696439', 'mateo.cabrera@confalon.com', 1),
(7027, 990, 100592, 'F', 'Lorena', 'García Velez', '680326677', 'l.garcia@anvisa.com', 1),
(7028, 501, 100592, 'F', 'María José', 'Solans Guinea', '661869758', 'mariajose.solansguinea@anvisa.com', 1),
(7029, 702, 100592, 'M', 'José Javier', 'Rubio Montesdeoca', '674534137', 'j.rubio@anvisa.com', 1),
(7030, 702, 100592, 'M', 'Angel Manuel', 'Lorenzo Carracedo', '607644622', 'a.lorenzo@anvisa.com', 0),
(7031, 500, 100593, 'M', 'David', 'Escribano Muñoz', '673617787', 'david.escribanomunoz@leopardo.net', 1),
(7032, 990, 100593, 'F', 'Marta', 'Pavese', '608980423', 'marta.pavese@leopardo.net', 1),
(7033, 990, 100593, 'M', 'Victor José', 'García Porras', '692115696', 'v.garcia@leopardo.net', 1),
(7034, 701, 100593, 'M', 'Ekain', 'Núñez Vicario', '693505530', 'e.nunez@leopardo.net', 1),
(7035, 500, 100594, 'M', 'Antonio', 'Iglesias Soria', '627239713', 'a.iglesias@luiscapdevila.es', 1),
(7036, 600, 100594, 'M', 'Josép Antoni', 'Álvarez Lahoz', '633947391', 'j.alvarez@luiscapdevila.es', 1),
(7037, 700, 100594, 'F', 'Maria Elena', 'Santana Elorza', '643971984', 'm.santana@luiscapdevila.es', 1),
(7038, 700, 100594, 'M', 'Javier', 'Vargas Martinez', '642376814', 'javier.vargasmartinez@luiscapdevila.es', 1),
(7039, 1, 100595, 'F', 'Zoe', 'Herrera Menor', '643433992', 'z.herrera@rclemente.net', 0),
(7040, 700, 100595, 'F', 'Sonia', 'Chavez Folgado', '683493831', 's.chavez@rclemente.net', 1),
(7041, 500, 100595, 'M', 'Jorge', 'Avila Grajales', '628305491', 'jorge.avilagrajales@rclemente.net', 1),
(7042, 702, 100595, 'F', 'Marta', 'García Rodriguez', '621762906', 'marta.garciarodriguez@rclemente.net', 1),
(7043, 1, 100596, 'F', 'Sonia', 'Goma Llado', '697608563', 'sonia.goma@modularls34.com', 1),
(7044, 700, 100596, 'F', 'Carmen', 'Soto Fleitas', '644686334', 'c.soto@modularls34.com', 1),
(7045, 500, 100596, 'F', 'Concepcion', 'Espejo Henares', '602608318', 'c.espejo@modularls34.com', 1),
(7046, 702, 100596, 'M', 'Angel', 'López Fresneda', '642841322', 'a.lopez@modularls34.com', 1),
(7047, 500, 100597, 'F', 'Maria Antonia', 'Navarro Cejudo', '655299533', 'm.navarro@licorsjane.com', 0),
(7048, 501, 100597, 'M', 'Angel Francisco', 'Prieto Santamaria', '685644762', 'a.prieto@licorsjane.com', 1),
(7049, 601, 100597, 'F', 'Isabel', 'Reyes Monzon', '676367384', 'i.reyes@licorsjane.com', 1),
(7050, 610, 100597, 'M', 'Joel', 'Martin Corbalan', '620392919', 'j.martin@licorsjane.com', 1),
(7051, 501, 100598, 'F', 'Maria Victoria', 'Gutiérrez Sanz', '639623210', 'm.gutierrez@cristalceramicas.com', 1),
(7052, 610, 100598, 'F', 'Natalia', 'Parra Belenguer', '653765444', 'n.parra@cristalceramicas.com', 1),
(7053, 701, 100598, 'F', 'Sandra', 'Hernández  Sainz Rozas', '610724661', 'sandra.hernandez@cristalceramicas.com', 1),
(7054, 702, 100598, 'M', 'Jesús Miguel', 'Núñez Benavides', '659210167', 'j.nunez@cristalceramicas.com', 1),
(7055, 700, 100599, 'M', 'Luis Miguel', 'Suarez Cervantes', '653135787', 'l.suarez@pinord.com', 1),
(7056, 701, 100599, 'F', 'Arlene', 'Bougrain ', '664787570', 'arlene.bougrain@pinord.com', 0),
(7057, 610, 100599, 'M', 'José Ramon', 'Velasco Carbajo', '686133460', 'j.velasco@pinord.com', 1),
(7058, 700, 100599, 'F', 'Irene', 'Aragón Barragán', '669376478', 'irene.aragonbarragan@pinord.com', 1),
(7059, 702, 100600, 'M', 'Gabriel', 'Cuadrado Tejerina', '667886376', 'g.cuadrado@givaudan.com', 1),
(7060, 68, 100600, 'M', 'Miguel', 'Castelló', '665932723', 'miguel.castello@givaudan.com', 1),
(7061, 600, 100600, 'F', 'Maria Elena', 'Afonso Repetto', '663852226', 'm.afonso@givaudan.com', 1),
(7062, 701, 100600, 'M', 'Perfecto', 'Cano Arroyo', '661677950', 'p.cano@givaudan.com', 1),
(7063, 702, 100601, 'M', 'Cristian', 'Serrano De La Fuente', '653720470', 'c.serrano@ingeperfil.com', 1),
(7064, 600, 100601, 'M', 'Alessio', 'Fernandez Gómez', '643616398', 'alessio.fernandez@ingeperfil.com', 0),
(7065, 990, 100601, 'M', 'Jorge', 'Torres Velarde', '618582946', 'j.torres@ingeperfil.com', 1),
(7066, 43, 100601, 'M', 'Francisco', 'Pascual Adan', '616537791', 'f.pascual@ingeperfil.com', 1),
(7067, 15, 100602, 'M', 'Nabil', 'Vicente Armero', '624666173', 'n.vicente@bjc.es', 1),
(7068, 700, 100602, 'M', 'Borja', 'Cortes Martorell', '637879794', 'b.cortes@bjc.es', 1),
(7069, 601, 100602, 'M', 'El Mostafa', 'Diaz Guardia', '681343854', 'e.diaz@bjc.es', 1),
(7070, 701, 100602, 'F', 'Nora', 'Diez Otero', '670816524', 'n.diez@bjc.es', 1),
(7071, 990, 100603, 'M', 'Gael', 'García Cid', '626740344', 'g.garcia@vinigalicia.es', 1),
(7072, 702, 100603, 'M', 'Cesar', 'Álvarez Gongora', '637907665', 'c.alvarez@vinigalicia.es', 1),
(7073, 701, 100603, 'M', 'Álvaro', 'Perez Panadero', '641753731', 'alvaro.perez@vinigalicia.es', 1),
(7074, 702, 100603, 'M', 'Jesús Javier', 'Pinto Escoda', '633284932', 'j.pinto@vinigalicia.es', 1),
(7075, 600, 100604, 'F', 'Lavinia', 'Fuertes Fernández', '617961777', 'lavinia.fuertes@lasanadas.es', 0),
(7076, 25, 100604, 'M', 'Francisco Juan', 'Herrero Sanjurjo', '601356835', 'f.herrero@lasanadas.es', 1),
(7077, 25, 100604, 'F', 'Noemi', 'Núñez Laconcha', '675277240', 'n.nunez@lasanadas.es', 1),
(7078, 501, 100604, 'M', 'Romeo', 'Méndez Acosta', '604100740', 'r.mendez@lasanadas.es', 1),
(7079, 990, 100605, 'M', 'Oumar', 'Soto Barbera', '603488856', 'o.soto@comapa2001.com', 1),
(7080, 600, 100605, 'M', 'Mario', 'Ortega Briz', '684923179', 'mario.ortega@comapa2001.com', 1),
(7081, 701, 100605, 'F', 'Rosalia', 'García Olivares', '686826553', 'r.garcia@comapa2001.com', 1),
(7082, 702, 100605, 'M', 'Petru', 'Martínez Herrera', '679446987', 'p.martinez@comapa2001.com', 1),
(7083, 15, 100606, 'F', 'Irene', 'Sanz Piera', '654969701', 'i.sanz@ercon.com.es', 1),
(7084, 601, 100606, 'F', 'Montserrat', 'Marín Panadero', '685277564', 'm.marin@ercon.com.es', 0),
(7085, 610, 100606, 'F', 'Leire', 'Gómez Sotelo', '689861976', 'l.gomez@ercon.com.es', 1),
(7086, 701, 100606, 'M', 'Jorge', 'Duran Canal', '652756785', 'j.duran@ercon.com.es', 1),
(7087, 701, 100607, 'F', 'Sandra', 'Solans Serrano', '661143533', 'sandra.solansserrano@packservice.es', 1),
(7088, 15, 100607, 'M', 'Alex', 'Gutiérrez Serrat', '686730535', 'a.gutierrez@packservice.es', 1),
(7089, 600, 100607, 'M', 'Carles', 'Martínez Amaro', '647434688', 'c.martinez@packservice.es', 1),
(7090, 700, 100607, 'F', 'Beatriz', 'Sánchez Khan', '664198590', 'b.sanchez@packservice.es', 1),
(7091, 501, 100608, 'F', 'María Ángeles', 'Rodríguez De Rivera', '607800438', 'mariaangeles.rodriguez@yahoo.es', 1),
(7092, 1, 100608, 'M', 'Luis Angel', 'Gutiérrez Berrocal', '676813231', 'l.gutierrez@yahoo.es', 0),
(7093, 601, 100608, 'M', 'José Manuel', 'Olivencia Gonzalez', '698577210', 'josemanuel.olivencia@yahoo.es', 1),
(7094, 610, 100608, 'M', 'Serafin', 'Navarro Algaba', '614608540', 's.navarro@yahoo.es', 1),
(7095, 990, 100609, 'F', 'Almudena', 'Pérez Lora', '601136709', 'a.perez@ceramica-lapaloma.es', 1),
(7096, 601, 100609, 'M', 'Soufian', 'Ramírez Arnau', '636298931', 's.ramirez@ceramica-lapaloma.es', 1),
(7097, 700, 100609, 'F', 'Maria Pilar', 'Giménez Palacin', '675894364', 'm.gimenez@ceramica-lapaloma.es', 1),
(7098, 701, 100609, 'M', 'Pablo', 'Gutierrez Pérez', '606681745', 'pablo.gutierrezperez@ceramica-lapaloma.es', 1),
(7099, 702, 100610, 'M', 'German', 'Vega Camino', '606103585', 'g.vega@wincor-nixdorf.com', 1),
(7100, 700, 100610, 'F', 'Rocío', 'Leconte', '622518753', 'rocio.leconte@wincor-nixdorf.com', 1),
(7101, 990, 100610, 'F', 'Patricia', 'Juarez De Gracia', '666911431', 'p.juarez@wincor-nixdorf.com', 0),
(7102, 702, 100610, 'M', 'Hector', 'Marín Qiu', '650863743', 'h.marin@wincor-nixdorf.com', 1),
(7103, 702, 100611, 'M', 'Sergio', 'Caballero Lopera', '691178252', 's.caballero@sena-sa.com', 1),
(7104, 501, 100611, 'M', 'Jesús', 'Madrid Ferreres', '668644975', 'j.madrid@sena-sa.com', 1),
(7105, 701, 100611, 'M', 'Artur', 'León Portilla', '655596312', 'a.leon@sena-sa.com', 1),
(7106, 702, 100611, 'F', 'Lida', 'Toro Villarrubia', '644873465', 'lida.toro@sena-sa.com', 1),
(7107, 58, 100612, 'M', 'Alberto', 'Calvo', '612116634', 'alberto.calvo@termopack.es', 1),
(7108, 501, 100612, 'M', 'Rodrigo', 'Castillo Vigo', '650239419', 'r.castillo@termopack.es', 1),
(7109, 700, 100612, 'M', 'Manuel', 'Gómez Fraile', '627885332', 'manuel.gomez@termopack.es', 0),
(7110, 702, 100612, 'M', 'Alessio', 'Nadal Rentero', '639786270', 'alessio.nadal@termopack.es', 1),
(7111, 701, 100613, 'F', 'Isabel', 'Alcalde Lao', '610482664', 'i.alcalde@laislena.com', 1),
(7112, 500, 100613, 'F', 'Maria Magdalena', 'Ramos Henriquez', '630218406', 'm.ramos@laislena.com', 1),
(7113, 700, 100613, 'M', 'José Vicente', 'García Barragan', '657858116', 'j.garcia@laislena.com', 1),
(7114, 702, 100613, 'M', 'Delfin', 'Diaz Callejas', '619148746', 'd.diaz@laislena.com', 1),
(7115, 1, 100614, 'M', 'Luis Alberto', 'Velasco Gonzalez De Chavez', '675151354', 'l.velasco@ceramicasmira.com', 1),
(7116, 600, 100614, 'M', 'Inocencio', 'Santiago Nieves', '600719353', 'i.santiago@ceramicasmira.com', 1),
(7117, 501, 100614, 'M', 'Alfredo', 'Gimeno Rouco', '649332344', 'a.gimeno@ceramicasmira.com', 1),
(7118, 701, 100614, 'M', 'Benito', 'Bolaños Paz', '677412663', 'b.bolanos@ceramicasmira.com', 0),
(7119, 58, 100615, 'F', 'Raquel', 'Amén Cerdá', '615707226', 'raquel.amencerda@bolsaplast-astur.com', 1),
(7120, 501, 100615, 'F', 'Vida', 'Pujol Bañuls', '650955460', 'vida.pujol@bolsaplast-astur.com', 1),
(7121, 610, 100615, 'M', 'Santiago', 'Giménez Juez', '672642103', 's.gimenez@bolsaplast-astur.com', 1),
(7122, 700, 100615, 'M', 'Alvaro José', 'Ortega Buzon', '656495499', 'a.ortega@bolsaplast-astur.com', 1),
(7123, 600, 100616, 'M', 'Joaquin José', 'Cabrera Ruz', '699125375', 'j.cabrera@dulma.es', 1),
(7124, 700, 100616, 'M', 'Oliver', 'Carrasco Monroy', '610108574', 'o.carrasco@dulma.es', 1),
(7125, 500, 100616, 'M', 'Carlos Antonio', 'Del Castillo Valderas', '660349237', 'c.del@dulma.es', 1),
(7126, 500, 100616, 'F', 'Maria Jesús', 'González Carreras', '694348319', 'm.gonzalez@dulma.es', 0),
(7127, 500, 100617, 'M', 'Izan', 'Ramírez Puerta', '672436457', 'i.ramirez@bodegasdelmedievo.com', 1),
(7128, 28, 100617, 'F', 'Maria Teresa', 'Dorado Yubero', '667668937', 'm.dorado@bodegasdelmedievo.com', 1),
(7129, 702, 100617, 'F', 'Aranzazu', 'Vergara Quijano', '603409805', 'a.vergara@bodegasdelmedievo.com', 1),
(7130, 702, 100617, 'M', 'Antonio David', 'Ibañez Zhao', '664314744', 'a.ibanez@bodegasdelmedievo.com', 1),
(7131, 990, 100618, 'F', 'Paula', 'Guillén León', '632715433', 'paula.guillen@jpselecta.es', 1),
(7132, 1, 100618, 'F', 'Maria Yolanda', 'Serrano Goñez', '640153316', 'm.serrano@jpselecta.es', 1),
(7133, 25, 100618, 'M', 'Fausto', 'Calvo Rodenas', '634491575', 'f.calvo@jpselecta.es', 1),
(7134, 601, 100618, 'M', 'Demian', 'Galan Belles', '643800286', 'demian.galan@jpselecta.es', 1),
(7135, 1, 100619, 'M', 'Jorge Antonio', 'Benítez Badia', '658908534', 'j.benitez@grupoconsorcio.es', 0),
(7136, 701, 100619, 'F', 'Raquel', 'Moragrega Escartín', '621823801', 'raquel.moragregaescartin@grupoconsorcio.es', 1),
(7137, 500, 100619, 'M', 'Telmo', 'Hidalgo Etxebarria', '679130527', 't.hidalgo@grupoconsorcio.es', 1),
(7138, 700, 100619, 'M', 'Sergey', 'Bravo Cuadriello', '674173105', 's.bravo@grupoconsorcio.es', 1),
(7139, 500, 100620, 'M', 'Francisco Rafael', 'Prieto Escalera', '689250875', 'f.prieto@asebal.com', 1),
(7140, 28, 100620, 'F', 'Francisca', 'Aleman Molino', '647509767', 'f.aleman@asebal.com', 1),
(7141, 500, 100620, 'M', 'Rafael Antonio', 'Soto Gonzalvez', '667956837', 'r.soto@asebal.com', 1),
(7142, 610, 100620, 'F', 'Emma', 'Batista Raventos', '691463400', 'e.batista@asebal.com', 1),
(7143, 700, 100621, 'M', 'Eric', 'Flores Barrera', '636146604', 'e.flores@euronit.es', 0),
(7144, 501, 100621, 'M', 'Cosme', 'Peña Pascual', '616926773', 'c.pena@euronit.es', 1),
(7145, 700, 100621, 'M', 'Rayan', 'Gómez Llorens', '690357991', 'r.gomez@euronit.es', 1),
(7146, 701, 100621, 'M', 'Santiago', 'Rojas Viña', '678939577', 's.rojas@euronit.es', 1),
(7147, 701, 100622, 'M', 'Josép', 'Campos Goicoechea', '608287290', 'j.campos@pasisa.es', 1),
(7148, 702, 100622, 'M', 'Jorge Manuel', 'Suarez De La Vega', '666226703', 'j.suarez@pasisa.es', 1),
(7149, 500, 100622, 'F', 'Marina', 'Reyes Matamoros', '618180242', 'm.reyes@pasisa.es', 1),
(7150, 700, 100622, 'M', 'Ernesto', 'Santos Boada', '679577565', 'e.santos@pasisa.es', 1),
(7151, 600, 100623, 'M', 'Víctor', 'Muñoz Romero', '675399625', 'victor.munozromero@cointra.es', 1),
(7152, 500, 100623, 'M', 'Alejandro', 'Agudo Abdelkader', '668833729', 'a.agudo@cointra.es', 1),
(7153, 701, 100623, 'M', 'Rafael', 'García Cabezas', '663426939', 'r.garcia@cointra.es', 1),
(7154, 702, 100623, 'M', 'Vicente', 'Román Xia', '692834647', 'v.roman@cointra.es', 1),
(7155, 1, 100624, 'M', 'Alberto José', 'Nieto Quilez', '666614584', 'a.nieto@alfrio.es', 1),
(7156, 600, 100624, 'M', 'Manuel Maria', 'Rubio Seco', '672151584', 'm.rubio@alfrio.es', 0),
(7157, 701, 100624, 'M', 'Lucas', 'Montesino Borrego', '636341391', 'lucas.montesinoborrego@alfrio.es', 1),
(7158, 702, 100624, 'F', 'Carla', 'Gómez Osorio', '617681715', 'carla.gomez@alfrio.es', 1),
(7159, 501, 100625, 'F', 'Maria Rosario', 'Bonilla Cores', '630125616', 'm.bonilla@konecranes.com', 1),
(7160, 610, 100625, 'M', 'Jorge', 'Castillo Ruiz De Aguirre', '638580198', 'j.castillo@konecranes.com', 1),
(7161, 700, 100625, 'F', 'Ana Cristina', 'Reyes Teixido', '639675356', 'a.reyes@konecranes.com', 1),
(7162, 701, 100625, 'M', 'Alejandro Jesús', 'Pareja Muresan', '659810158', 'a.pareja@konecranes.com', 1),
(7163, 1, 100626, 'M', 'Miguel', 'Luque Moragues', '674338516', 'm.luque@tunstall.es', 1),
(7164, 610, 100626, 'M', 'José Angel', 'Carmona Cerrato', '660390612', 'j.carmona@tunstall.es', 1),
(7165, 700, 100626, 'M', 'Nikolay', 'Moya Carrascosa', '604518468', 'n.moya@tunstall.es', 0),
(7166, 700, 100626, 'F', 'Ines', 'Ramos De Dios', '642464295', 'i.ramos@tunstall.es', 1),
(7167, 702, 100627, 'M', 'Felipe', 'Campos Arenga', '670623474', 'f.campos@agrozumos.com', 1),
(7168, 500, 100627, 'M', 'Mustafa', 'Fernández Gil', '695860286', 'm.fernandez@agrozumos.com', 1),
(7169, 501, 100627, 'M', 'Juan', 'Molina Clavero', '692213263', 'j.molina@agrozumos.com', 1),
(7170, 600, 100627, 'F', 'Macarena', 'Marín Casas', '630592709', 'm.marin@agrozumos.com', 1),
(7171, 990, 100628, 'M', 'Jacques', 'Sanchez Grandia', '675981995', 'jacques.sanchez@pagodeloscapellanes.com', 1),
(7172, 600, 100628, 'F', 'Lucía', 'Evangelio Saenz', '604707128', 'lucia.evangeliosaenz@pagodeloscapellanes.com', 1),
(7173, 702, 100628, 'M', 'Fermin', 'Bartolome Bort', '660462396', 'f.bartolome@pagodeloscapellanes.com', 0),
(7174, 700, 100628, 'M', 'Borja', 'Gallardo Rangel', '697516739', 'b.gallardo@pagodeloscapellanes.com', 1),
(7175, 11, 100629, 'M', 'Sebastian', 'Fernández Giron', '697445471', 's.fernandez@aceitesabasa.com', 1),
(7176, 700, 100629, 'F', 'Viviane', 'Amoros Lopez De La Nieta', '692604595', 'viviane.amoros@aceitesabasa.com', 1),
(7177, 701, 100629, 'M', 'Jesús', 'Alarcon', '629646174', 'jesus.alarcon@aceitesabasa.com', 1),
(7178, 501, 100629, 'M', 'Antonio Miguel', 'Cortes Florido', '642537531', 'a.cortes@aceitesabasa.com', 1),
(7179, 700, 100630, 'M', 'Max', 'Weisz Brassay', '615619166', 'max.weisz@extrusa.net', 1),
(7180, 702, 100630, 'M', 'Francisco', 'Casado Canal', '663546413', 'francisco.casadocanal@extrusa.net', 1),
(7181, 702, 100630, 'F', 'Nadia', 'Morales Santacruz', '691874313', 'n.morales@extrusa.net', 1),
(7182, 500, 100630, 'F', 'Dolores', 'Gallego Bertomeu', '645325938', 'd.gallego@extrusa.net', 0),
(7183, 500, 100631, 'M', 'Sergio', 'Gutiérrez Regueiro', '674974539', 's.gutierrez@hempel.com', 1),
(7184, 701, 100631, 'M', 'Martin', 'Santos Castro', '638352526', 'martin.santoscastro@hempel.com', 1),
(7185, 702, 100631, 'M', 'Gerard', 'Iglesias Bustillo', '614139151', 'g.iglesias@hempel.com', 1),
(7186, 600, 100631, 'M', 'Antonio Jesús', 'Montero Caño', '602376986', 'a.montero@hempel.com', 1),
(7187, 702, 100632, 'M', 'Pedro Antonio', 'Vega Mingorance', '628663914', 'p.vega@himafesa.es', 1),
(7188, 501, 100632, 'M', 'José Enrique', 'Martínez Conesa', '695694321', 'j.martinez@himafesa.es', 1),
(7189, 990, 100632, 'F', 'Valeria', 'Pesquera Plazaola', '620715403', 'valeria.pesquera@himafesa.es', 1),
(7190, 702, 100632, 'M', 'Rosendo', 'Castillo Valle', '642295435', 'r.castillo@himafesa.es', 0),
(7191, 700, 100633, 'M', 'Blas', 'Fraile Cabañero', '688994386', 'b.fraile@garnicaplywood.com', 1),
(7192, 231, 100633, 'F', 'Adriana', 'Bultó ', '646881626', 'adriana.bulto@garnicaplywood.com', 1),
(7193, 601, 100633, 'F', 'Natalia', 'Gallardo Coloma', '624764550', 'n.gallardo@garnicaplywood.com', 1),
(7194, 610, 100633, 'M', 'Ihor', 'García Coll', '673296335', 'i.garcia@garnicaplywood.com', 1),
(7195, 34, 100634, 'M', 'Daniel', 'Ramos Olle', '697989421', 'd.ramos@vayoiltextil.es', 1),
(7196, 34, 100634, 'F', 'Sara', 'García Capdevila', '664351287', 'sara.garciacapdevila@vayoiltextil.es', 1),
(7197, 501, 100634, 'F', 'Sandra', 'Martinez Bausela', '671264600', 'sandra.martinezbausela@vayoiltextil.es', 1),
(7198, 601, 100634, 'M', 'Luis', 'Burgos Selva', '632943551', 'l.burgos@vayoiltextil.es', 1),
(7199, 701, 100635, 'M', 'Lorenzo', 'Vega Hueso', '633373778', 'l.vega@envasesdura.com', 0),
(7200, 600, 100635, 'M', 'Roque', 'Castán Piedrafita', '679860612', 'roque.castan@envasesdura.com', 1),
(7201, 501, 100635, 'F', 'María', 'Giráldez Giráldez', '615495870', 'maria.giraldezgiraldez@envasesdura.com', 1),
(7202, 600, 100635, 'M', 'Bernardino', 'Román Lerma', '661984735', 'b.roman@envasesdura.com', 1),
(7203, 600, 100636, 'F', 'Mercedes', 'Mora Bajo', '633815207', 'm.mora@gomezaguirre.com', 1),
(7204, 702, 100636, 'M', 'Gonzalo', 'Pastor Segui', '652232102', 'g.pastor@gomezaguirre.com', 1),
(7205, 600, 100636, 'M', 'Guillermo', 'Ortega Fall', '664455203', 'g.ortega@gomezaguirre.com', 1),
(7206, 701, 100636, 'F', 'María Mar', 'Rebato Pérez', '693239203', 'mariamar.rebatoperez@gomezaguirre.com', 1),
(7207, 990, 100637, 'M', 'Bryan', 'Mora Sarabia', '694799811', 'b.mora@acesur.com', 0),
(7208, 25, 100637, 'F', 'Alba', 'Encinas Lastra', '688535218', 'alba.encinaslastra@acesur.com', 1),
(7209, 501, 100637, 'F', 'Laura', 'Baeza Melia', '626782970', 'laura.baeza@acesur.com', 1),
(7210, 702, 100637, 'M', 'Francisco Paula', 'Romero Gomariz', '655475152', 'f.romero@acesur.com', 1),
(7211, 501, 100638, 'M', 'Antonio', 'Cañigueral Vall Llosera', '625894613', 'antonio.canigueral@ima.it', 1),
(7212, 600, 100638, 'M', 'Beñat', 'Gómez Cerezo', '685322417', 'b.gomez@ima.it', 1),
(7213, 990, 100638, 'M', 'Mario', 'Morales Martin', '669646770', 'mario.morales@ima.it', 1),
(7214, 501, 100638, 'M', 'Bernabe', 'Suarez Llano', '610337800', 'b.suarez@ima.it', 1),
(7215, 25, 100639, 'M', 'Manuel Miguel', 'Fernández Tolosa', '687701997', 'm.fernandez@luxeapers.es', 1),
(7216, 700, 100639, 'M', 'Hermenegildo', 'Vázquez Montenegro', '604504333', 'h.vazquez@luxeapers.es', 0),
(7217, 702, 100639, 'M', 'Antonio Vicente', 'Lozano Yepes', '687463366', 'a.lozano@luxeapers.es', 1),
(7218, 702, 100639, 'M', 'Sergio', 'García Llanos', '623356970', 's.garcia@luxeapers.es', 1),
(7219, 610, 100640, 'M', 'Ruben', 'Sáez Mora', '606262364', 'r.saez@es.nordson.com', 1),
(7220, 700, 100640, 'M', 'Xoel', 'Caballero Caamaño', '600558518', 'x.caballero@es.nordson.com', 1),
(7221, 702, 100640, 'F', 'Emilia', 'Cruz Merlo', '602219728', 'e.cruz@es.nordson.com', 1),
(7222, 702, 100640, 'M', 'Isaias', 'Esteban Cubas', '694685930', 'i.esteban@es.nordson.com', 1),
(7223, 1, 100641, 'M', 'Félix', 'Herrero Pedrero', '692263519', 'f.herrero@reunion-industrial.com', 1),
(7224, 25, 100641, 'F', 'Luz Maria', 'Carrera De Pablos', '682344751', 'l.carrera@reunion-industrial.com', 0),
(7225, 25, 100641, 'F', 'Raquel', 'Núñez Cea', '690123143', 'r.nunez@reunion-industrial.com', 1),
(7226, 601, 100641, 'M', 'Francisco José', 'Ferrer Amo', '627439501', 'f.ferrer@reunion-industrial.com', 1),
(7227, 1, 100642, 'M', 'Marcos', 'Peña Ligero', '691397621', 'm.pena@poligal.com', 1),
(7228, 500, 100642, 'M', 'Victor Manuel', 'Guerrero Alba', '682807482', 'v.guerrero@poligal.com', 1),
(7229, 601, 100642, 'F', 'Aia', 'Arias  Mongort', '687990576', 'aia.arias@poligal.com', 1),
(7230, 701, 100642, 'F', 'Ana', 'Calvo Barajas', '667999643', 'ana.calvo@poligal.com', 1),
(7231, 1, 100643, 'F', 'Mia', 'García Requena', '671125674', 'm.garcia@combe.com', 1),
(7232, 34, 100643, 'F', 'Elena', 'García Gómez', '638899160', 'elena.garcia@combe.com', 1),
(7233, 500, 100643, 'M', 'Luciano', 'Rodríguez Yu', '607232549', 'l.rodriguez@combe.com', 0),
(7234, 610, 100643, 'M', 'Diego Antonio', 'Prieto Filgueira', '670567214', 'd.prieto@combe.com', 1),
(7235, 1, 100644, 'M', 'Diego', 'Lopez Mayor', '631331884', 'diego.lopezmayor@dascosa.com', 1),
(7236, 990, 100644, 'F', 'Maria Angeles', 'Carmona Sepulveda', '652609964', 'm.carmona@dascosa.com', 1),
(7237, 610, 100644, 'M', 'Andres', 'Nadal Rentero', '662210746', 'a.nadal@dascosa.com', 1),
(7238, 610, 100644, 'M', 'Raul', 'Rodríguez Trujillo', '651748584', 'r.rodriguez@dascosa.com', 0),
(7239, 1, 100645, 'F', 'Marina', 'López Abellán', '602862556', 'marina.lopez@juypal.es', 1),
(7240, 700, 100645, 'M', 'Alejandro', 'Fernández Espinola', '623459648', 'a.fernandez@juypal.es', 1),
(7241, 701, 100645, 'F', 'Paula', 'Molist San Vicente', '684523994', 'paula.molistsanvicente@juypal.es', 1),
(7242, 25, 100645, 'M', 'Francisco Andres', 'Torres Uria', '636829302', 'f.torres@juypal.es', 1),
(7243, 500, 100646, 'M', 'Rolando', 'Herrera Vivo', '693147973', 'r.herrera@fagorgrupomueble.com', 1),
(7244, 500, 100646, 'F', 'Alba', 'Villar Álvarez', '674742478', 'alba.villaralvarez@fagorgrupomueble.com', 1),
(7245, 500, 100646, 'F', 'Ana María', 'Ginés Ferrero', '650997317', 'anamaria.ginesferrero@fagorgrupomueble.com', 1),
(7246, 600, 100646, 'F', 'Luisa Maria', 'Espinosa Miñarro', '690159767', 'l.espinosa@fagorgrupomueble.com', 1),
(7247, 99, 100647, 'M', 'Gumersindo', 'Castro Vilanova', '690405784', 'g.castro@premiumingredients.com', 0),
(7248, 212, 100647, 'F', 'Francisca', 'López Iniesta', '612552113', 'f.lopez@premiumingredients.com', 1),
(7249, 701, 100647, 'M', 'Luis Ramon', 'García Calero', '617895982', 'l.garcia@premiumingredients.com', 1),
(7250, 701, 100647, 'M', 'Juan Domingo', 'Castillo Viejo', '647251599', 'j.castillo@premiumingredients.com', 1),
(7251, 701, 100648, 'M', 'Juan Jesús', 'Lozano Adame', '666320707', 'j.lozano@menshen.es', 1),
(7252, 600, 100648, 'M', 'Antonio', 'Jiménez Miranda', '655327968', 'antonio.jimenezmiranda@menshen.es', 1),
(7253, 500, 100648, 'M', 'Saad', 'Gómez Quiros', '632957851', 's.gomez@menshen.es', 1),
(7254, 601, 100648, 'M', 'Aniceto', 'Calvo Barajas', '659821127', 'a.calvo@menshen.es', 1),
(7255, 501, 100649, 'F', 'Yolanda', 'Gallardo Del Rey', '627629686', 'y.gallardo@airesdejaen.com', 0),
(7256, 1, 100649, 'M', 'Kamal', 'Martínez Bernad', '626841917', 'k.martinez@airesdejaen.com', 1),
(7257, 700, 100649, 'M', 'Jesús', 'Garcia Juesas', '667823609', 'jesus.garcia@airesdejaen.com', 1),
(7258, 500, 100649, 'M', 'Daniel', 'García Palomo', '686831794', 'daniel.garcia@airesdejaen.com', 1),
(7259, 500, 100650, 'F', 'Mariana', 'Fernández Martos', '661555681', 'm.fernandez@pagodecarraovejas.com', 1),
(7260, 500, 100650, 'M', 'Anton', 'Sánchez Saborido', '677703827', 'a.sanchez@pagodecarraovejas.com', 1),
(7261, 601, 100650, 'M', 'José Vicente', 'Fuentes Ubeda', '638457637', 'j.fuentes@pagodecarraovejas.com', 1);


INSERT INTO `contactos` (`contacto_id`, `cargo_id`, `cliente_id`, `genero`, `nombre`, `apellidos`, `movil`, `email`, `activo`) VALUES
(7262, 701, 100650, 'M', 'Carlos Jesús', 'Bellido Palou', '684905556', 'c.bellido@pagodecarraovejas.com', 1),
(7263, 1, 100651, 'F', 'Montserrat', 'Montero Losa', '676468524', 'm.montero@hernandohurtado.com', 1),
(7264, 501, 100651, 'M', 'Jaime', 'Gómez Vives', '624342661', 'j.gomez@hernandohurtado.com', 0),
(7265, 501, 100651, 'M', 'Aniol', 'González Acevedo', '648683299', 'a.gonzalez@hernandohurtado.com', 1),
(7266, 601, 100651, 'F', 'Mercedes', 'Benítez Munguía', '651926814', 'm.benitez@hernandohurtado.com', 1),
(7267, 700, 100652, 'F', 'Merita', 'Vicente Moranchel', '633740696', 'merita.vicente@gironapaper.com', 1),
(7268, 50, 100652, 'F', 'Vanessa', 'García Anguita', '637186750', 'v.garcia@gironapaper.com', 1),
(7269, 53, 100652, 'F', 'Gilda', 'Morcillo Fortea', '640969163', 'gilda.morcillo@gironapaper.com', 1),
(7270, 99, 100652, 'M', 'Carlos', 'Vilas ', '650748540', 'carlos.vilas@gironapaper.com', 1),
(7271, 500, 100653, 'M', 'Jorge', 'Carceller Arce', '649560723', 'jorge.carcellerarce@lecinena.com', 1),
(7272, 500, 100653, 'M', 'Aldan', 'Caderas De Kerleau', '611655124', 'aldan.caderas@lecinena.com', 0),
(7273, 501, 100653, 'M', 'Jesús Vicente', 'González Montoro', '687592838', 'j.gonzalez@lecinena.com', 1),
(7274, 600, 100653, 'M', 'Nicolas', 'Diez Boix', '645229884', 'n.diez@lecinena.com', 1),
(7275, 700, 100654, 'M', 'Emilio', 'Vargas Molto', '662623490', 'e.vargas@abmauri.com', 1),
(7276, 701, 100654, 'M', 'Rubén', 'Delgado Ortega', '617144300', 'ruben.delgadoortega@abmauri.com', 1),
(7277, 701, 100654, 'M', 'Manuel Vicente', 'García Corrales', '634401114', 'm.garcia@abmauri.com', 1),
(7278, 702, 100654, 'M', 'Roman', 'Arteaga Rosique', '680860273', 'r.arteaga@abmauri.com', 1),
(7279, 501, 100655, 'M', 'Antonio José', 'Parra Cañada', '673107932', 'a.parra@bolsaplast.com', 1),
(7280, 500, 100655, 'M', 'José Maria', 'Cid Vallina', '637398967', 'j.cid@bolsaplast.com', 1),
(7281, 600, 100655, 'M', 'Alex', 'García Oliver', '612289389', 'a.garcia@bolsaplast.com', 0),
(7282, 700, 100655, 'M', 'Yassir', 'Peralta Burgueño', '641792252', 'y.peralta@bolsaplast.com', 1),
(7283, 702, 100656, 'F', 'Gregoria', 'García Mejias', '642645660', 'g.garcia@laestepena.com', 1),
(7284, 501, 100656, 'M', 'José Eugenio', 'García Vila', '674815598', 'j.garcia@laestepena.com', 1),
(7285, 500, 100656, 'M', 'Luis Mariano', 'Román Santiago', '665452869', 'l.roman@laestepena.com', 1),
(7286, 601, 100656, 'F', 'Dolors', 'Segovia Peñate', '629747492', 'd.segovia@laestepena.com', 1),
(7287, 600, 100657, 'M', 'Esteban', 'Velasco Dura', '666833161', 'e.velasco@tavasa.es', 1),
(7288, 600, 100657, 'F', 'Maria Carmen', 'Gómez Chavez', '644390866', 'm.gomez@tavasa.es', 1),
(7289, 600, 100657, 'F', 'Patricia', 'Mijes Martinez', '670116685', 'patricia.mijesmartinez@tavasa.es', 0),
(7290, 601, 100657, 'M', 'Norberto', 'Calderon Altamirano', '628757928', 'n.calderon@tavasa.es', 1),
(7291, 600, 100658, 'M', 'Ionut', 'Romero Gay', '670174959', 'i.romero@playca.es', 1),
(7292, 700, 100658, 'M', 'Rafael', 'Fernández Pan', '646954806', 'r.fernandez@playca.es', 1),
(7293, 601, 100658, 'F', 'Marina', 'García Sosa', '667988535', 'm.garcia@playca.es', 1),
(7294, 701, 100658, 'M', 'Martin', 'Alcala Barrantes', '644712819', 'm.alcala@playca.es', 1),
(7295, 1, 100659, 'M', 'José Ruben', 'Delgado Arguello', '629242124', 'j.delgado@stl.logiccontrol.es', 1),
(7296, 990, 100659, 'M', 'Antonio', 'Santos Cancela', '608966805', 'a.santos@stl.logiccontrol.es', 1),
(7297, 500, 100659, 'M', 'Antoni', 'Morales Estruch', '643271779', 'a.morales@stl.logiccontrol.es', 1),
(7298, 601, 100659, 'M', 'Javier', 'Pérez Mari', '654565900', 'j.perez@stl.logiccontrol.es', 0),
(7299, 990, 100660, 'M', 'Leo', 'García Carretero', '624781794', 'l.garcia@szsuarez.com', 1),
(7300, 1, 100660, 'F', 'Estela', 'Serrano Soto', '624400277', 'e.serrano@szsuarez.com', 1),
(7301, 990, 100660, 'M', 'Luis Miguel', 'Abad Bote', '644702108', 'l.abad@szsuarez.com', 1),
(7302, 700, 100660, 'M', 'Cristian', 'Márquez Granero', '647340757', 'c.marquez@szsuarez.com', 1),
(7303, 702, 100661, 'F', 'Isabel Maria', 'Rojas Gaitan', '657492159', 'i.rojas@europe.bd.com', 1),
(7304, 500, 100661, 'M', 'José', 'Blanco Arnal', '619669239', 'j.blanco@europe.bd.com', 1),
(7305, 500, 100661, 'M', 'José Javier', 'Gómez Dos Santos', '653352333', 'j.gomez@europe.bd.com', 1),
(7306, 500, 100661, 'M', 'José Luis', 'Núñez Frances', '634595661', 'j.nunez@europe.bd.com', 0),
(7307, 701, 100662, 'M', 'Juan Diego', 'Benito Gonçalves', '627699863', 'j.benito@salomonsl.com', 1),
(7308, 601, 100662, 'F', 'Rosa Maria', 'Pascual Larrosa', '621273683', 'r.pascual@salomonsl.com', 1),
(7309, 700, 100662, 'F', 'Guadalupe', 'Mora Graciani', '698631431', 'g.mora@salomonsl.com', 1),
(7310, 700, 100662, 'F', 'Laura', 'Martínez Pop', '679506236', 'l.martinez@salomonsl.com', 1),
(7311, 501, 100663, 'M', 'Antonio José', 'Hidalgo Sanguino', '698205452', 'a.hidalgo@bikain.com', 1),
(7312, 700, 100663, 'F', 'Tessa', 'López Ibor Alcocer', '691724835', 'tessa.lopez@bikain.com', 1),
(7313, 11, 100663, 'M', 'Francesc', 'Márquez Paret', '680794396', 'f.marquez@bikain.com', 1),
(7314, 610, 100663, 'F', 'Alicia', 'Pastor Segarra', '633574191', 'a.pastor@bikain.com', 1),
(7315, 701, 100664, 'M', 'Daniel', 'Pérez De Albeniz Andueza', '640144480', 'daniel.perezdealbenizandueza@salica.es', 0),
(7316, 501, 100664, 'F', 'Vicenta', 'Jaen Celada', '685441401', 'v.jaen@salica.es', 1),
(7317, 50, 100664, 'M', 'Ismail', 'Domínguez Dominguez', '639507213', 'i.dominguez@salica.es', 1),
(7318, 601, 100664, 'M', 'Pablo Javier', 'Ferrer Montaño', '621769510', 'p.ferrer@salica.es', 1),
(7319, 500, 100665, 'F', 'Gretel', 'Lopez Alarcon', '623783819', 'gretel.lopez@sorianatural.es', 1),
(7320, 990, 100665, 'M', 'Francisco', 'Ramirez Lafuente', '638501331', 'francisco.ramirezlafuente@sorianatural.es', 0),
(7321, 600, 100665, 'M', 'Luis Antonio', 'Delgado Villena', '633204259', 'l.delgado@sorianatural.es', 1),
(7322, 600, 100665, 'M', 'Ciro', 'Paredes Morejon', '685822475', 'c.paredes@sorianatural.es', 1),
(7323, 501, 100666, 'M', 'Koldo', 'Moreira Poch', '692293662', 'k.moreira@saunierduval.es', 1),
(7324, 500, 100666, 'F', 'Maria Lucia', 'Merino Vecino', '612273582', 'm.merino@saunierduval.es', 1),
(7325, 600, 100666, 'M', 'Luis Javier', 'Crespo Cruces', '628320538', 'l.crespo@saunierduval.es', 1),
(7326, 601, 100666, 'M', 'Pablo', 'Ibáñez Agustin', '604417842', 'p.ibanez@saunierduval.es', 1),
(7327, 38, 100667, 'M', 'Luis José', 'Molina Pezzi', '643605770', 'l.molina@bodegasbaigorri.com', 1),
(7328, 61, 100667, 'M', 'Valentin', 'Romero Corpas', '640596961', 'v.romero@bodegasbaigorri.com', 1),
(7329, 700, 100667, 'F', 'Patricia', 'García Sánchez', '654169140', 'patricia.garciasanchez@bodegasbaigorri.com', 0),
(7330, 501, 100667, 'M', 'Ignasi', 'Del Pozo Anta', '688923770', 'i.del@bodegasbaigorri.com', 1),
(7331, 702, 100668, 'F', 'Ona', 'Garrido Cabanillas', '623578894', 'o.garrido@vegapas.com', 1),
(7332, 700, 100668, 'F', 'Gretel', 'Caravaca Muñoz', '672613671', 'gretel.caravaca@vegapas.com', 1),
(7333, 610, 100668, 'M', 'Doroteo', 'Castro Saenz De Navarrete', '662332914', 'd.castro@vegapas.com', 1),
(7334, 700, 100668, 'M', 'Antonio', 'Guerrero Carrillo', '643288834', 'antonio.guerrerocarrillo@vegapas.com', 1),
(7335, 700, 100669, 'F', 'Noa', 'Nogales Delgado', '654824790', 'noa.nogales@cargobull.es', 1),
(7336, 41, 100669, 'F', 'Mari Paz', 'Vega Albajar', '699825415', 'm.vega@cargobull.es', 1),
(7337, 702, 100669, 'M', 'David', 'Cano Peñamaria', '618726738', 'd.cano@cargobull.es', 0),
(7338, 700, 100669, 'F', 'Maria Carmen', 'Fuentes Fariñas', '670445831', 'm.fuentes@cargobull.es', 1),
(7339, 600, 100670, 'F', 'Susana', 'Martí López', '601956270', 'susana.marti@aceitexp.com', 1),
(7340, 35, 100670, 'M', 'Francisco Manuel', 'Cruz Jove', '634962759', 'f.cruzjove@aceitexp.com', 1),
(7341, 501, 100670, 'M', 'Aitor', 'Rios Salhi', '601714212', 'a.rios@aceitexp.com', 1),
(7342, 700, 100670, 'M', 'Celedonio', 'Esteban Pita', '651664773', 'c.esteban@aceitexp.com', 1),
(7343, 990, 100671, 'M', 'Iñaki', 'Gómez Mira', '659210449', 'i.gomez@gama-decor.com', 1),
(7344, 600, 100671, 'F', 'Julia', 'Zafra Pérez', '610118242', 'julia.zafraperez@gama-decor.com', 1),
(7345, 700, 100671, 'F', 'Cristina', 'Martínez  Aracil', '619980807', 'cristina.martinez@gama-decor.com', 1),
(7346, 702, 100671, 'F', 'Esther', 'Martin Moll', '690915571', 'e.martin@gama-decor.com', 0),
(7347, 1, 100672, 'M', 'Pau', 'Castro Villaverde', '624328317', 'p.castro@arteche.es', 1),
(7348, 500, 100672, 'M', 'Felipe', 'Castillo Curto', '631344831', 'f.castillo@arteche.es', 1),
(7349, 610, 100672, 'M', 'Francesc', 'García Pujol', '697186374', 'f.garcia@arteche.es', 1),
(7350, 702, 100672, 'M', 'Bernardo', 'Soto Jaime', '686182650', 'b.soto@arteche.es', 1),
(7351, 1, 100673, 'F', 'Elena', 'Encuentra Peralta', '615714567', 'elena.encuentraperalta@vidrafoc.com', 1),
(7352, 701, 100673, 'M', 'Aziz', 'Belmonte Bosque', '653497406', 'a.belmonte@vidrafoc.com', 1),
(7353, 701, 100673, 'F', 'Yolanda', 'Mora Mora', '641721637', 'yolanda.moramora@vidrafoc.com', 1),
(7354, 601, 100673, 'M', 'Juan Ramon', 'Torres Torrijos', '663488638', 'j.torres@vidrafoc.com', 0),
(7355, 38, 100674, 'M', 'Alejandro Manuel', 'García Llorente', '644562437', 'a.garcia@simoncoll.com', 1),
(7356, 500, 100674, 'F', 'Maria Fatima', 'Herrero Colomer', '644451142', 'm.herrero@simoncoll.com', 1),
(7357, 500, 100674, 'M', 'Juan', 'Santana Mariño', '661790811', 'j.santana@simoncoll.com', 1),
(7358, 702, 100674, 'M', 'Joan', 'Navarro Causera', '688689957', 'j.navarro@simoncoll.com', 1),
(7359, 501, 100675, 'M', 'Bautista', 'Pascual Coronado', '635115297', 'b.pascual@masa.es', 1),
(7360, 501, 100675, 'M', 'Prudencio', 'García Bonilla', '685142732', 'p.garcia@masa.es', 1),
(7361, 601, 100675, 'F', 'Laura', 'Herrero Sánchez', '676587971', 'laura.herrerosanchez@masa.es', 1),
(7362, 610, 100675, 'M', 'Juan Miguel', 'Gil Delgado', '665541385', 'j.gil@masa.es', 1),
(7363, 500, 100676, 'M', 'Julio', 'Diaz Del Olmo', '666338972', 'j.diaz@hitesa.com', 0),
(7364, 600, 100676, 'M', 'Francisco Borja', 'Garrido Orihuela', '613941596', 'f.garrido@hitesa.com', 1),
(7365, 501, 100676, 'F', 'Maria Rosa', 'Duran Barandika', '609595570', 'm.duran@hitesa.com', 1),
(7366, 601, 100676, 'M', 'José Rafael', 'Diez Dueñas', '606593956', 'j.diez@hitesa.com', 1),
(7367, 1, 100677, 'F', 'Merita', 'Avilés Trigueros', '631705257', 'merita.aviles@ceramicasmateo.com', 1),
(7368, 600, 100677, 'M', 'Didac', 'Gómez Chamorro', '619892438', 'd.gomez@ceramicasmateo.com', 1),
(7369, 610, 100677, 'M', 'Juan Maria', 'Wang Pedro', '607284872', 'j.wang@ceramicasmateo.com', 1),
(7370, 702, 100677, 'F', 'Yolanda', 'González Bustamante', '696478446', 'y.gonzalez@ceramicasmateo.com', 1),
(7371, 990, 100678, 'F', 'Eva', 'Suarez Candeira', '630996644', 'e.suarez@baxter.com', 0),
(7372, 700, 100678, 'M', 'Pablo', 'Perez Pena', '669920454', 'pablo.perez@baxter.com', 1),
(7373, 702, 100678, 'F', 'Marcelina', 'Ramírez Jareño', '625695881', 'm.ramirez@baxter.com', 1),
(7374, 702, 100678, 'F', 'Briana', 'Melero ', '622856536', 'briana.melero@baxter.com', 1),
(7375, 702, 100679, 'M', 'Andres', 'Navarro Fuentes', '650384887', 'a.navarro@sobreno.com', 1),
(7376, 701, 100679, 'F', 'Maria Mercedes', 'Pascual Oliveros', '625860276', 'maria.pascual@sobreno.com', 1),
(7377, 61, 100679, 'M', 'David', 'Escobar Fabrega', '665488748', 'd.escobar@sobreno.com', 1),
(7378, 702, 100679, 'F', 'Ana Isabel', 'Ojeda Muelas', '659954666', 'a.ojeda@sobreno.com', 1),
(7379, 25, 100680, 'M', 'David', 'Moya Estudillo', '624211113', 'david.moyaestudillo@mundialcork.com', 1),
(7380, 38, 100680, 'M', 'José Alfonso', 'Manzano Fierro', '672599616', 'j.manzano@mundialcork.com', 0),
(7381, 990, 100680, 'M', 'Sergio', 'Cantero Suñé', '678846755', 'sergio.canterosune@mundialcork.com', 1),
(7382, 701, 100680, 'M', 'Aketx', 'Garrido  Rojano', '659640568', 'aketx.garrido@mundialcork.com', 1),
(7383, 500, 100681, 'M', 'Juan Martin', 'Aparicio Pinar', '698463830', 'j.aparicio@practicel.com', 1),
(7384, 600, 100681, 'M', 'Angel Ramon', 'García Wang', '600183399', 'a.garcia@practicel.com', 1),
(7385, 500, 100681, 'M', 'Isaac', 'Herrera Alcañiz', '606780111', 'i.herrera@practicel.com', 1),
(7386, 600, 100681, 'M', 'Fulgencio', 'Falcon Lucio', '608692981', 'f.falcon@practicel.com', 1),
(7387, 702, 100682, 'M', 'Alder', 'Rodríguez Melo', '681273888', 'a.rodriguez@robinco.es', 1),
(7388, 600, 100682, 'M', 'Jesús Manuel', 'Sáez Valdez', '666637338', 'j.saez@robinco.es', 0),
(7389, 600, 100682, 'M', 'Miquel Angel', 'Gómez Alcazar', '676883725', 'm.gomez@robinco.es', 1),
(7390, 700, 100682, 'M', 'Stefano', 'Blanco Martinez', '654979187', 's.blanco@robinco.es', 1),
(7391, 14, 100683, 'M', 'Mauro', 'Sanz Bastida', '625223298', 'm.sanz@gaypu.com', 1),
(7392, 600, 100683, 'F', 'Visitacion', 'Vidal Rodrigues', '695360744', 'v.vidal@gaypu.com', 1),
(7393, 500, 100683, 'M', 'Lucas', 'Domínguez Milla', '697675431', 'l.dominguez@gaypu.com', 1),
(7394, 701, 100683, 'M', 'Izan', 'Álvarez Gonzalez', '608295115', 'i.alvarez@gaypu.com', 1),
(7395, 600, 100684, 'M', 'Vicente', 'Diaz Santander', '656922464', 'v.diaz@precon.cemolins.es', 1),
(7396, 500, 100684, 'F', 'Pilar', 'Suarez Alcocer', '693999795', 'p.suarez@precon.cemolins.es', 1),
(7397, 500, 100684, 'F', 'Sara', 'Gómez Hervas', '603594423', 's.gomez@precon.cemolins.es', 0),
(7398, 501, 100684, 'M', 'Elias', 'Arias Ramiro', '650261645', 'e.arias@precon.cemolins.es', 1),
(7399, 14, 100685, 'M', 'Alfredo', 'Martin Almazan', '646431174', 'a.martin@futurnet.es', 1),
(7400, 501, 100685, 'M', 'Mateo', 'Adam Castro', '638863156', 'm.adam@futurnet.es', 1),
(7401, 610, 100685, 'F', 'Soledad', 'Lorenzo Blanes', '644868520', 's.lorenzo@futurnet.es', 1),
(7402, 702, 100685, 'F', 'Maria Manuela', 'López Pernas', '646580403', 'm.lopez@futurnet.es', 0),
(7403, 1, 100686, 'M', 'Jaime', 'Cabrera Postigo', '602351206', 'j.cabrera@paletsdemadera.com', 1),
(7404, 500, 100686, 'F', 'Merce', 'De La Fuente Armesto', '635344619', 'm.de@paletsdemadera.com', 1),
(7405, 501, 100686, 'F', 'María Pilar', 'García Gómez', '621634830', 'mariapilar.garcia@paletsdemadera.com', 1),
(7406, 500, 100686, 'M', 'Juan Francisco', 'Fernández Benedicto', '650936582', 'j.fernandez@paletsdemadera.com', 1),
(7407, 600, 100687, 'M', 'Hodei', 'Garrido Azorin', '696483900', 'h.garrido@bsi.es', 1),
(7408, 501, 100687, 'M', 'Tomás', 'Baeza Melia', '608177480', 't.baeza@bsi.es', 1),
(7409, 501, 100687, 'M', 'Alejandro', 'Bermudez Requena', '643735931', 'alejandro.bermudezrequena@bsi.es', 1),
(7410, 601, 100687, 'F', 'Maria Soledad', 'Prats Astudillo', '616760272', 'm.prats@bsi.es', 1),
(7411, 501, 100688, 'M', 'Francisco Ramon', 'Gómez Giner', '653826693', 'f.gomez@angulas-aguinaga.es', 0),
(7412, 990, 100688, 'M', 'Daniel', 'Padron Rodriguez', '648118988', 'daniel.padronrodriguez@angulas-aguinaga.es', 1),
(7413, 600, 100688, 'F', 'Estibaliz', 'Arias Mongort', '661849856', 'e.arias@angulas-aguinaga.es', 1),
(7414, 701, 100688, 'M', 'Alex', 'Castro Conejero', '694101799', 'a.castro@angulas-aguinaga.es', 1),
(7415, 700, 100689, 'M', 'Juan Francisco', 'Gómez Agudo', '664618197', 'j.gomez@coopartesa.com', 1),
(7416, 600, 100689, 'M', 'Manuel', 'Pérez Tamayo', '607497471', 'm.perez@coopartesa.com', 1),
(7417, 700, 100689, 'F', 'Maria Fatima', 'Vargas Plasencia', '626336428', 'm.vargas@coopartesa.com', 1),
(7418, 702, 100689, 'M', 'Fabian', 'Soto Batlle', '602237416', 'f.soto@coopartesa.com', 1),
(7419, 701, 100690, 'M', 'José David', 'Moya Reina', '624564728', 'j.moya@geotexan.com', 0),
(7420, 41, 100690, 'F', 'Fatiha', 'Cabrera Oñate', '656278689', 'f.cabrera@geotexan.com', 1),
(7421, 701, 100690, 'F', 'Patricia', 'Pérez Soto', '620828887', 'patricia.perez@geotexan.com', 1),
(7422, 702, 100690, 'F', 'Milene', 'Prada Estupiñan', '662641730', 'milene.prada@geotexan.com', 1),
(7423, 500, 100691, 'F', 'María', 'Vendrell Colilles', '604900633', 'maria.vendrellcolilles@fincalaestacada.com', 1),
(7424, 25, 100691, 'M', 'Leo', 'Jimenez Cambra', '625791612', 'leo.jimenez@fincalaestacada.com', 1),
(7425, 501, 100691, 'M', 'Javier', 'Servitja Perez', '677266595', 'javier.servitjaperez@fincalaestacada.com', 1),
(7426, 610, 100691, 'M', 'Denis', 'Delgado Velasquez', '632963863', 'd.delgado@fincalaestacada.com', 1),
(7427, 701, 100692, 'M', 'Diego', 'Felip Capdevila', '687851122', 'diego.felipcapdevila@koraoliva.com', 1),
(7428, 68, 100692, 'M', 'Pau', 'Márquez Zorrilla', '675916927', 'p.marquez@koraoliva.com', 0),
(7429, 500, 100692, 'F', 'Maria Esperanza', 'Iglesias Vacas', '685884526', 'm.iglesias@koraoliva.com', 1),
(7430, 700, 100692, 'F', 'Alba', 'Hidalgo Porcel', '629382839', 'a.hidalgo@koraoliva.com', 1),
(7431, 702, 100693, 'M', 'Angel Javier', 'Crespo Cutillas', '624112652', 'a.crespo@inmesol.com', 1),
(7432, 501, 100693, 'F', 'Eva Maria', 'Sainz Linde', '655574514', 'e.sainz@inmesol.com', 1),
(7433, 601, 100693, 'M', 'Carlos Alberto', 'Marín Mestres', '699266467', 'c.marin@inmesol.com', 1),
(7434, 700, 100693, 'M', 'José Antonio', 'Suarez  De La Vega', '697997487', 'joseantonio.suarez@inmesol.com', 1),
(7435, 700, 100694, 'M', 'Ivan', 'Ramírez Illan', '621251658', 'i.ramirez@bcnonwovens.com', 1),
(7436, 501, 100694, 'M', 'Unax', 'Santana Vicente', '603995530', 'u.santana@bcnonwovens.com', 0),
(7437, 501, 100694, 'F', 'Elena', 'Pastor Jin', '650803869', 'e.pastor@bcnonwovens.com', 1),
(7438, 702, 100694, 'M', 'Leo', 'Calderon Navas', '696799748', 'leo.calderonnavas@bcnonwovens.com', 1),
(7439, 600, 100695, 'M', 'Gustavo', 'Soler Palomar', '605992182', 'g.soler@goikoa.com', 1),
(7440, 990, 100695, 'M', 'Arsenio', 'Aguilar Samper', '660922480', 'a.aguilar@goikoa.com', 1),
(7441, 610, 100695, 'F', 'Nahia', 'Bermudez Masa', '632242480', 'n.bermudez@goikoa.com', 1),
(7442, 702, 100695, 'F', 'Rafaela', 'Camacho El Idrissi', '609349993', 'r.camacho@goikoa.com', 1),
(7443, 1, 100696, 'M', 'Raul', 'Torres Magaña', '639432291', 'r.torres@prim.es', 1),
(7444, 700, 100696, 'M', 'José Manuel', 'García Gómez', '676836765', 'josemanuel.garcia@prim.es', 1),
(7445, 701, 100696, 'M', 'Miguel Ángel', 'Jesús Santos', '687900479', 'miguelangel.jesus@prim.es', 0),
(7446, 702, 100696, 'F', 'Aroa', 'Gallardo Reche', '679376900', 'a.gallardo@prim.es', 1),
(7447, 701, 100697, 'M', 'Daniel', 'Ruiz Díaz', '605645426', 'daniel.ruiz@sutteriberica.com', 1),
(7448, 702, 100697, 'M', 'José Manuel', 'Matamoro Irago', '627883106', 'josemanuel.matamoro@sutteriberica.com', 1),
(7449, 501, 100697, 'M', 'Ismael', 'Moreno Abascal', '632427657', 'i.moreno@sutteriberica.com', 1),
(7450, 600, 100697, 'M', 'Omar', 'Álvarez Calviño', '689221998', 'o.alvarez@sutteriberica.com', 1),
(7451, 500, 100698, 'M', 'Francisco Javier', 'Murillo Barrios', '658700502', 'franciscojavier.murillo@cicarsa.com', 1),
(7452, 701, 100698, 'M', 'José Victor', 'Carrasco Henao', '680291462', 'j.carrasco@cicarsa.com', 1),
(7453, 600, 100698, 'F', 'Fuensanta', 'Zhang Orive', '600141410', 'f.zhang@cicarsa.com', 0),
(7454, 600, 100698, 'F', 'Eva María', 'Castro  Cuellar', '643722884', 'evamaria.castro@cicarsa.com', 1),
(7455, 501, 100699, 'M', 'Horacio', 'Esteban Salgueiro', '607358531', 'h.esteban@dhdjl.com', 1),
(7456, 500, 100699, 'F', 'María Pilar', 'Gómez Pérez', '636150987', 'mariapilar.gomezperez@dhdjl.com', 1),
(7457, 610, 100699, 'F', 'Anna', 'Dos Santos De Torres', '667469275', 'a.dos@dhdjl.com', 1),
(7458, 702, 100699, 'M', 'Sergi', 'González Prats', '634818678', 's.gonzalez@dhdjl.com', 1),
(7459, 600, 100700, 'F', 'Nona', 'Torres Pedrico', '662655390', 'nona.torres@esteban-es.com', 1),
(7460, 701, 100700, 'M', 'Manuel', 'Pérez San Martin', '682968668', 'manuel.perez@esteban-es.com', 1),
(7461, 600, 100700, 'M', 'Salvador', 'Martínez Armas', '684622408', 's.martinez@esteban-es.com', 1),
(7462, 701, 100700, 'F', 'Ana', 'Rodriguez Lopez', '684923380', 'ana.rodriguezlopez@esteban-es.com', 0),
(7463, 17, 100701, 'M', 'Damaso', 'Gómez Arjona', '621775493', 'd.gomez@adegasmoure.com', 1),
(7464, 600, 100701, 'M', 'Eloy', 'Fernández Abril', '628403818', 'e.fernandez@adegasmoure.com', 1),
(7465, 500, 100701, 'F', 'Lucía', 'Martínez De San Vicente', '664663386', 'lucia.martinezdesanvicente@adegasmoure.com', 1),
(7466, 601, 100701, 'F', 'Beatriz', 'Amoros Paz', '623548403', 'b.amoros@adegasmoure.com', 1),
(7467, 700, 100702, 'M', 'Francisco', 'Vidal Jodar', '666378431', 'f.vidal@cartolot.es', 1),
(7468, 990, 100702, 'F', 'Lucía', 'De La Fuente Roman', '659951700', 'lucia.delafuenteroman@cartolot.es', 1),
(7469, 501, 100702, 'M', 'Ander', 'Medina Lucas', '678846268', 'a.medina@cartolot.es', 1),
(7470, 610, 100702, 'M', 'Miguel Maria', 'González Zaragoza', '638511462', 'm.gonzalez@cartolot.es', 0),
(7471, 990, 100703, 'M', 'Fidel', 'Gómez Tirado', '614263276', 'f.gomez@mineraqua.com', 1),
(7472, 701, 100703, 'F', 'Adriana', 'Moreno López', '639959614', 'adriana.moreno@mineraqua.com', 1),
(7473, 700, 100703, 'M', 'Francisco Vicente', 'Hidalgo Rojo', '652770690', 'f.hidalgo@mineraqua.com', 1),
(7474, 702, 100703, 'M', 'Juan José', 'Alegre Delicado', '694249522', 'j.alegre@mineraqua.com', 1),
(7475, 700, 100704, 'F', 'Ana María', 'Coronel Reca', '691971399', 'anamaria.coronelreca@caballero.es', 1),
(7476, 600, 100704, 'M', 'Diego', 'Cruz Almendros', '624701256', 'd.cruz@caballero.es', 1),
(7477, 601, 100704, 'M', 'Natalio', 'Rubio Requejo', '677420979', 'n.rubio@caballero.es', 1),
(7478, 700, 100704, 'M', 'Adria', 'Vidal Moraga', '646792269', 'a.vidal@caballero.es', 1),
(7479, 1, 100705, 'F', 'Daniela', 'Rasquinet ', '673911575', 'daniela.rasquinet@emerito.com', 0),
(7480, 501, 100705, 'M', 'Sergio', 'Carrillo García', '678431314', 'sergio.carrillogarcia@emerito.com', 1),
(7481, 1, 100705, 'F', 'Antonia', 'Gómez Moraira', '600133112', 'a.gomez@emerito.com', 1),
(7482, 700, 100705, 'M', 'Max', 'Montero Miquel', '681468896', 'm.montero@emerito.com', 1),
(7483, 702, 100706, 'M', 'Pablo Manuel', 'Santiago Vasco', '693543518', 'p.santiago@gerialine.com', 1),
(7484, 500, 100706, 'F', 'Noelia', 'Sánchez López', '697707859', 'noelia.sanchez@gerialine.com', 0),
(7485, 61, 100706, 'M', 'Angel Miguel', 'San Martin Femenia', '669756748', 'a.san@gerialine.com', 1),
(7486, 600, 100706, 'M', 'Félix', 'Campos Vera', '628359212', 'f.campos@gerialine.com', 1),
(7487, 700, 100707, 'M', 'Jesús', 'Muñoz Melchor', '671637848', 'j.munoz@fontvella.es', 1),
(7488, 1, 100707, 'M', 'Enrique', 'Vega Stoica', '637733264', 'e.vega@fontvella.es', 1),
(7489, 702, 100707, 'M', 'Ricard', 'Luis Cosano', '652558252', 'r.luis@fontvella.es', 1),
(7490, 990, 100707, 'M', 'Adrián', 'Raso', '651714712', 'adrian.raso@fontvella.es', 1),
(7491, 500, 100708, 'M', 'Juan Manuel', 'Jiménez Varo', '607969433', 'j.jimenez@grupobynsa.com', 1),
(7492, 600, 100708, 'M', 'Mario', 'Velasco Brotons', '605956476', 'm.velasco@grupobynsa.com', 1),
(7493, 701, 100708, 'M', 'Adan', 'Sanz Valbuena', '610940346', 'a.sanz@grupobynsa.com', 0),
(7494, 600, 100708, 'M', 'Sebastia', 'Bravo Sanchez', '677685982', 's.bravo@grupobynsa.com', 1),
(7495, 500, 100709, 'M', 'Marcos', 'Fontán ', '601717186', 'marcos.fontan@keenwell.com', 1),
(7496, 600, 100709, 'F', 'Veronica', 'Arias Paredes', '669503617', 'v.arias@keenwell.com', 1),
(7497, 601, 100709, 'F', 'Maria Lourdes', 'Campos Andreo', '617898193', 'm.campos@keenwell.com', 1),
(7498, 702, 100709, 'M', 'José Alejandro', 'González Ledesma', '645692792', 'j.gonzalez@keenwell.com', 1),
(7499, 990, 100710, 'M', 'Andres José', 'Vázquez Escolar', '640100212', 'a.vazquez@lemonking.com', 1),
(7500, 701, 100710, 'M', 'Ekaitz', 'Hidalgo Aroca', '680391578', 'e.hidalgo@lemonking.com', 1),
(7501, 29, 100710, 'M', 'Pedro', 'Castro Iborra', '697237777', 'p.castro@lemonking.com', 0),
(7502, 702, 100710, 'F', 'Luisa', 'Gómez Canovas', '600836590', 'l.gomez@lemonking.com', 1),
(7503, 500, 100711, 'F', 'Ana Isabel', 'Osuna Consuegra', '658955524', 'a.osuna@supreminox.com', 1),
(7504, 610, 100711, 'M', 'Raul', 'Cerezo De La Rubia', '609659756', 'r.cerezo@supreminox.com', 1),
(7505, 610, 100711, 'F', 'Maria Sagrario', 'Flores Rufo', '664724280', 'm.flores@supreminox.com', 1),
(7506, 702, 100711, 'M', 'José Ignacio', 'Gómez Osuna', '679111243', 'j.gomez@supreminox.com', 1),
(7507, 702, 100712, 'M', 'Borja', 'Gil Benedit', '673676977', 'b.gil@sorribas.com', 1),
(7508, 702, 100712, 'M', 'Humberto', 'Ferrer Barbosa', '609805752', 'h.ferrer@sorribas.com', 1),
(7509, 990, 100712, 'M', 'Igor', 'Suarez Yang', '649462520', 'i.suarez@sorribas.com', 1),
(7510, 702, 100712, 'M', 'Alejandro', 'Diaz Pozo', '648833461', 'a.diaz@sorribas.com', 0),
(7511, 501, 100713, 'M', 'Alejandro', 'Ortiz Vilaplana', '688944164', 'a.ortiz@lopezdeheredia.com', 1),
(7512, 500, 100713, 'F', 'Carolina', 'Salvador Espinal', '662162979', 'c.salvador@lopezdeheredia.com', 1),
(7513, 601, 100713, 'M', 'El Hassan', 'Rincon Lendinez', '610391441', 'e.rincon@lopezdeheredia.com', 1),
(7514, 701, 100713, 'M', 'Enrique', 'Gómez Bartolome', '624881613', 'e.gomez@lopezdeheredia.com', 1),
(7515, 501, 100714, 'F', 'Lucia', 'García Ayala', '626316201', 'l.garcia@imateu.com', 1),
(7516, 700, 100714, 'M', 'Kai', 'Alarcon Guitart', '668313692', 'k.alarcon@imateu.com', 1),
(7517, 701, 100714, 'M', 'Ramon José', 'Diez Iñigo', '610595412', 'r.diez@imateu.com', 1),
(7518, 702, 100714, 'M', 'Daniel', 'Medina Zapatero', '686607788', 'd.medina@imateu.com', 0),
(7519, 600, 100715, 'F', 'Ana', 'Tejera Parra', '653791959', 'ana.tejera@masilva.es', 1),
(7520, 600, 100715, 'F', 'Jana', 'Rojas Zamorano', '611646790', 'j.rojas@masilva.es', 1),
(7521, 600, 100715, 'M', 'Pere', 'Sanz Valdivia', '657886351', 'p.sanz@masilva.es', 1),
(7522, 34, 100715, 'M', 'Joan Carles', 'Gómez Alvarado', '684496112', 'j.gomez@masilva.es', 1),
(7523, 701, 100716, 'F', 'Ana María', 'Schlesinger', '670198220', 'anamaria.schlesinger@envasadoxiomara.com', 1),
(7524, 990, 100716, 'M', 'José Enrique', 'Salas Moncayo', '604552572', 'j.salas@envasadoxiomara.com', 1),
(7525, 34, 100716, 'F', 'Barbara', 'Gómez Pla', '628593104', 'b.gomez@envasadoxiomara.com', 1),
(7526, 701, 100716, 'M', 'Emil', 'Serrano Pires', '699406141', 'e.serrano@envasadoxiomara.com', 1),
(7527, 700, 100717, 'F', 'Zelda', 'López Abellán', '616706534', 'zelda.lopez@productoshh.es', 0),
(7528, 500, 100717, 'F', 'Maria Francisca', 'Soto Guedes', '632848866', 'm.soto@productoshh.es', 1),
(7529, 700, 100717, 'F', 'Herminia', 'Aguilar Zapico', '683696572', 'h.aguilar@productoshh.es', 1),
(7530, 700, 100717, 'M', 'Jesús', 'Muñoz Colorado', '680393101', 'j.munoz@productoshh.es', 1),
(7531, 600, 100718, 'F', 'Valentina', 'Rodríguez Retuerto', '676813602', 'valentina.rodriguez@persan.com', 1),
(7532, 600, 100718, 'M', 'Alvaro', 'Vargas Pons', '601996480', 'a.vargas@persan.com', 1),
(7533, 601, 100718, 'M', 'Fernando', 'Moyano Braña', '624933494', 'f.moyano@persan.com', 1),
(7534, 702, 100718, 'M', 'Fermin', 'Cruz Triguero', '691142934', 'fermin.cruz@persan.com', 1),
(7535, 702, 100719, 'F', 'Yolanda', 'Cañigueral Vall Llosera', '689970545', 'yolanda.canigueral@ondupacart.com', 0),
(7536, 500, 100719, 'M', 'Román', 'Prat Dutren', '626903351', 'roman.prat@ondupacart.com', 1),
(7537, 40, 100719, 'F', 'Francisca', 'Domínguez Ureña', '649842531', 'f.dominguez@ondupacart.com', 1),
(7538, 610, 100719, 'M', 'Raimundo', 'Diaz Zambrana', '686965487', 'r.diaz@ondupacart.com', 1),
(7539, 40, 100720, 'M', 'Georgi', 'Gómez Ceballos', '655692761', 'g.gomez@grn.es', 1),
(7540, 41, 100720, 'M', 'Ignacio Javier', 'Gómez Mellado', '668293418', 'i.gomez@grn.es', 1),
(7541, 600, 100720, 'M', 'Diego Jesús', 'Campos Moncada', '669728628', 'd.campos@grn.es', 1),
(7542, 601, 100720, 'F', 'Vanesa', 'Solis Pujadas', '615860718', 'v.solis@grn.es', 1),
(7543, 500, 100721, 'M', 'Xavier', 'Guerrero Sainz De Rozas', '630760331', 'x.guerrero@ceramicamazarron.com', 1),
(7544, 500, 100721, 'M', 'Oscar', 'García Miralles', '695413120', 'o.garcia@ceramicamazarron.com', 0),
(7545, 501, 100721, 'M', 'José Luis', 'Santos Ahmad', '618286912', 'j.santos@ceramicamazarron.com', 1),
(7546, 601, 100721, 'M', 'Esteban', 'García Vela', '697351888', 'e.garcia@ceramicamazarron.com', 1),
(7547, 501, 100722, 'M', 'Antonio Manuel', 'Cortes Ayllon', '690102681', 'a.cortes@igmontes.com', 1),
(7548, 500, 100722, 'M', 'Eric', 'Peña Rendon', '690292108', 'e.pena@igmontes.com', 1),
(7549, 501, 100722, 'F', 'Sara', 'Sampedro', '634893794', 'sara.sampedro@igmontes.com', 1),
(7550, 700, 100722, 'F', 'Estibaliz', 'Medina Macho', '640272685', 'e.medina@igmontes.com', 1),
(7551, 501, 100723, 'M', 'Guillermo', 'Vera Bono', '690943504', 'g.vera@dordiv.com', 1),
(7552, 700, 100723, 'F', 'Ana', 'Moreno Perez', '644536300', 'ana.morenoperez@dordiv.com', 0),
(7553, 990, 100723, 'M', 'Javier', 'Romero Fuerte', '691298798', 'javier.romerofuerte@dordiv.com', 1),
(7554, 610, 100723, 'M', 'Matias', 'Gómez Rebollo', '678319583', 'm.gomez@dordiv.com', 1),
(7555, 501, 100724, 'M', 'Hugo', 'Martínez López', '656970927', 'hugo.martinez@matz-erreka.es', 1),
(7556, 700, 100724, 'F', 'Sonia', 'Ortigosa Ocon', '616118357', 'sonia.ortigosaocon@matz-erreka.es', 1),
(7557, 990, 100724, 'M', 'José', 'Pérez', '609400439', 'jose.perez@matz-erreka.es', 1),
(7558, 990, 100724, 'M', 'Jano', 'Villasante Villasante', '657973948', 'jano.villasante@matz-erreka.es', 1),
(7559, 34, 100725, 'F', 'Sara', 'Mestre Mestre', '648198263', 'sara.mestremestre@poyatos.com', 1),
(7560, 501, 100725, 'F', 'Amaia', 'Iglesias Morillas', '667525538', 'a.iglesias@poyatos.com', 1),
(7561, 501, 100725, 'M', 'Calvin', 'Vicente  Cuartero', '626647255', 'calvin.vicente@poyatos.com', 0),
(7562, 700, 100725, 'F', 'Adelina', 'Prieto Tornero', '632275247', 'a.prieto@poyatos.com', 1),
(7563, 1, 100726, 'M', 'Juan Carlos', 'Fernández Miguélez', '632108845', 'juancarlos.fernandezmiguelez@eu.averydennison.com', 1),
(7564, 700, 100726, 'M', 'Cristofer', 'Ortega Hugo', '642952304', 'c.ortega@eu.averydennison.com', 1),
(7565, 701, 100726, 'M', 'Diego', 'Castro Nogales', '664204750', 'diego.castronogales@eu.averydennison.com', 1),
(7566, 600, 100726, 'M', 'Eloi', 'Gómez Merida', '676751832', 'e.gomez@eu.averydennison.com', 0),
(7567, 500, 100727, 'M', 'Julian', 'Carmona Hernandez', '618951564', 'j.carmona@grupopuma.com', 1),
(7568, 500, 100727, 'M', 'Juan', 'Zaragoza Isidro', '699758499', 'j.zaragoza@grupopuma.com', 1),
(7569, 700, 100727, 'M', 'Gus', 'Vargas  Fandiño', '604651877', 'gus.vargas@grupopuma.com', 1),
(7570, 702, 100727, 'M', 'Carlos', 'Álvarez  Lahoz', '605984484', 'carlos.alvarez@grupopuma.com', 1),
(7571, 500, 100728, 'M', 'Juan Carlos', 'Torres Encinas', '608165251', 'j.torres@marcopack.com', 1),
(7572, 601, 100728, 'M', 'Carlos', 'Souto Del Arco', '668887201', 'c.souto@marcopack.com', 1),
(7573, 700, 100728, 'M', 'Cesareo', 'Esteban Zazo', '630506393', 'c.esteban@marcopack.com', 1),
(7574, 701, 100728, 'M', 'Alejandro', 'García Pinto', '677422229', 'a.garcia@marcopack.com', 1),
(7575, 702, 100729, 'M', 'Izan', 'Nieto Bel', '681840905', 'i.nieto@quesosrevilla.com', 0),
(7576, 53, 100729, 'M', 'Carlos Alberto', 'Iglesias Arrizabalaga', '675389177', 'c.iglesias@quesosrevilla.com', 1),
(7577, 702, 100729, 'M', 'Tomás', 'Vidal Pimentel', '681848348', 't.vidal@quesosrevilla.com', 1),
(7578, 702, 100729, 'M', 'José Ivan', 'Caballero Cures', '629732493', 'j.caballero@quesosrevilla.com', 1),
(7579, 701, 100730, 'M', 'Hugo', 'Sales Bonet', '622880963', 'hugo.salesbonet@gomeoliva.com', 1),
(7580, 600, 100730, 'F', 'Vicenta', 'Soler Donate', '602404690', 'v.soler@gomeoliva.com', 1),
(7581, 28, 100730, 'F', 'Angela', 'Cano Priego', '612998225', 'a.cano@gomeoliva.com', 1),
(7582, 600, 100730, 'M', 'Onofre', 'Diez Torres', '608127735', 'o.diez@gomeoliva.com', 1),
(7583, 34, 100731, 'M', 'Dominic', 'Real Rodríguez', '679981480', 'dominic.real@fartonspolo.com', 0),
(7584, 34, 100731, 'F', 'Sonia', 'Menendez Del Rosal', '655168231', 'sonia.menendezdelrosal@fartonspolo.com', 1),
(7585, 701, 100731, 'F', 'Inmaculada', 'Cabrera Izquierdo', '657241542', 'i.cabrera@fartonspolo.com', 1),
(7586, 701, 100731, 'M', 'Antonio Joaquin', 'Gil Rossello', '660716151', 'a.gil@fartonspolo.com', 1),
(7587, 701, 100732, 'M', 'Hugo', 'Calvo Pumpido', '688812447', 'hugo.calvopumpido@sca.com', 1),
(7588, 500, 100732, 'F', 'Juana', 'Martínez Ferre', '654912875', 'j.martinez@sca.com', 1),
(7589, 501, 100732, 'M', 'Lluis', 'Sandoval Manzanero', '641926451', 'l.sandoval@sca.com', 1),
(7590, 601, 100732, 'M', 'Federico', 'Ruiz Cabaleiro', '675573711', 'f.ruiz@sca.com', 1),
(7591, 990, 100733, 'F', 'Maria Rocio', 'García Sendra', '620189420', 'm.garcia@plasticosretractiles.com', 1),
(7592, 500, 100733, 'M', 'Lucas', 'Durá Pacheco', '637326123', 'lucas.durapacheco@plasticosretractiles.com', 0),
(7593, 500, 100733, 'M', 'Diego', 'Moron Garau', '600457761', 'd.moron@plasticosretractiles.com', 1),
(7594, 601, 100733, 'M', 'José Luis', 'Barrero Masia', '601122413', 'j.barrero@plasticosretractiles.com', 1),
(7595, 702, 100734, 'M', 'Miguel', 'Martínez Pares', '689607964', 'm.martinez@biomed.es', 1),
(7596, 700, 100734, 'M', 'Yassin', 'Pérez Roda', '685173657', 'y.perez@biomed.es', 1),
(7597, 700, 100734, 'M', 'Francisco Javier', 'Nieto Quiroz', '600630439', 'f.nieto@biomed.es', 1),
(7598, 702, 100734, 'F', 'Claudia', 'Guerrero Rusu', '677668808', 'c.guerrero@biomed.es', 1),
(7599, 500, 100735, 'F', 'Rosa Maria', 'Vargas Llacer', '624894451', 'r.vargas@nutrex.es', 1),
(7600, 601, 100735, 'F', 'Sandra', 'Cabello Linero', '684674232', 'sandra.cabellolinero@nutrex.es', 0),
(7601, 701, 100735, 'M', 'Aran', 'Gallego Astorga', '695234501', 'a.gallego@nutrex.es', 1),
(7602, 702, 100735, 'F', 'Alicia', 'Gómez Georgiev', '614757964', 'a.gomez@nutrex.es', 1),
(7603, 701, 100736, 'M', 'Cristian', 'Andersson', '637780934', 'cristian.andersson@srinnova.com', 1),
(7604, 28, 100736, 'M', 'Manuel', 'Irigoyen Muñoz', '691474689', 'manuel.irigoyenmunoz@srinnova.com', 1),
(7605, 500, 100736, 'M', 'Arnau', 'Del Valle Herran', '674271915', 'a.del@srinnova.com', 1),
(7606, 701, 100736, 'M', 'Jorge', 'Franco Muñoz', '615745332', 'jorge.francomunoz@srinnova.com', 1),
(7607, 501, 100737, 'F', 'Ana', 'Santervás Ruiz', '604183928', 'ana.santervasruiz@bemasa.com', 1),
(7608, 600, 100737, 'M', 'Luis Manuel', 'Villalba Povedano', '611671127', 'l.villalba@bemasa.com', 1),
(7609, 610, 100737, 'M', 'Brayan', 'Rubio Torrente', '657692291', 'b.rubio@bemasa.com', 0),
(7610, 702, 100737, 'M', 'Adrian', 'Gómez Palomares', '644923654', 'a.gomez@bemasa.com', 1),
(7611, 501, 100738, 'M', 'Javier', 'Encuentra Seminario', '620953312', 'javier.encuentraseminario@acemar.es', 1),
(7612, 501, 100738, 'F', 'Milagros', 'Gómez Afonso', '678957551', 'm.gomez@acemar.es', 1),
(7613, 501, 100738, 'M', 'Fernando Javier', 'Ramírez Allende', '654979379', 'f.ramirez@acemar.es', 1),
(7614, 501, 100738, 'F', 'Olga', 'Crespo Galan', '693671318', 'o.crespo@acemar.es', 1),
(7615, 1, 100739, 'M', 'Ibrahim', 'Molina Riba', '645711277', 'i.molina@aebiberica.es', 1),
(7616, 702, 100739, 'M', 'Alberto', 'Moya Cortijo', '608234276', 'a.moya@aebiberica.es', 1),
(7617, 601, 100739, 'M', 'Pablo', 'Núñez Albaladejo', '601613895', 'p.nunez@aebiberica.es', 0),
(7618, 701, 100739, 'M', 'Rubén', 'Gómez  Georgiev', '697656269', 'ruben.gomez@aebiberica.es', 1),
(7619, 501, 100740, 'M', 'Alberto', 'Narváez ', '639837697', 'alberto.narvaez@legumbresfuensantica.com', 1),
(7620, 500, 100740, 'M', 'Juan', 'Vázquez Pelegrin', '617197788', 'j.vazquez@legumbresfuensantica.com', 1),
(7621, 600, 100740, 'M', 'Pau', 'Castillo Agudelo', '603761253', 'p.castillo@legumbresfuensantica.com', 1),
(7622, 610, 100740, 'M', 'Moussa', 'Ruiz Pablo', '681619358', 'm.ruiz@legumbresfuensantica.com', 1),
(7623, 702, 100741, 'M', 'Braulio', 'López Verde', '604842596', 'b.lopez@doscafeteras.es', 1),
(7624, 500, 100741, 'F', 'Nausica', 'Garrigues Sanchis', '669747102', 'nausica.garrigues@doscafeteras.es', 1),
(7625, 701, 100741, 'M', 'Marcos', 'Sevilla Bragado', '652732315', 'm.sevilla@doscafeteras.es', 1),
(7626, 702, 100741, 'M', 'Lucas', 'Castillo Ribera', '610326890', 'l.castillo@doscafeteras.es', 0),
(7627, 600, 100742, 'F', 'María Pilar', 'Aldana Mira', '610959585', 'mariapilar.aldana@foncasal.com', 1),
(7628, 990, 100742, 'M', 'Noureddine', 'González Uriarte', '695318477', 'n.gonzalez@foncasal.com', 1),
(7629, 15, 100742, 'M', 'Ernesto', 'Rodríguez Toribio', '695776445', 'e.rodriguez@foncasal.com', 1),
(7630, 35, 100742, 'M', 'Jorge', 'Casanova Ramon Borja', '693894860', 'jorge.casanova@foncasal.com', 1),
(7631, 700, 100743, 'F', 'Malva', 'Marín  Espinoza', '643708601', 'malva.marin@nekeas.com', 1),
(7632, 700, 100743, 'F', 'Salvadora', 'Rojas Pol', '647182224', 's.rojas@nekeas.com', 1),
(7633, 701, 100743, 'F', 'Lavinia', 'Martínez Pallares', '605685733', 'lavinia.martinez@nekeas.com', 1),
(7634, 702, 100743, 'F', 'Sofia', 'Alcantara Betancourt', '685912148', 's.alcantara@nekeas.com', 0),
(7635, 600, 100744, 'M', 'Saul', 'Guerrero Novoa', '667492885', 's.guerrero@rogusa.es', 1),
(7636, 58, 100744, 'M', 'Pablo', 'Codina Carulla', '689944732', 'pablo.codinacarulla@rogusa.es', 1),
(7637, 500, 100744, 'M', 'Jan', 'Yañez Diouf', '632953422', 'j.yanez@rogusa.es', 1),
(7638, 700, 100744, 'F', 'Eneka', 'Mena Mederos', '636787766', 'eneka.mena@rogusa.es', 1),
(7639, 58, 100745, 'M', 'Juan Luis', 'García Vaquero', '600559446', 'j.garcia@alonarti.com', 1),
(7640, 500, 100745, 'F', 'Amparo', 'Prieto Traore', '640728243', 'a.prieto@alonarti.com', 1),
(7641, 601, 100745, 'M', 'José', 'Barea Baca', '667876538', 'j.barea@alonarti.com', 1),
(7642, 701, 100745, 'M', 'José Andres', 'Aguilar Maldonado', '641369199', 'j.aguilar@alonarti.com', 1),
(7643, 1, 100746, 'F', 'Aya', 'Sánchez Troiteiro', '638650604', 'a.sanchez@juancapella.com', 0),
(7644, 501, 100746, 'M', 'Narciso', 'Prieto Olivera', '681102764', 'n.prieto@juancapella.com', 1),
(7645, 600, 100746, 'M', 'José Javier', 'Benítez Arrebola', '648307976', 'j.benitez@juancapella.com', 1),
(7646, 702, 100746, 'F', 'Nieves', 'Cortes Alvarez', '627164819', 'n.cortes@juancapella.com', 1),
(7647, 25, 100747, 'F', 'Sandra', 'Ramírez Fontan', '676290278', 's.ramirez@tvitec.com', 1),
(7648, 700, 100747, 'M', 'Carlos Maria', 'Santos Selles', '665128790', 'c.santos@tvitec.com', 0),
(7649, 700, 100747, 'M', 'Carlos', 'Perez-prat Durban', '606631936', 'carlos.perez-prat@tvitec.com', 1),
(7650, 702, 100747, 'M', 'Iker', 'Rodríguez González', '630367133', 'iker.rodriguezgonzalez@tvitec.com', 1),
(7651, 701, 100748, 'M', 'Miguel', 'Pazos Ruperez', '651841654', 'm.pazos@rubberex.es', 1),
(7652, 601, 100748, 'M', 'Juan Carlos', 'Caballero Ballesteros', '699941305', 'j.caballero@rubberex.es', 1),
(7653, 610, 100748, 'M', 'Sixto', 'Herrero Carpintero', '613765930', 's.herrero@rubberex.es', 1),
(7654, 700, 100748, 'M', 'José Gabriel', 'Andreu Vinagre', '604979350', 'j.andreu@rubberex.es', 1),
(7655, 990, 100749, 'M', 'Mamadou', 'Carvajal Reguero', '641352235', 'm.carvajal@legumbrespedro.com', 1),
(7656, 600, 100749, 'M', 'Cristian', 'Herce ', '625821238', 'cristian.herce@legumbrespedro.com', 1),
(7657, 500, 100749, 'F', 'Azucena', 'Pérez Padron', '698101505', 'a.perez@legumbrespedro.com', 0),
(7658, 700, 100749, 'F', 'Alejandra', 'López Guerrero', '609443228', 'a.lopez@legumbrespedro.com', 1),
(7659, 1, 100750, 'M', 'Luis', 'Pérez Alcon', '659325259', 'l.perez@emoreno.com', 1),
(7660, 990, 100750, 'M', 'Pedro Vicente', 'Ripoll Alaminos', '684671734', 'p.ripoll@emoreno.com', 1),
(7661, 701, 100750, 'M', 'David', 'López Molina', '691544323', 'david.lopezmolina@emoreno.com', 1),
(7662, 52, 100750, 'F', 'Rocío', 'Sancho ', '668658393', 'rocio.sancho@emoreno.com', 1),
(7663, 501, 100751, 'M', 'Marciano', 'Acevedo Plazas', '619939464', 'm.acevedo@mmminguela.com', 1),
(7664, 500, 100751, 'M', 'Ricardo', 'Santos Tomas', '631334932', 'r.santos@mmminguela.com', 1),
(7665, 610, 100751, 'F', 'Ines Maria', 'Diaz Orgaz', '631872431', 'i.diaz@mmminguela.com', 0),
(7666, 701, 100751, 'M', 'Sebastian', 'Morales Chamizo', '695193962', 's.morales@mmminguela.com', 1),
(7667, 700, 100752, 'M', 'Joaquin', 'Peña Balaguer', '644579409', 'j.pena@dulces-laponderosa.com', 1),
(7668, 702, 100752, 'F', 'Paula', 'Ferrer I Mach', '638868995', 'paula.ferrerimach@dulces-laponderosa.com', 1),
(7669, 601, 100752, 'M', 'Danel', 'Flores Galiano', '608335606', 'd.flores@dulces-laponderosa.com', 1),
(7670, 702, 100752, 'M', 'Aomar', 'Gómez Osuna', '644810332', 'aomar.gomez@dulces-laponderosa.com', 1),
(7671, 600, 100753, 'M', 'Matteo', 'Gómez Garces', '624703985', 'm.gomez@teyder.com', 1),
(7672, 56, 100753, 'F', 'Senda', 'Sanchez Moreno', '637952200', 'senda.sanchez@teyder.com', 1),
(7673, 501, 100753, 'M', 'Guillermo José', 'Hidalgo Balboa', '690423174', 'g.hidalgo@teyder.com', 1),
(7674, 600, 100753, 'M', 'Luis David', 'Freire Piñon', '613921856', 'l.freire@teyder.com', 0),
(7675, 25, 100754, 'F', 'Sofía', 'Cristobo Vicente', '659970872', 'sofia.cristobo@ngs.eu', 1),
(7676, 700, 100754, 'M', 'Mhamed', 'Reyes Montaña', '677392871', 'm.reyes@ngs.eu', 1),
(7677, 500, 100754, 'M', 'Marc', 'García Zapata', '626184216', 'm.garcia@ngs.eu', 1),
(7678, 700, 100754, 'M', 'Francisco', 'Moral Gorgojo', '672395126', 'francisco.moralgorgojo@ngs.eu', 1),
(7679, 701, 100755, 'M', 'Sergio', 'Rubiato Paredes', '674996928', 'sergio.rubiato@cargotec.com', 1),
(7680, 28, 100755, 'M', 'Carlos Luis', 'Esteban Ramos', '622244387', 'c.esteban@cargotec.com', 1),
(7681, 701, 100755, 'M', 'Leandro', 'Vega Aguayo', '692556899', 'l.vega@cargotec.com', 1),
(7682, 218, 100755, 'M', 'Daniel', 'Izquierdo Molero', '642604905', 'daniel.izquierdo@cargotec.com', 0),
(7683, 600, 100756, 'M', 'Alejo', 'Vargas Estebanez', '610669346', 'a.vargas@illargui.com', 1),
(7684, 600, 100756, 'M', 'Ceferino', 'García Perea', '618530220', 'c.garcia@illargui.com', 1),
(7685, 610, 100756, 'M', 'Lorenzo', 'Alcazar Eslava', '651215940', 'l.alcazar@illargui.com', 1),
(7686, 701, 100756, 'F', 'Felipa', 'Ferreiro Barreira', '680484808', 'f.ferreiro@illargui.com', 1),
(7687, 1, 100757, 'F', 'Laura', 'Juan Ruiz', '681738626', 'laura.juan@danosa.com', 1),
(7688, 25, 100757, 'M', 'Mario', 'Isern Planas', '655223566', 'mario.isernplanas@danosa.com', 1),
(7689, 601, 100757, 'M', 'Buenaventura', 'Montoro Muller', '696403303', 'b.montoro@danosa.com', 1),
(7690, 701, 100757, 'M', 'Rafael', 'Oliva Carbajal', '688328907', 'r.oliva@danosa.com', 1),
(7691, 990, 100758, 'M', 'Laureano', 'Pérez Barrero', '626820392', 'l.perez@zorpack.com', 0),
(7692, 990, 100758, 'F', 'Eva María', 'Famarguilea', '616575275', 'evamaria.famarguilea@zorpack.com', 1),
(7693, 702, 100758, 'M', 'Agapito', 'Ortiz Guillem', '682158727', 'a.ortiz@zorpack.com', 1),
(7694, 702, 100758, 'F', 'Marta', 'Aguilar  Bolivar', '681811397', 'marta.aguilar@zorpack.com', 1),
(7695, 501, 100759, 'M', 'Santiago', 'Parra Pablos', '608900456', 's.parra@equip3000.es', 1),
(7696, 702, 100759, 'F', 'Rocío', 'Ibañez', '623499734', 'rocio.ibanez@equip3000.es', 1),
(7697, 500, 100759, 'M', 'Mourad', 'Vela Marugan', '623669224', 'm.vela@equip3000.es', 1),
(7698, 702, 100759, 'M', 'Sergio', 'Ramos  Fornes', '660862960', 'sergio.ramos@equip3000.es', 1),
(7699, 501, 100760, 'M', 'Boris', 'Singh Fayos', '657576141', 'b.singh@telefonica.net', 0),
(7700, 700, 100760, 'M', 'José Martin', 'Esteban Guardiola', '698315461', 'j.esteban@telefonica.net', 1),
(7701, 600, 100760, 'M', 'Angelo', 'Ordoñez Fores', '678113900', 'a.ordonez@telefonica.net', 1),
(7702, 702, 100760, 'M', 'Gheorghe', 'Cano Roura', '613658381', 'g.cano@telefonica.net', 1),
(7703, 1, 100761, 'F', 'Pilar', 'Carreras Iturralde', '698956191', 'p.carreras@toroalbala.com', 1),
(7704, 1, 100761, 'M', 'Juan Pablo', 'Bueno Bah', '681553395', 'j.bueno@toroalbala.com', 1),
(7705, 700, 100761, 'F', 'Irene', 'Perez Gomez', '653706876', 'irene.perezgomez@toroalbala.com', 1),
(7706, 501, 100761, 'F', 'Celia', 'Asensio Cartagena', '640784948', 'c.asensio@toroalbala.com', 1),
(7707, 1, 100762, 'M', 'Pablo', 'Molist Codina', '687418169', 'pablo.molistcodina@aceitesandua.com', 1),
(7708, 702, 100762, 'F', 'Fuensanta', 'Gutierrez Jose', '643815195', 'f.gutierrez@aceitesandua.com', 0),
(7709, 501, 100762, 'F', 'Maria Reyes', 'Gómez Bilbao', '685769164', 'm.gomez@aceitesandua.com', 1),
(7710, 600, 100762, 'F', 'Maria Candelaria', 'Martin Valentin', '638718930', 'm.martin@aceitesandua.com', 1),
(7711, 500, 100763, 'F', 'Estefania', 'Godoy Macarro', '600536269', 'e.godoy@gomacamps.com', 1),
(7712, 500, 100763, 'M', 'Cesar', 'Campos Hinojosa', '647642381', 'c.campos@gomacamps.com', 1),
(7713, 610, 100763, 'M', 'Raico', 'Carrasco  Henao', '667978980', 'raico.carrasco@gomacamps.com', 1),
(7714, 700, 100763, 'F', 'Ana', 'Soler Donate', '669754142', 'ana.soler@gomacamps.com', 1),
(7715, 500, 100764, 'M', 'Armando', 'Serrano Herraiz', '617496311', 'a.serrano@condebenalua.com', 1),
(7716, 501, 100764, 'M', 'Antonio', 'Fernández Romeo', '609774665', 'antonio.fernandez@condebenalua.com', 0),
(7717, 501, 100764, 'F', 'Jessica', 'Caballero Puche', '608774166', 'j.caballero@condebenalua.com', 1),
(7718, 700, 100764, 'M', 'Abel', 'Medina Pico', '637261181', 'a.medina@condebenalua.com', 1),
(7719, 1, 100765, 'F', 'Margarita', 'Aguilar Amillo', '609851897', 'm.aguilar@quesosanabria.com', 1),
(7720, 990, 100765, 'M', 'Yerai', 'Linares Trapero', '645509860', 'y.linares@quesosanabria.com', 1),
(7721, 600, 100765, 'F', 'María', 'Montes Diaz', '640967852', 'maria.montesdiaz@quesosanabria.com', 1),
(7722, 610, 100765, 'F', 'Benita', 'Santana Benjumea', '648757795', 'b.santana@quesosanabria.com', 1),
(7723, 702, 100766, 'M', 'Dominic', 'Vila ', '680829513', 'dominic.vila@telefonica.net', 1),
(7724, 600, 100766, 'M', 'Oscar', 'Aranda Lezcano', '650125570', 'o.aranda@telefonica.net', 1),
(7725, 601, 100766, 'M', 'Eduardo', 'Cano Ponce', '601493921', 'e.cano@telefonica.net', 0),
(7726, 702, 100766, 'M', 'Vicent', 'García Nicolas', '694939912', 'v.garcia@telefonica.net', 1),
(7727, 38, 100767, 'F', 'Nuria', 'Bravo Vico', '636291689', 'n.bravo@industrialsagarra.com', 1),
(7728, 500, 100767, 'F', 'Nuria', 'González Fuertes', '671972957', 'n.gonzalez@industrialsagarra.com', 1),
(7729, 990, 100767, 'M', 'Pablo', 'Díez', '683628586', 'pablo.diez@industrialsagarra.com', 1),
(7730, 701, 100767, 'M', 'Alexis', 'Ruiz Doncel', '644208731', 'a.ruiz@industrialsagarra.com', 0),
(7731, 501, 100768, 'M', 'Diego', 'Camacho Iniesta', '657467341', 'diego.camachoiniesta@bodegasvinosdeleon.es', 1),
(7732, 1, 100768, 'F', 'Sara', 'Oetker', '613647105', 'sara.oetker@bodegasvinosdeleon.es', 1),
(7733, 500, 100768, 'M', 'Mario', 'Prieto Moreno', '607510200', 'mario.prietomoreno@bodegasvinosdeleon.es', 1),
(7734, 500, 100768, 'F', 'Malika', 'Jiménez Abella', '649800423', 'm.jimenez@bodegasvinosdeleon.es', 1),
(7735, 701, 100769, 'M', 'José Esteban', 'Blanco Hernández', '665383744', 'j.blanco@vallobera.com', 1),
(7736, 600, 100769, 'M', 'George', 'Gómez Pavon', '653607761', 'g.gomez@vallobera.com', 1),
(7737, 501, 100769, 'M', 'Costel', 'Gómez Figueroa', '652127945', 'c.gomez@vallobera.com', 1),
(7738, 701, 100769, 'F', 'Raquel', 'Mesta Ortega', '678660114', 'raquel.mestaortega@vallobera.com', 1),
(7739, 1, 100770, 'F', 'Adriana', 'Carbajo Otero', '679817246', 'adriana.carbajootero@st-endoscopia.es', 0),
(7740, 701, 100770, 'F', 'Noa', 'Castillo Fariña', '670787643', 'n.castillo@st-endoscopia.es', 1),
(7741, 702, 100770, 'M', 'Pedro Francisco', 'Sánchez Vilalta', '659433397', 'p.sanchez@st-endoscopia.es', 1),
(7742, 702, 100770, 'F', 'Emma', 'Esteban  Marina', '624830101', 'emma.esteban@st-endoscopia.es', 1),
(7743, 38, 100771, 'M', 'Jacques', 'García Gómez', '623667704', 'jacques.garcia@obrerol-monza.com', 1),
(7744, 38, 100771, 'F', 'María Dolores', 'Serra', '660503833', 'mariadolores.serra@obrerol-monza.com', 1),
(7745, 990, 100771, 'M', 'Alberto', 'Iglesias  Soria', '696964170', 'alberto.iglesias@obrerol-monza.com', 1),
(7746, 701, 100771, 'M', 'Miguel Angel', 'Blanco Chica', '640870662', 'm.blanco@obrerol-monza.com', 1),
(7747, 500, 100772, 'M', 'Elian', 'Sarmiento Sintes', '668961112', 'e.sarmiento@salsasjr.com', 0),
(7748, 700, 100772, 'M', 'Amable', 'Ramírez Carpio', '631927871', 'a.ramirez@salsasjr.com', 1),
(7749, 58, 100772, 'M', 'Jano', 'Rodríguez ', '651702860', 'jano.rodriguez@salsasjr.com', 1),
(7750, 58, 100772, 'M', 'Lorenzo', 'Méndez Madueño', '691438260', 'l.mendez@salsasjr.com', 1),
(7751, 600, 100773, 'M', 'Luis Alfredo', 'García Ortuño', '606499300', 'l.garcia@enteco.biz', 1),
(7752, 501, 100773, 'M', 'Ilian', 'López Ibor Alcocer', '663928798', 'ilian.lopez@enteco.biz', 1),
(7753, 600, 100773, 'M', 'Andres Manuel', 'Flores Jarque', '697602849', 'a.flores@enteco.biz', 1),
(7754, 610, 100773, 'F', 'Azahara', 'Garces Murciano', '681343387', 'a.garces@enteco.biz', 1),
(7755, 700, 100774, 'F', 'Carmen', 'Martínez De San Vicente Oliveras', '648351211', 'carmen.martinez@amanida.com', 1),
(7756, 501, 100774, 'F', 'Myrna', 'De La Torre Millán', '634827472', 'myrna.delatorre@amanida.com', 0),
(7757, 600, 100774, 'F', 'Ruth', 'Castillo Lumbreras', '648990293', 'r.castillo@amanida.com', 1),
(7758, 702, 100774, 'M', 'Victor Jesús', 'Nieto Tellez', '638204399', 'v.nieto@amanida.com', 1),
(7759, 990, 100775, 'M', 'Juan Carlos', 'Cruz Sanchez', '673934473', 'juancarlos.cruz@yudigar.com', 1),
(7760, 501, 100775, 'M', 'Juan Enrique', 'Cano Garrigos', '644631678', 'j.cano@yudigar.com', 1),
(7761, 500, 100775, 'F', 'Maria Teresa', 'Gómez Peinado', '644359484', 'm.gomezp@yudigar.com', 1),
(7762, 601, 100775, 'M', 'Alejandro', 'Paez Corrochano', '654101368', 'a.paez@yudigar.com', 1),
(7763, 702, 100776, 'M', 'Rodrigo', 'Rubio Novo', '665967314', 'r.rubio@cardivais.com', 1),
(7764, 600, 100776, 'M', 'Moises', 'Caballero Saura', '614403777', 'm.caballero@cardivais.com', 0),
(7765, 500, 100776, 'M', 'Vicente', 'Ribas Balcells', '634480263', 'v.ribas@cardivais.com', 1),
(7766, 700, 100776, 'F', 'Joséfa', 'Crespo Laso', '624400539', 'j.crespo@cardivais.com', 1),
(7767, 700, 100777, 'F', 'Ena', 'Borrell Vila', '698616583', 'ena.borrell@bodegaselosegi.com', 1),
(7768, 701, 100777, 'F', 'Osane', 'Sierra Molina', '664815923', 'osane.sierra@bodegaselosegi.com', 1),
(7769, 34, 100777, 'F', 'María Ángeles', 'Gutiez Chagartegui', '663308249', 'mariaangeles.gutiez@bodegaselosegi.com', 1),
(7770, 702, 100777, 'F', 'Valeria', 'Ortega Gómez', '650294726', 'valeria.ortegagomez@bodegaselosegi.com', 1),
(7771, 990, 100778, 'F', 'Esperanza', 'Medina Bouzas', '601719273', 'e.medina@avelinovegas.com', 1),
(7772, 700, 100778, 'F', 'Ana Maria', 'Rubio Ferrer', '652937894', 'a.rubio@avelinovegas.com', 1),
(7773, 701, 100778, 'M', 'Antonio José', 'Quintana El Amrani', '662964155', 'a.quintana@avelinovegas.com', 0),
(7774, 701, 100778, 'M', 'Pedro Manuel', 'Campos Jimenez', '619690306', 'p.campos@avelinovegas.com', 1);


INSERT INTO `contactos` (`contacto_id`, `cargo_id`, `cliente_id`, `genero`, `nombre`, `apellidos`, `movil`, `email`, `activo`) VALUES
(7775, 501, 100779, 'M', 'José Antonio', 'Toledo Escandell', '676581217', 'j.toledo@playmobil.de', 1),
(7776, 501, 100779, 'M', 'Jacinto', 'Ramos Orts', '614947959', 'j.ramos@playmobil.de', 1),
(7777, 610, 100779, 'F', 'June', 'Moreno Callejo', '688433777', 'j.moreno@playmobil.de', 1),
(7778, 702, 100779, 'M', 'Marcos', 'Diaz Montes', '684501951', 'm.diaz@playmobil.de', 1),
(7779, 702, 100780, 'F', 'Mai', 'Janeiro Ramos', '658857166', 'mai.janeiro@mcm.es', 1),
(7780, 610, 100780, 'M', 'Victor Javier', 'Blasco Huerga', '646377313', 'v.blasco@mcm.es', 1),
(7781, 610, 100780, 'F', 'Maria Carmen', 'González De Leon', '656543208', 'm.gonzalez@mcm.es', 0),
(7782, 702, 100780, 'M', 'Remigio', 'Soler Pastor', '613267107', 'r.soler@mcm.es', 1),
(7783, 500, 100781, 'F', 'Raquel', 'Sesma Ibilceta', '608800549', 'raquel.sesma@crowncork.com', 1),
(7784, 38, 100781, 'F', 'Maria Mercedes', 'García De Los Reyes', '636857952', 'm.garcia@crowncork.com', 1),
(7785, 500, 100781, 'F', 'Ines', 'Gascon Veloso', '619875572', 'i.gascon@crowncork.com', 1),
(7786, 501, 100781, 'F', 'María', 'Gonzalez Muñoz', '602956649', 'maria.gonzalezmunoz@crowncork.com', 1),
(7787, 701, 100782, 'F', 'Miriam', 'Aguirre Galatas', '664458673', 'miriam.aguirregalatas@laken.es', 1),
(7788, 34, 100782, 'F', 'Ana', 'Barrena Santos', '634913711', 'ana.barrenasantos@laken.es', 1),
(7789, 38, 100782, 'M', 'Gines', 'Araujo Carral', '660183425', 'g.araujo@laken.es', 1),
(7790, 600, 100782, 'M', 'Severiano', 'Carmona Alejandre', '601221890', 's.carmona@laken.es', 0),
(7791, 600, 100783, 'M', 'José Maria', 'Ramírez Palmero', '641338994', 'j.ramirez@papier-mettler.com', 1),
(7792, 610, 100783, 'F', 'Paula', 'Hernandez Gras', '653523752', 'p.hernandez@papier-mettler.com', 1),
(7793, 700, 100783, 'M', 'Enrique José', 'Gallego Hernan', '620674123', 'e.gallego@papier-mettler.com', 1),
(7794, 700, 100783, 'M', 'Leon', 'Duran Vazquez', '679557875', 'l.duran@papier-mettler.com', 1),
(7795, 700, 100784, 'F', 'Verónica', 'Fernández Romero', '675915304', 'veronica.fernandezromero@nekicesa.com', 1),
(7796, 34, 100784, 'M', 'Xabier', 'Real Roy', '682614655', 'x.real@nekicesa.com', 1),
(7797, 501, 100784, 'M', 'Yuriy', 'Vidal Mandayo', '602471565', 'y.vidal@nekicesa.com', 1),
(7798, 700, 100784, 'M', 'Carlos', 'Pineda Cintas', '643205291', 'c.pineda@nekicesa.com', 0),
(7799, 700, 100785, 'F', 'Anna Maria', 'Calvo Alcolea', '611899220', 'a.calvo@hidral.com', 1),
(7800, 701, 100785, 'M', 'Bruno', 'León Toral', '656174116', 'b.leon@hidral.com', 1),
(7801, 601, 100785, 'M', 'José Manuel', 'Garrido Montalvo', '633662250', 'j.garrido@hidral.com', 1),
(7802, 601, 100785, 'M', 'Ramon', 'Hidalgo Oller', '657330526', 'r.hidalgo@hidral.com', 1),
(7803, 990, 100786, 'F', 'Mónica', 'Mur Mir', '608758979', 'monica.mur@maderasjosesaiz.es', 1),
(7804, 501, 100786, 'F', 'María Mar', 'Méndez  Bonillo', '607624674', 'mariamar.mendez@maderasjosesaiz.es', 1),
(7805, 700, 100786, 'F', 'Carmen', 'Carmona Casado', '634426848', 'c.carmona@maderasjosesaiz.es', 1),
(7806, 700, 100786, 'F', 'Angela Maria', 'Pastor Poyatos', '670271362', 'a.pastor@maderasjosesaiz.es', 1),
(7807, 700, 100787, 'M', 'Peter', 'Barrio Munteanu', '682239830', 'p.barrio@aceitunasjaen.es', 0),
(7808, 600, 100787, 'F', 'Asuncion', 'Armas Rabanal', '657788310', 'a.armas@aceitunasjaen.es', 1),
(7809, 610, 100787, 'F', 'Daniela', 'Torres Arencibia', '679764103', 'd.torres@aceitunasjaen.es', 1),
(7810, 610, 100787, 'F', 'Susana', 'Vidal Hoyos', '656518526', 's.vidal@aceitunasjaen.es', 1),
(7811, 701, 100788, 'F', 'Maria Isabel', 'Melero Docampo', '631252135', 'm.melero@agromediterranea.es', 1),
(7812, 15, 100788, 'M', 'Sebastian', 'Cardona Capella', '660794461', 's.cardona@agromediterranea.es', 0),
(7813, 500, 100788, 'M', 'Victor Manuel', 'Rocha Fofana', '685220793', 'v.rocha@agromediterranea.es', 1),
(7814, 700, 100788, 'M', 'Guillermo', 'Ortiz Herrador', '614747501', 'g.ortiz@agromediterranea.es', 1),
(7815, 702, 100789, 'F', 'Angeles', 'Otero Iturbe', '625484452', 'a.otero@granadalapalma.com', 1),
(7816, 702, 100789, 'M', 'Cristian', 'Aguirre Alberca', '608599275', 'c.aguirre@granadalapalma.com', 1),
(7817, 700, 100789, 'M', 'Oriol', 'Miranda Sedeño', '697761499', 'o.miranda@granadalapalma.com', 1),
(7818, 700, 100789, 'M', 'Yago', 'Castro Gallegos', '690302433', 'y.castro@granadalapalma.com', 1),
(7819, 501, 100790, 'F', 'Pilar', 'Gómez Valles', '678153201', 'p.gomez@griffithlaboratories.com', 1),
(7820, 500, 100790, 'F', 'Izaskun', 'Moya Roget', '614776560', 'i.moya@griffithlaboratories.com', 1),
(7821, 601, 100790, 'M', 'Iker', 'Gallardo  Camarena', '606904761', 'iker.gallardo@griffithlaboratories.com', 0),
(7822, 700, 100790, 'M', 'Pol', 'Segura Payan', '690847822', 'p.segura@griffithlaboratories.com', 1),
(7823, 702, 100791, 'F', 'Maria', 'Muñoz Solana', '642436412', 'm.munoz@bodegaslaestacion.es', 1),
(7824, 610, 100791, 'F', 'Gloria', 'Salgado Penas', '621345514', 'g.salgado@bodegaslaestacion.es', 1),
(7825, 700, 100791, 'M', 'Alvaro', 'Martínez Maya', '642259931', 'a.martinez@bodegaslaestacion.es', 1),
(7826, 700, 100791, 'M', 'Octavio', 'Fernández Infante', '621698753', 'o.fernandez@bodegaslaestacion.es', 1),
(7827, 700, 100792, 'M', 'Eudald', 'Serrano Meza', '651779907', 'e.serrano@terra.es', 1),
(7828, 34, 100792, 'F', 'Lorde', 'Sibil ', '681791256', 'lorde.sibil@terra.es', 1),
(7829, 701, 100792, 'F', 'Mae', 'Lazaro Sanchez', '606943759', 'mae.lazaro@terra.es', 0),
(7830, 56, 100792, 'M', 'David', 'Pulgar', '679221803', 'david.pulgar@terra.es', 1),
(7831, 500, 100793, 'M', 'Agustin', 'Aguilar Pardo', '692642727', 'a.aguilar@manipuladosescriba.com', 1),
(7832, 500, 100793, 'F', 'Rosa Ana', 'Vidal Esteban', '656727819', 'r.vidal@manipuladosescriba.com', 1),
(7833, 600, 100793, 'M', 'José Julio', 'Gallardo De Jesus', '669871222', 'j.gallardo@manipuladosescriba.com', 1),
(7834, 700, 100793, 'M', 'Juan', 'Franco Ravelo', '692909308', 'j.franco@manipuladosescriba.com', 1),
(7835, 600, 100794, 'M', 'José Antonio', 'Legarda Zaragueta', '673789200', 'joseantonio.legarda@bodegapirineos.com', 1),
(7836, 15, 100794, 'M', 'Vasyl', 'Garrido Gadea', '642823537', 'v.garrido@bodegapirineos.com', 1),
(7837, 701, 100794, 'F', 'Elena', 'Perez Moreno', '622586226', 'elena.perezmoreno@bodegapirineos.com', 1),
(7838, 52, 100794, 'F', 'Dolors', 'Moya Herreros', '692930498', 'd.moya@bodegapirineos.com', 0),
(7839, 600, 100795, 'M', 'Jael', 'Martinez Lopez', '622956825', 'jael.martinez@gmail.com', 1),
(7840, 600, 100795, 'F', 'Carla', 'Mora Diaz', '699154853', 'carla.moradiaz@gmail.com', 1),
(7841, 501, 100795, 'F', 'Esther', 'Rojas Capitan', '608192727', 'e.rojas@gmail.com', 1),
(7842, 600, 100795, 'M', 'Pablo', 'Amador De Vega', '654433356', 'p.amador@gmail.com', 1),
(7843, 990, 100796, 'F', 'Lorena', 'Moreno Fuentes', '682414296', 'lorena.morenofuentes@alpesa.com', 1),
(7844, 15, 100796, 'M', 'Mateo', 'Lahoz Sevilla', '629698684', 'mateo.lahoz@alpesa.com', 1),
(7845, 500, 100796, 'M', 'Felipe', 'Rey Trenado', '670497589', 'f.rey@alpesa.com', 1),
(7846, 700, 100796, 'M', 'Manuel', 'Galvan Guinea', '665457952', 'm.galvan@alpesa.com', 0),
(7847, 990, 100797, 'M', 'Constantin', 'Molina Navalon', '622292277', 'c.molina@galletasgargallo.com', 1),
(7848, 34, 100797, 'F', 'Cristina', 'Gómez Noguera', '617901458', 'c.gomez@galletasgargallo.com', 1),
(7849, 501, 100797, 'M', 'Jesús Angel', 'Padilla Pi', '685311506', 'j.padilla@galletasgargallo.com', 1),
(7850, 600, 100797, 'F', 'Sara', 'Pérez Veiga', '698983495', 's.perez@galletasgargallo.com', 1),
(7851, 700, 100798, 'F', 'Noa', 'San Martín', '692480934', 'noa.sanmartin@gmail.com', 1),
(7852, 700, 100798, 'M', 'Domingo', 'Navarro Ocampo', '692629587', 'd.navarro@gmail.com', 1),
(7853, 500, 100798, 'F', 'Maria Rosario', 'Carrasco Zheng', '656520215', 'm.carrasco@gmail.com', 1),
(7854, 601, 100798, 'M', 'Antonio', 'Marín Pajuelo', '697975762', 'a.marin@gmail.com', 1),
(7855, 701, 100799, 'F', 'Maria Beatriz', 'Marin Dual', '659184527', 'm.marin@maverick.es', 0),
(7856, 600, 100799, 'M', 'Honorio', 'González Del Barrio', '636197317', 'h.gonzalez@maverick.es', 1),
(7857, 700, 100799, 'M', 'Carlos', 'Martin Navarro', '603749112', 'carlos.martinnavarro@maverick.es', 1),
(7858, 702, 100799, 'M', 'Xavier', 'Suarez Antolin', '618264690', 'x.suarez@maverick.es', 1),
(7859, 702, 100800, 'M', 'Iván', 'Berdejo García', '645727578', 'ivan.berdejo@garciabaquero.com', 1),
(7860, 501, 100800, 'F', 'Valentina', 'Farga Bertrán', '689299497', 'valentina.fargabertran@garciabaquero.com', 1),
(7861, 990, 100800, 'M', 'Manuel Fernando', 'Davila Cobas', '621733401', 'm.davila@garciabaquero.com', 1),
(7862, 600, 100800, 'M', 'Luis Miguel', 'Parra Anglada', '664810429', 'l.parra@garciabaquero.com', 1),
(7863, 600, 100801, 'M', 'Ruben', 'Romero Duran', '633105891', 'r.romero@smurfitkappa.es', 0),
(7864, 990, 100801, 'M', 'Francisco Asis', 'Morales Granado', '667545783', 'f.morales@smurfitkappa.es', 1),
(7865, 700, 100801, 'F', 'Lourdes', 'García Leal', '694372885', 'l.garcia@smurfitkappa.es', 1),
(7866, 702, 100801, 'M', 'David Alejandro', 'Lozano Prieto', '691398689', 'd.lozano@smurfitkappa.es', 1),
(7867, 990, 100802, 'M', 'José Adrian', 'Cortes Soares', '618451821', 'j.cortes@uponor.com', 1),
(7868, 700, 100802, 'M', 'Enol', 'Calvo Del Rosario', '684566124', 'e.calvo@uponor.com', 1),
(7869, 610, 100802, 'M', 'José Carlos', 'Gómez Rosales', '604316124', 'j.gomez@uponor.com', 1),
(7870, 702, 100802, 'M', 'Luis', 'Pulido Zubizarreta', '680939152', 'l.pulido@uponor.com', 1),
(7871, 990, 100803, 'F', 'Candela', 'Rodrigo Gorriz', '684218536', 'c.rodrigo@auxiliarconservera.es', 1),
(7872, 1, 100803, 'F', 'Laura Maria', 'Prieto Rioja', '654918993', 'l.prieto@auxiliarconservera.es', 0),
(7873, 700, 100803, 'M', 'José Angel', 'Marín Boluda', '640893575', 'j.marin@auxiliarconservera.es', 1),
(7874, 701, 100803, 'M', 'Luis Ignacio', 'Alfaro Imaz', '676576181', 'l.alfaro@auxiliarconservera.es', 1),
(7875, 501, 100804, 'M', 'Sandro', 'Torres Rojas', '675100534', 's.torres@tnasolutions.com', 1),
(7876, 600, 100804, 'F', 'Sebastiana', 'Moreno Trinidad', '676189839', 's.moreno@tnasolutions.com', 1),
(7877, 700, 100804, 'M', 'Gregorio', 'Bolaños Montesdeoca', '656773738', 'g.bolanos@tnasolutions.com', 1),
(7878, 701, 100804, 'M', 'Luis Francisco', 'Gómez Laguna', '677247110', 'l.gomez@tnasolutions.com', 1),
(7879, 500, 100805, 'M', 'Guillermo', 'Gutiérrez Iñiguez', '673102321', 'g.gutierrez@gmail.com', 1),
(7880, 610, 100805, 'M', 'Amar', 'Martin Adell', '652130130', 'a.martin@gmail.com', 0),
(7881, 701, 100805, 'M', 'Larbi', 'Marín Amor', '683678219', 'l.marin@gmail.com', 1),
(7882, 701, 100805, 'M', 'Laurentino', 'Diaz Villen', '617545353', 'l.diaz@gmail.com', 1),
(7883, 701, 100806, 'M', 'Joan', 'Salmeron Pozas', '675856293', 'j.salmeron@elnur.es', 1),
(7884, 500, 100806, 'M', 'Alejandro', 'De La Fuente Roman', '622617227', 'alejandro.delafuenteroman@elnur.es', 1),
(7885, 702, 100806, 'M', 'Carlos', 'Ceballos Piñera', '667539327', 'c.ceballos@elnur.es', 1),
(7886, 702, 100806, 'M', 'Imad', 'Morales Cabrera', '677424308', 'i.morales@elnur.es', 1),
(7887, 1, 100807, 'F', 'Alexia', 'Rodríguez Campoy', '623930317', 'a.rodriguez@embutidossola.com', 1),
(7888, 702, 100807, 'F', 'Martina', 'De Oro Carrera', '664721382', 'martina.deoro@embutidossola.com', 1),
(7889, 501, 100807, 'M', 'Sergio', 'García Hermoso', '627798440', 'sergio.garciahermoso@embutidossola.com', 1),
(7890, 601, 100807, 'M', 'Ahmed', 'Sanz Maestro', '659446819', 'a.sanz@embutidossola.com', 0),
(7891, 501, 100808, 'M', 'Martín', 'Carbajo Otero', '661264409', 'martin.carbajootero@gruponavec.com', 1),
(7892, 501, 100808, 'F', 'María Carmen', 'Vidal  Ferrandez', '620649638', 'mariacarmen.vidal@gruponavec.com', 1),
(7893, 610, 100808, 'M', 'Sami', 'Castellanos Cabero', '615735918', 's.castellanos@gruponavec.com', 1),
(7894, 700, 100808, 'M', 'Venancio', 'Martínez Tejedor', '622379600', 'v.martinez@gruponavec.com', 1),
(7895, 1, 100809, 'M', 'Joan Josép', 'Martin Domingo', '687992277', 'j.martin@tableros-hispanos.es', 1),
(7896, 25, 100809, 'M', 'Mounir', 'Soler Revilla', '684703396', 'm.soler@tableros-hispanos.es', 1),
(7897, 610, 100809, 'M', 'Ismael', 'Cano Torralba', '604581316', 'i.cano@tableros-hispanos.es', 1),
(7898, 610, 100809, 'M', 'Teo', 'Santos Hermoso', '662390221', 't.santos@tableros-hispanos.es', 1),
(7899, 1, 100810, 'M', 'Antonio', 'Baroja Rieu', '692981711', 'antonio.barojarieu@ovelar.com', 0),
(7900, 25, 100810, 'F', 'Purificacion', 'Medina Gisbert', '681956587', 'p.medina@ovelar.com', 1),
(7901, 610, 100810, 'M', 'Oliver', 'Muñoz Vega', '627175844', 'o.munoz@ovelar.com', 1),
(7902, 610, 100810, 'M', 'Miguel Angel', 'Gallego Revuelta', '626605653', 'm.gallego@ovelar.com', 1),
(7903, 500, 100811, 'M', 'Jaume', 'Betancor Quintana', '636674755', 'j.betancor@bigdrum.com', 1),
(7904, 700, 100811, 'M', 'Alatz', 'Manzano Morales', '658624377', 'alatz.manzano@bigdrum.com', 1),
(7905, 702, 100811, 'M', 'Álvaro', 'Espinosa Guerra', '650253154', 'alvaro.espinosaguerra@bigdrum.com', 1),
(7906, 702, 100811, 'M', 'Gabriel', 'Gutiérrez Benito', '645254256', 'g.gutierrez@bigdrum.com', 1),
(7907, 701, 100812, 'M', 'Alejandro', 'Calleja García', '691652439', 'alejandro.calleja@natureessential.com', 0),
(7908, 701, 100812, 'M', 'Ivan', 'Rojas Terron', '629229954', 'i.rojas@natureessential.com', 1),
(7909, 500, 100812, 'M', 'Amalio', 'Robles Barberan', '630654440', 'a.robles@natureessential.com', 1),
(7910, 501, 100812, 'F', 'Elizabeth', 'Peña Utrera', '647244645', 'e.pena@natureessential.com', 1),
(7911, 500, 100813, 'M', 'Ayman', 'Ibáñez Alierta', '654991946', 'a.ibanez@conuva.com', 1),
(7912, 702, 100813, 'M', 'Antonio', 'Gallardo Barga', '690454844', 'a.gallardo@conuva.com', 1),
(7913, 701, 100813, 'M', 'Arturo', 'Duran Cabañas', '674847349', 'a.duran@conuva.com', 1),
(7914, 701, 100813, 'F', 'Sandrina', 'Hernández  Francisco', '627911869', 'sandrina.hernandez@conuva.com', 1),
(7915, 702, 100814, 'F', 'Manuela', 'Requena Lores', '697255108', 'm.requena@embalajesalbero.com', 1),
(7916, 501, 100814, 'M', 'Mateo', 'García Baena', '639599483', 'm.garcia@embalajesalbero.com', 0),
(7917, 700, 100814, 'F', 'Aina', 'Martínez Cazorla', '647693677', 'a.martinez@embalajesalbero.com', 1),
(7918, 702, 100814, 'M', 'José Marcos', 'Sanz Troncoso', '644692641', 'j.sanz@embalajesalbero.com', 1),
(7919, 50, 100815, 'M', 'Adrian', 'Trujillo Pardos', '601595558', 'a.trujillo@avancecarton.com', 1),
(7920, 51, 100815, 'M', 'Manuel José', 'Vázquez Gomes', '640625816', 'm.vazquez@avancecarton.com', 1),
(7921, 701, 100815, 'M', 'Carles', 'Cruz De Pablo', '661245320', 'c.cruz@avancecarton.com', 1),
(7922, 702, 100815, 'F', 'Saray', 'Gallardo Altuna', '642610448', 's.gallardo@avancecarton.com', 1),
(7923, 702, 100816, 'M', 'Mario', 'Ortiz Botella', '642565666', 'm.ortiz@olismifers.com', 1),
(7924, 610, 100816, 'M', 'Gerardo', 'Sáez Ortellado', '622694300', 'g.saez@olismifers.com', 0),
(7925, 702, 100816, 'M', 'Jacinto', 'García Arribas', '616891582', 'j.garcia@olismifers.com', 1),
(7926, 702, 100816, 'F', 'Merita', 'Ibáñez  Obregon', '665908294', 'merita.ibanez@olismifers.com', 1),
(7927, 39, 100817, 'F', 'Laura', 'Albiñana Tormo', '643105418', 'laura.albinanatormo@effytec.com', 1),
(7928, 501, 100817, 'F', 'Aida', 'Luengo De Mingo', '631910115', 'a.luengo@effytec.com', 1),
(7929, 601, 100817, 'F', 'Sara', 'García Duran', '606725424', 'sara.garciaduran@effytec.com', 1),
(7930, 701, 100817, 'M', 'Álvaro', 'Rider Aznar', '601979232', 'alvaro.rideraznar@effytec.com', 1),
(7931, 501, 100818, 'M', 'David', 'Noel ', '680939785', 'david.noel@salaet.com', 1),
(7932, 500, 100818, 'M', 'Rafael Angel', 'López Mengual', '674650607', 'r.lopez@salaet.com', 1),
(7933, 600, 100818, 'M', 'Enrique', 'González Sarmiento', '608646768', 'e.gonzalez@salaet.com', 0),
(7934, 990, 100818, 'F', 'Elisa', 'Sánchez Solorzano', '633219831', 'e.sanchez@salaet.com', 1),
(7935, 11, 100819, 'M', 'Eugenio', 'Arcos Cerezuela', '679691376', 'e.arcos@pefipresa.com', 1),
(7936, 702, 100819, 'M', 'Eneas', 'Lago Cao', '654651105', 'eneas.lago@pefipresa.com', 1),
(7937, 50, 100819, 'M', 'José Carlos', 'Toro Villarrubia', '656961363', 'j.toro@pefipresa.com', 1),
(7938, 501, 100819, 'F', 'Carla', 'Ramos Barquero', '653741947', 'c.ramos@pefipresa.com', 1),
(7939, 11, 100820, 'F', 'Juana', 'Calvo Agusti', '600397232', 'j.calvo@negrini.es', 1),
(7940, 500, 100820, 'M', 'Efren', 'Chaves Agra', '624794749', 'e.chaves@negrini.es', 1),
(7941, 501, 100820, 'M', 'Rafael Manuel', 'Carmona Pagan', '609690298', 'r.carmona@negrini.es', 0),
(7942, 501, 100820, 'F', 'Irene', 'Arbona García', '697279814', 'irene.arbonagarcia@negrini.es', 1),
(7943, 500, 100821, 'F', 'Maria Dolors', 'García Casanova', '697983297', 'm.garcia@bodegasbastida.com', 1),
(7944, 701, 100821, 'M', 'Daniel', 'Lorente Rivas', '607814843', 'daniel.lorenterivas@bodegasbastida.com', 1),
(7945, 600, 100821, 'M', 'Carlos Miguel', 'Galindo Yebra', '636635872', 'c.galindo@bodegasbastida.com', 1),
(7946, 600, 100821, 'F', 'Enriqueta', 'Vicente Gines', '664466587', 'e.vicente@bodegasbastida.com', 1),
(7947, 500, 100822, 'M', 'Pablo', 'Ferre Serra', '671798338', 'pablo.ferreserra@mountain.es', 1),
(7948, 700, 100822, 'M', 'Juan Miguel', 'Cortes Marchena', '659159477', 'j.cortes@mountain.es', 1),
(7949, 701, 100822, 'M', 'Cipriano', 'Mas Meca', '608393461', 'c.mas@mountain.es', 1),
(7950, 702, 100822, 'M', 'Javier', 'Tomas Navarro', '641936425', 'javier.tomasnavarro@mountain.es', 0),
(7951, 700, 100823, 'F', 'Paula', 'García Camacho', '616792181', 'paula.garcia@hierrosdelnoroeste.com', 1),
(7952, 501, 100823, 'F', 'Maria Rosa', 'Flores Solsona', '648907647', 'm.flores@hierrosdelnoroeste.com', 1),
(7953, 700, 100823, 'M', 'José Antonio', 'Herrero Constantin', '626711549', 'j.herrero@hierrosdelnoroeste.com', 1),
(7954, 701, 100823, 'F', 'Marta', 'Martinez Cozar', '698706204', 'marta.martinezcozar@hierrosdelnoroeste.com', 1),
(7955, 701, 100824, 'M', 'José Antonio', 'Carbajo Otero', '695274436', 'joseantonio.carbajootero@estrellagalicia.es', 1),
(7956, 15, 100824, 'M', 'David', 'Martínez Sánchez Prieto', '616742217', 'david.martinez@estrellagalicia.es', 1),
(7957, 700, 100824, 'M', 'Jon', 'Gómez Llopis', '623648981', 'j.gomez@estrellagalicia.es', 1),
(7958, 701, 100824, 'M', 'Daniel', 'López Vallejo', '672132355', 'd.lopez@estrellagalicia.es', 0);

-- --------------------------------------------------------

--
-- Estructura de tabla para la tabla `departamentos`
--

CREATE TABLE `departamentos` (
  `departamento_id` int(11) NOT NULL,
  `nombre_departamento` varchar(25) COLLATE utf8mb4_spanish_ci DEFAULT NULL,
  `centro_de_coste` char(4) COLLATE utf8mb4_spanish_ci DEFAULT NULL
) ENGINE=InnoDB DEFAULT CHARSET=utf8mb4 COLLATE=utf8mb4_spanish_ci;

--
-- Volcado de datos para la tabla `departamentos`
--

INSERT INTO `departamentos` (`departamento_id`, `nombre_departamento`, `centro_de_coste`) VALUES
(1, 'Dirección General', '5001'),
(2, 'Comercial', '5002'),
(3, 'Finanzas / Contabilidad', '5003'),
(4, 'Técnico', '5004'),
(5, 'Logistica', '5005'),
(6, 'Servicios', '5006');

-- --------------------------------------------------------

--
-- Estructura de tabla para la tabla `direcciones`
--

CREATE TABLE `direcciones` (
  `direccion_id` int(11) NOT NULL,
  `tipo_direccion_id` int(11) DEFAULT NULL,
  `cliente_id` int(11) DEFAULT NULL,
  `provincia_id` char(2) COLLATE utf8mb4_spanish_ci DEFAULT NULL,
  `direccion` varchar(100) COLLATE utf8mb4_spanish_ci DEFAULT NULL,
  `codigo_postal` char(5) COLLATE utf8mb4_spanish_ci DEFAULT NULL,
  `poblacion` varchar(45) COLLATE utf8mb4_spanish_ci DEFAULT NULL
) ENGINE=InnoDB DEFAULT CHARSET=utf8mb4 COLLATE=utf8mb4_spanish_ci;

--
-- Volcado de datos para la tabla `direcciones`
--

INSERT INTO `direcciones` (`direccion_id`, `tipo_direccion_id`, `cliente_id`, `provincia_id`, `direccion`, `codigo_postal`, `poblacion`) VALUES
(20002, 2000, 100522, '10', 'C/ Mayor, 22', '10350', 'Almaraz'),
(20003, 2004, 100522, '10', 'Polígono Industrial de Almaraz, parcela C20', '10350', 'Almaraz'),
(20004, 2000, 100523, '28', 'Eje, 3 - 18 - Ctera. De Villaverde - Madrid', '28018', 'Madrid'),
(20005, 2004, 100523, '28', 'Eje, 3 - 18 - Ctera. De Villaverde - Madrid', '28018', 'Madrid'),
(20006, 2000, 100524, '46', 'C/ Gardenia, 76. 1º-E', '46988', 'Paterna'),
(20007, 2004, 100524, '46', 'P.I. Fuente Jarro, Islas Canarias, 5 A-B; 7, 9 A-B', '46988', 'Paterna'),
(20008, 2000, 100525, '28', 'Campezo, 1', '28022', 'Madrid'),
(20009, 2004, 100525, '28', 'Campezo, 1', '28022', 'Madrid'),
(20010, 2000, 100526, '28', 'Granada, 50', '28935', 'Móstoles'),
(20011, 2004, 100526, '28', 'Granada, 50', '28935', 'Móstoles'),
(20012, 2000, 100527, '21', 'Colón S/N', '21380', 'Cumbres Mayores'),
(20013, 2004, 100527, '21', 'Colón S/N', '21380', 'Cumbres Mayores'),
(20014, 2000, 100528, '27', 'Parque Empresarial Castro Riberas De Lea, S/N', '27260', 'Castro de Rei'),
(20015, 2004, 100528, '27', 'Parque Empresarial Castro Riberas De Lea, S/N', '27260', 'Castro de Rei'),
(20016, 2000, 100529, '03', 'Huelva, 6', '03440', 'Ibi'),
(20017, 2004, 100529, '03', 'Huelva, 6', '03440', 'Ibi'),
(20018, 2000, 100530, '06', 'C/ del Alcalde Ldo. Nicómedes Rodríguez, 5. 1º- ', '06200', 'Almendralejo'),
(20019, 2002, 100530, '06', 'Apartado Postal 141', '06200', 'Almendralejo'),
(20020, 2004, 100530, '06', 'Ctra. Aceuchal, S/N. Junto Gasolinera', '06200', 'Almendralejo'),
(20021, 2000, 100531, '40', 'P.I. Santa Margarita Ii - C/ Albert Einstein, 27', '40140', 'Valverde del Majano'),
(20022, 2004, 100531, '40', 'P.I. Nicomedes García. C/Fresno S/N', '40140', 'Valverde del Majano'),
(20023, 2000, 100532, '20', 'C/ Sidney, 61. 1º-Entrs.', '20130', 'Urnieta'),
(20024, 2004, 100532, '20', 'P.I. Ergoien, S/N', '20130', 'Urnieta'),
(20025, 2000, 100533, '08', 'Avda. Del Vallés, 1', '08228', 'Terrassa'),
(20026, 2004, 100533, '08', 'Avda. Del Vallés, 1', '08228', 'Terrassa'),
(20027, 2000, 100534, '25', 'C/ Bronce, 35. 3º- ', '25241', 'Golmés'),
(20028, 2004, 100534, '25', 'P.I. La Cometa', '25241', 'Golmés'),
(20029, 2000, 100535, '28', 'Trav. De Costa Brava, 4', '28034', 'Madrid'),
(20030, 2004, 100535, '28', 'Trav. De Costa Brava, 4', '28034', 'Madrid'),
(20031, 2000, 100536, '09', 'C/ Guadalajara, 12. 4º-D', '09574', 'Merindad de Valdeporres'),
(20032, 2004, 100536, '09', 'Ctra. Bilbao-Reinosa, Km 90', '09574', 'Merindad de Valdeporres'),
(20033, 2000, 100537, '08', 'Joan D|Austria, 39-47  Plta. 6-A', '08005', 'Barcelona'),
(20034, 2004, 100537, '08', 'Joan D|Austria, 39-47  Plta. 6-A', '08005', 'Barcelona'),
(20035, 2000, 100538, '03', 'Campo del Oro, 25', '03450', 'Banyeres de Mariola'),
(20036, 2004, 100538, '03', 'Campo del Oro, 25', '03450', 'Banyeres de Mariola'),
(20037, 2000, 100539, '32', 'Plaza Eduardo Barreiros, 8', '32003', 'Ourense'),
(20038, 2004, 100539, '32', 'Plaza Eduardo Barreiros, 8', '32003', 'Ourense'),
(20039, 2000, 100540, '31', 'Finca Señorio De Sarria', '31100', 'Puente la Reina/Gares'),
(20040, 2004, 100540, '31', 'Finca Señorio De Sarria', '31100', 'Puente la Reina/Gares'),
(20041, 2000, 100541, '41', 'Dr. Escobar Delmás, Nº1 9ºa', '41018', 'Sevilla'),
(20042, 2004, 100541, '41', 'Dr. Escobar Delmás, Nº1 9ºa', '41018', 'Sevilla'),
(20043, 2000, 100542, '25', 'C/ Talavera de la Reina, 6. 2º- B', '25230', 'Mollerussa'),
(20044, 2004, 100542, '25', 'Ctra. Miralcamp, Km. 1', '25230', 'Mollerussa'),
(20045, 2000, 100543, '08', 'C/ de la Camelia, 74. 4º-Izda.', '08227', 'Terrassa'),
(20046, 2004, 100543, '08', 'Ctra. Montcada, 611', '08227', 'Terrassa'),
(20047, 2000, 100544, '08', 'C/ Bélgica, 8. 4º-C', '08480', 'Ametlla del Vallès (L|)'),
(20048, 2004, 100544, '08', 'P.I. Montguit, Llinars, 1', '08480', 'Ametlla del Vallès (L|)'),
(20049, 2000, 100545, '28', 'Avda. De Valgrande, 4', '28100', 'Alcobendas'),
(20050, 2004, 100545, '28', 'Avda. De Valgrande, 4', '28100', 'Alcobendas'),
(20051, 2000, 100546, '50', 'C/ del Alcalde Bienvenido Figueroa, 3. 3º-Izda.', '50480', 'Paniza'),
(20052, 2004, 100546, '50', 'Ctra. Zaragoza-Valencia, Km. 53', '50480', 'Paniza'),
(20053, 2000, 100547, '08', 'P.I. Santa Teresa - C/ Torre Del Mar, 37', '08524', 'Franqueses del Vallès (Les)'),
(20054, 2004, 100547, '08', 'Ctra. Ribes, Km. 31,7', '08524', 'Franqueses del Vallès (Les)'),
(20055, 2000, 100548, '08', 'Miguel Servet, 27', '08850', 'Gavà'),
(20056, 2004, 100548, '08', 'Miguel Servet, 27', '08850', 'Gavà'),
(20057, 2000, 100549, '08', 'Cobalto, 16-20 Nave C 1', '08038', 'Barcelona'),
(20058, 2004, 100549, '08', 'Cobalto, 16-20 Nave C 1', '08038', 'Barcelona'),
(20059, 2000, 100550, '03', 'Partida Plans, Parc. 331-334', '03740', 'Gata de Gorgos'),
(20060, 2004, 100550, '03', 'Partida Plans, Parc. 331-334', '03740', 'Gata de Gorgos'),
(20061, 2000, 100551, '04', 'Campanario, S/N', '04270', 'Sorbas'),
(20062, 2004, 100551, '04', 'Campanario, S/N', '04270', 'Sorbas'),
(20063, 2000, 100552, '08', 'Avda. Diagonal, 633', '08028', 'Barcelona'),
(20064, 2004, 100552, '08', 'Avda. Diagonal, 633', '08028', 'Barcelona'),
(20065, 2000, 100553, '09', 'Pasaje La Culebrilla, S/N', '09240', 'Briviesca'),
(20066, 2004, 100553, '09', 'Pasaje La Culebrilla, S/N', '09240', 'Briviesca'),
(20067, 2000, 100554, '09', 'Real, S/N', '09246', 'Carcedo de Bureba'),
(20068, 2004, 100554, '09', 'Real, S/N', '09246', 'Carcedo de Bureba'),
(20069, 2000, 100555, '46', 'C/ del Abeto, 91. 5º-A', '46185', 'Pobla de Vallbona (la)'),
(20070, 2004, 100555, '46', 'P.I. Mas De Tous, Parcela 15 F', '46185', 'Pobla de Vallbona (la)'),
(20071, 2000, 100556, '28', 'Alonso Barba, 16', '28806', 'Alcalá de Henares'),
(20072, 2004, 100556, '28', 'Alonso Barba, 16', '28806', 'Alcalá de Henares'),
(20073, 2000, 100557, '17', 'Gas, 20 - Zona Industrial', '17200', 'Palafrugell'),
(20074, 2004, 100557, '17', 'Gas, 20 - Zona Industrial', '17200', 'Palafrugell'),
(20075, 2000, 100558, '14', 'Imprenta De La Alborada, Parcela 122', '14014', 'Córdoba'),
(20076, 2004, 100558, '14', 'Imprenta De La Alborada, Parcela 122', '14014', 'Córdoba'),
(20077, 2000, 100559, '12', 'C/ de la Plata, 15. Bajo-Izda.', '12006', 'Castellón'),
(20078, 2004, 100559, '12', 'Ctra. Cv-16(Cr. Castellon-Alcora, Km. 2,2)', '12006', 'Castellón'),
(20079, 2000, 100560, '08', 'Alemanya, 51', '08700', 'Igualada'),
(20080, 2004, 100560, '08', 'Alemanya, 51', '08700', 'Igualada'),
(20081, 2000, 100561, '04', 'C/ Formentera, 36. 3º-A', '04110', 'Níjar'),
(20082, 2004, 100561, '04', 'Ctra. Fernán Perez, S/N', '04110', 'Níjar'),
(20083, 2000, 100562, '46', 'P.I. Igualada - C/ Irlanda, 4', '46900', 'Torrent'),
(20084, 2004, 100562, '46', 'Ctra. Al Más Del Jutge, 75', '46900', 'Torrent'),
(20085, 2000, 100563, '08', 'P.I. L,Alfac. C/Córdoba, 9', '08750', 'Molins de Rei'),
(20086, 2004, 100563, '08', 'P.I. El Pla, 45', '08750', 'Molins de Rei'),
(20087, 2000, 100564, '29', 'C/ Alagón, 1. 1º-A', '29720', 'Málaga'),
(20088, 2004, 100564, '29', 'Ctra. De Almería, Km 8', '29720', 'Málaga'),
(20089, 2000, 100565, '08', 'C/ de Río Jarama, 44. 5º-C', '08560', 'Manlleu'),
(20090, 2004, 100565, '08', 'P.I. La Coromina, Pza. Font Tarrés, S/N', '08560', 'Manlleu'),
(20091, 2000, 100566, '47', 'P.I. Asipo. C/A. Parcela 28. Naves 4-5', '47350', 'Quintanilla de Onésimo'),
(20092, 2004, 100566, '47', 'Ctra. N-122, Km. 325', '47350', 'Quintanilla de Onésimo'),
(20093, 2000, 100567, '03', 'C/ de Cuenca, 86. Bajo- ', '03330', 'Crevillent'),
(20094, 2004, 100567, '03', 'Ctra. N-340, Km. 704,4', '03330', 'Crevillent'),
(20095, 2000, 100568, '14', 'P.I. Tecnologico-C/Zamora, P114-116', '14200', 'Monturque'),
(20096, 2004, 100568, '14', 'Ctra. Córdoba  S/N', '14200', 'Monturque'),
(20097, 2000, 100569, '26', 'P.I. Goiain, C/ San Blas, Interior. Pabellón 7', '26120', 'Albelda de Iregua'),
(20098, 2004, 100569, '26', 'Ctra. De Nalda, Km. 9', '26120', 'Albelda de Iregua'),
(20099, 2000, 100570, '30', 'Avda. Ciudad De Almeria, 162.', '30010', 'Murcia'),
(20100, 2004, 100570, '30', 'Avda. Ciudad De Almeria, 162.', '30010', 'Murcia'),
(20101, 2000, 100571, '31', 'C/ de Granada, 14. 1º-Izda.', '31486', 'Egüés'),
(20102, 2004, 100571, '31', 'P.I. Egües - Calle T, 2', '31486', 'Egüés'),
(20103, 2000, 100572, '39', 'Avda. De Lons, Nave 2', '39740', 'Santoña'),
(20104, 2004, 100572, '39', 'Avda. De Lons, Nave 2', '39740', 'Santoña'),
(20105, 2000, 100573, '08', 'C/ de Alicante, 62. 3º-A', '08185', 'Lliçà de Vall'),
(20106, 2004, 100573, '08', 'Ctra. Palaudarías, 10', '08185', 'Lliçà de Vall'),
(20107, 2000, 100574, '41', 'Parque Emp. C/Ciencia, 14', '41011', 'Sevilla'),
(20108, 2004, 100574, '41', 'P.I. Torrecuéllar - Ctra. De La Esclusa, 35', '41011', 'Sevilla'),
(20109, 2000, 100575, '43', 'P.I. Les Galgues C/Metalurgia, 6', '43470', 'Selva del Camp (La)'),
(20110, 2004, 100575, '43', 'Ctra. Selva A Villalonga, Km 1', '43470', 'Selva del Camp (La)'),
(20111, 2000, 100576, '45', 'Av Constitucion, 286 (P.Monte Boyal', '45950', 'Casarrubios del Monte'),
(20112, 2004, 100576, '45', 'Av Constitucion, 286 (P.Monte Boyal', '45950', 'Casarrubios del Monte'),
(20113, 2000, 100577, '08', 'C/ de la Nueva Roza, 3. 3º-Entrs.', '08330', 'Premià de Mar'),
(20114, 2004, 100577, '08', 'Ctra. N-Ii, Km. 636,6', '08330', 'Premià de Mar'),
(20115, 2000, 100578, '01', 'C/ del Río Henares, 19. 1º-Entrs.', '01200', 'Salvatierra/Agurain'),
(20116, 2004, 100578, '01', 'Ctra. Madrid-Irún S/N', '01200', 'Salvatierra/Agurain'),
(20117, 2000, 100579, '30', 'Principal, 1', '30609', 'Archena'),
(20118, 2004, 100579, '30', 'Principal, 1', '30609', 'Archena'),
(20119, 2000, 100580, '10', 'Crta. Santiago Del Campo A Garrovillas, S/N', '10191', 'Santiago del Campo'),
(20120, 2004, 100580, '10', 'Crta. Santiago Del Campo A Garrovillas, S/N', '10191', 'Santiago del Campo'),
(20121, 2000, 100581, '08', 'P.I. El Portal. C/Sudáfrica, 117', '08580', 'Sant Quirze de Besora'),
(20122, 2004, 100581, '08', 'Ctra. De Berga, Km. 0.700', '08580', 'Sant Quirze de Besora'),
(20123, 2000, 100582, '20', 'Abendaño, 17', '20800', 'Zarautz'),
(20124, 2004, 100582, '20', 'Abendaño, 17', '20800', 'Zarautz'),
(20125, 2000, 100583, '08', 'Paratge Les Escomes, S/N', '08310', 'Argentona'),
(20126, 2004, 100583, '08', 'Paratge Les Escomes, S/N', '08310', 'Argentona'),
(20127, 2000, 100584, '08', 'Jaume Ribó, 44 - 58', '08911', 'Badalona'),
(20128, 2004, 100584, '08', 'Jaume Ribó, 44 - 58', '08911', 'Badalona'),
(20129, 2000, 100585, '47', 'La Plata, 19', '47012', 'Valladolid'),
(20130, 2004, 100585, '47', 'La Plata, 19', '47012', 'Valladolid'),
(20131, 2000, 100586, '17', 'C/ Oceseca, 12. 4º- ', '17164', 'Sant Julià del Llor i Bonmatí'),
(20132, 2004, 100586, '17', 'Ctra. De Les Serres, S/N', '17164', 'Sant Julià del Llor i Bonmatí'),
(20133, 2000, 100587, '12', 'C/ Real, 5. 1º-B', '12110', 'Alcora (l|)'),
(20134, 2004, 100587, '12', 'Ctra. Castellón-Alcora, Km 19,4', '12110', 'Alcora (l|)'),
(20135, 2000, 100588, '33', 'P.I. Gamonal - C/ Fuero Del Trabajo, 14', '33950', 'San Martín del Rey Aurelio'),
(20136, 2004, 100588, '33', 'P.I. La Florida-Parcela 45', '33950', 'San Martín del Rey Aurelio'),
(20137, 2000, 100589, '14', 'C/ de las Islas Cíes, 85. 3º-Entrs.', '14005', 'Córdoba'),
(20138, 2004, 100589, '14', 'P.I. Quinto Aeropuerto, S/N', '14005', 'Córdoba'),
(20139, 2000, 100590, '28', 'Golfo De Salonica, 73', '28033', 'Madrid'),
(20140, 2004, 100590, '28', 'Golfo De Salonica, 73', '28033', 'Madrid'),
(20141, 2000, 100591, '41', 'Alfarero, 9', '41400', 'Écija'),
(20142, 2004, 100591, '41', 'Alfarero, 9', '41400', 'Écija'),
(20143, 2000, 100592, '28', 'Ana María Del Valle, S/N', '28500', 'Arganda del Rey'),
(20144, 2004, 100592, '28', 'Ana María Del Valle, S/N', '28500', 'Arganda del Rey'),
(20145, 2000, 100593, '32', 'Rua Do Telleiro, 15', '32915', 'San Cibrao das Viñas'),
(20146, 2004, 100593, '32', 'Rua Do Telleiro, 15', '32915', 'San Cibrao das Viñas'),
(20147, 2000, 100594, '08', 'C/ de la Cruz Roja, 11. 3º-E', '08030', 'Barcelona'),
(20148, 2004, 100594, '08', 'P.I. Besos - C/Maracaibo, 10-12', '08030', 'Barcelona'),
(20149, 2000, 100595, '08', 'República Argentina, 15', '08320', 'Masnou (El)'),
(20150, 2004, 100595, '08', 'República Argentina, 15', '08320', 'Masnou (El)'),
(20151, 2000, 100596, '28', 'Ramón Y Cajal, 6', '28914', 'Leganés'),
(20152, 2004, 100596, '28', 'Ramón Y Cajal, 6', '28914', 'Leganés'),
(20153, 2000, 100597, '43', 'C/ Magnesio, 1. 3º- ', '43700', 'Vendrell (El)'),
(20154, 2004, 100597, '43', 'P.I. La Cometa (Vidriers, 28-34)', '43700', 'Vendrell (El)'),
(20155, 2000, 100598, '12', 'C/ Olimillos, 11. 3º-D', '12200', 'Onda'),
(20156, 2004, 100598, '12', 'Ctra. Íver-Puerto Burriana, Km 55,5', '12200', 'Onda'),
(20157, 2000, 100599, '08', 'Doctor Pasteur, 6', '08720', 'Vilafranca del Penedès'),
(20158, 2004, 100599, '08', 'Doctor Pasteur, 6', '08720', 'Vilafranca del Penedès'),
(20159, 2000, 100600, '08', 'Pla D|En Batlle, S/N', '08470', 'Sant Celoni'),
(20160, 2004, 100600, '08', 'Pla D|En Batlle, S/N', '08470', 'Sant Celoni'),
(20161, 2000, 100601, '08', 'P.I. El Carrascot - C/ Dels Fusters, 11', '08755', 'Castellbisbal'),
(20162, 2004, 100601, '08', 'P.I. San Francesc, C/ Argent, 2', '08755', 'Castellbisbal'),
(20163, 2000, 100602, '08', 'Avda. De La Llana, 95-105', '08191', 'Rubí'),
(20164, 2004, 100602, '08', 'Avda. De La Llana, 95-105', '08191', 'Rubí'),
(20165, 2000, 100603, '27', 'P.I. Los Agustinos, C/ E S/N', '27500', 'Chantada'),
(20166, 2004, 100603, '27', 'Ctra. Antigua De Santiago, Km. 3', '27500', 'Chantada'),
(20167, 2000, 100604, '46', 'Jativa, 3', '46002', 'Valencia'),
(20168, 2004, 100604, '46', 'Jativa, 3', '46002', 'Valencia'),
(20169, 2000, 100605, '28', 'Avda. Industria, 4 - Edf. 2 1B', '28108', 'Alcobendas'),
(20170, 2004, 100605, '28', 'Avda. Industria, 4 - Edf. 2 1B', '28108', 'Alcobendas'),
(20171, 2000, 100606, '33', 'Avda. Metalurgia, 1', '33211', 'Gijón'),
(20172, 2004, 100606, '33', 'Avda. Metalurgia, 1', '33211', 'Gijón'),
(20173, 2000, 100607, '08', 'Travessera De Grácia, 396', '08025', 'Barcelona'),
(20174, 2004, 100607, '08', 'Travessera De Grácia, 396', '08025', 'Barcelona'),
(20175, 2000, 100608, '30', 'C/ de Jacinto Benavente, 65. 4º-B', '30007', 'Murcia'),
(20176, 2004, 100608, '30', 'Ctra. Alicante, Km 1 Nº77', '30007', 'Murcia'),
(20177, 2000, 100609, '45', 'Arrabal, S/N', '45290', 'Pantoja'),
(20178, 2004, 100609, '45', 'Arrabal, S/N', '45290', 'Pantoja'),
(20179, 2000, 100610, '28', 'Avda. De Manoteras, 6', '28050', 'Madrid'),
(20180, 2004, 100610, '28', 'Avda. De Manoteras, 6', '28050', 'Madrid'),
(20181, 2000, 100611, '20', 'Parque Empresarial Elche. C/ Juan De La Cierva, 60', '20150', 'Aduna'),
(20182, 2004, 100611, '20', 'P.I. Urtaki, 25', '20150', 'Aduna'),
(20183, 2000, 100612, '17', 'Tramuntana, 11', '17180', 'Vilablareix'),
(20184, 2004, 100612, '17', 'Tramuntana, 11', '17180', 'Vilablareix'),
(20185, 2000, 100613, '35', 'Alcalde Rafael Díaz, Nº 15', '35401', 'Arucas'),
(20186, 2004, 100613, '35', 'Alcalde Rafael Díaz, Nº 15', '35401', 'Arucas'),
(20187, 2000, 100614, '16', 'P.I. Alcobendas - C/Valportillo Segunda, 7- 2º Dcha.', '16393', 'Mira'),
(20188, 2004, 100614, '16', 'Ctra. Fuente Del Rebollo, S/N', '16393', 'Mira'),
(20189, 2000, 100615, '33', 'C/ del Pozo del Concejo, 14. 6º-C', '33211', 'Gijón'),
(20190, 2004, 100615, '33', 'P.I. Mora Garay - C/Marie Curie, S/N', '33211', 'Gijón'),
(20191, 2000, 100616, '24', 'Lorenzo Segura, 5', '24700', 'Astorga'),
(20192, 2004, 100616, '24', 'Lorenzo Segura, 5', '24700', 'Astorga'),
(20193, 2000, 100617, '26', 'C/ Industrias, 8. 4º- ', '26559', 'Aldeanueva de Ebro'),
(20194, 2004, 100617, '26', 'Ctra. Circunvalación San Roque, S/N', '26559', 'Aldeanueva de Ebro'),
(20195, 2000, 100618, '08', 'C/ del Sauce, 27. 2º-Entrs.', '08630', 'Abrera'),
(20196, 2004, 100618, '08', 'Ctra. Nacional Ii, Km 585,1', '08630', 'Abrera'),
(20197, 2000, 100619, '39', 'Eguilior, 8', '39740', 'Santoña'),
(20198, 2004, 100619, '39', 'Eguilior, 8', '39740', 'Santoña'),
(20199, 2000, 100620, '48', 'C/ Malcasado, 3. 3º- ', '48490', 'Ugao-Miraballes'),
(20200, 2004, 100620, '48', 'P.I. Usila C-1 - Parcela 4- Naves 1-2', '48490', 'Ugao-Miraballes'),
(20201, 2000, 100621, '47', 'C/ Isla Conejera, 54. 2º-Dcha.', '47160', 'Portillo'),
(20202, 2004, 100621, '47', 'Parque Empresarial Portillo, Ctra. Segovia A-601, Km 21. Parcelas 3-4', '47160', 'Portillo'),
(20203, 2000, 100622, '40', 'C/ los Carreteros, 33. 2º- ', '40200', 'Cuéllar'),
(20204, 2004, 100622, '40', 'Ctra. N-601', '40200', 'Cuéllar'),
(20205, 2000, 100623, '28', 'Avda. De Italia, 2', '28820', 'Coslada'),
(20206, 2004, 100623, '28', 'Avda. De Italia, 2', '28820', 'Coslada'),
(20207, 2000, 100624, '36', 'La Raposeira, 38 - Apdo. 659', '36214', 'Vigo'),
(20208, 2002, 100624, '36', 'Apartado Postal 659', '36214', 'Vigo'),
(20209, 2004, 100624, '36', 'La Raposeira, 38 ', '36214', 'Vigo'),
(20210, 2000, 100625, '08', 'C/ Pintor Isidoro Arredondo, 9. 1º-E', '08500', 'Vic'),
(20211, 2004, 100625, '08', 'Ctra. Sant Hipolit, 16', '08500', 'Vic'),
(20212, 2000, 100626, '28', 'P.E. San Fernando. Avda. De Castilla, 2. Edificio Munich. 2ª Planta', '28830', 'San Fernando de Henares'),
(20213, 2004, 100626, '28', 'P.E. San Fernando. Avda. De Castilla, 2. Edificio Munich. 2ª Planta', '28830', 'San Fernando de Henares'),
(20214, 2000, 100627, '31', 'Pol. Industrial, 17', '31870', 'Lekunberri'),
(20215, 2004, 100627, '31', 'Pol. Industrial, 17', '31870', 'Lekunberri'),
(20216, 2000, 100628, '09', 'Cno. De La Ampudia, S/N', '09314', 'Pedrosa de Duero'),
(20217, 2004, 100628, '09', 'Cno. De La Ampudia, S/N', '09314', 'Pedrosa de Duero'),
(20218, 2000, 100629, '14', 'Avda. De  Alemania, S/N', '14850', 'Baena'),
(20219, 2004, 100629, '14', 'Avda. De  Alemania, S/N', '14850', 'Baena'),
(20220, 2000, 100630, '31', 'Polígono Industrial, S/N', '31840', 'Arakil'),
(20221, 2004, 100630, '31', 'Polígono Industrial, S/N', '31840', 'Arakil'),
(20222, 2000, 100631, '08', 'C/ de la Cruz Colorada, 10. 2º-B', '08213', 'Polinyà'),
(20223, 2004, 100631, '08', 'Ctra. Sentmenat, 108', '08213', 'Polinyà'),
(20224, 2000, 100632, '26', 'C/ Italia, 14. 6º-B', '26375', 'Entrena'),
(20225, 2004, 100632, '26', 'Ctra. De Sojuela, Nº 15', '26375', 'Entrena'),
(20226, 2000, 100633, '26', 'Cno. De Berceo, S/N', '26320', 'Baños de Río Tobía'),
(20227, 2004, 100633, '26', 'Cno. De Berceo, S/N', '26320', 'Baños de Río Tobía'),
(20228, 2000, 100634, '46', 'Louis Pasteur, 2', '46980', 'Paterna'),
(20229, 2004, 100634, '46', 'Louis Pasteur, 2', '46980', 'Paterna'),
(20230, 2000, 100635, '03', 'Avda. Ibi, 56-58. Polígono Industrial, Fase 2. Apartado 59.', '03420', 'Castalla'),
(20231, 2004, 100635, '03', 'Avda. Ibi, 56-58. Polígono Industrial, Fase 2. Apartado 59.', '03420', 'Castalla'),
(20232, 2000, 100636, '26', 'C/ de Estanislao Zazo, 48. 5º-A', '26509', 'Alcanadre'),
(20233, 2004, 100636, '26', 'Ctra. De La Estación, 53', '26509', 'Alcanadre'),
(20234, 2000, 100637, '41', 'P.I. La Pedrosa, C/Manzana, 9', '41700', 'Dos Hermanas'),
(20235, 2004, 100637, '41', 'Ctra. Madrid-Cádiz, Km. 550,6', '41700', 'Dos Hermanas'),
(20236, 2000, 100638, '08', 'Fontsanta, 46 4º, Despacho D', '08970', 'Sant Joan Despí'),
(20237, 2004, 100638, '08', 'Fontsanta, 46 4º, Despacho D', '08970', 'Sant Joan Despí'),
(20238, 2000, 100639, '04', 'C/ Isla Tabarca, 61. 1º-Dcha.', '04540', 'Nacimiento'),
(20239, 2004, 100639, '04', 'Ctra. A-92, Km 352', '04540', 'Nacimiento'),
(20240, 2000, 100640, '46', 'Avda. Reyes Católicos,56 - Rsabisancho', '46910', 'Alfafar'),
(20241, 2004, 100640, '46', 'Avda. Reyes Católicos,56 - Rsabisancho', '46910', 'Alfafar'),
(20242, 2000, 100641, '46', 'Cno. L|Horteta, 1', '46138', 'Rafelbunyol'),
(20243, 2004, 100641, '46', 'Cno. L|Horteta, 1', '46138', 'Rafelbunyol'),
(20244, 2000, 100642, '15', 'P.I. Els Mollons - C/Traginers, 15', '15407', 'Narón'),
(20245, 2004, 100642, '15', 'P.I. La Gándara, 114-118', '15407', 'Narón'),
(20246, 2000, 100643, '28', 'Orense, 58, 7º C', '28020', 'Madrid'),
(20247, 2004, 100643, '28', 'Orense, 58, 7º C', '28020', 'Madrid'),
(20248, 2000, 100644, '46', 'C/ Cabrillas, 15. Bajo-C', '46660', 'Manuel'),
(20249, 2004, 100644, '46', 'P.I. Raco Cañares', '46660', 'Manuel'),
(20250, 2000, 100645, '03', 'C/ Gallo, 1. 1º-Izda.', '03440', 'Ibi'),
(20251, 2004, 100645, '03', 'P.I. L|Alfac Ii. C/ Cuenca, 2', '03440', 'Ibi'),
(20252, 2000, 100646, '20', 'Anardi Area 2', '20730', 'Azpeitia'),
(20253, 2004, 100646, '20', 'Anardi Area 2', '20730', 'Azpeitia'),
(20254, 2000, 100647, '30', 'C/ de San Antón, 68. Local- ', '30169', 'Murcia'),
(20255, 2004, 100647, '30', 'P.I. Oeste - C/ Cardenal Beluga, 23-24', '30169', 'Murcia'),
(20256, 2000, 100648, '08', 'C/ Malva, 9. 1º-Izda.', '08750', 'Molins de Rei'),
(20257, 2004, 100648, '08', 'P.I. El Pla, Avda. Barcelona, 237', '08750', 'Molins de Rei'),
(20258, 2000, 100649, '23', 'P.I. Els Algars, C/ Ibi Nº 3', '23712', 'Jabalquinto'),
(20259, 2004, 100649, '23', 'Ctra. Jv 3002, Km. 8', '23712', 'Jabalquinto'),
(20260, 2000, 100650, '47', 'Cno. De Carraovejas, S/N, Apartado 52', '47300', 'Peñafiel'),
(20261, 2004, 100650, '47', 'Cno. De Carraovejas, S/N, Apartado 52', '47300', 'Peñafiel'),
(20262, 2000, 100651, '09', 'Los Quiñones, S/N', '09613', 'Barbadillo del Mercado'),
(20263, 2004, 100651, '09', 'Los Quiñones, S/N', '09613', 'Barbadillo del Mercado'),
(20264, 2000, 100652, '17', 'Josep Flores, 45', '17840', 'Sarrià de Ter'),
(20265, 2004, 100652, '17', 'Josep Flores, 45', '17840', 'Sarrià de Ter'),
(20266, 2000, 100653, '50', 'Autovía Logroño, Km. 12,200', '50180', 'Utebo'),
(20267, 2004, 100653, '50', 'Autovía Logroño, Km. 12,200', '50180', 'Utebo'),
(20268, 2000, 100654, '14', 'Levadura, 5', '14710', 'Córdoba'),
(20269, 2004, 100654, '14', 'Levadura, 5', '14710', 'Córdoba'),
(20270, 2000, 100655, '08', 'Horta, 22', '08203', 'Sabadell'),
(20271, 2004, 100655, '08', 'Horta, 22', '08203', 'Sabadell'),
(20272, 2000, 100656, '41', 'P.I. El Rincón - C/ Srv-1, Parcela I.N.A. 1-1', '41560', 'Estepa'),
(20273, 2004, 100656, '41', 'P.I. Sierra Sur, C/ Almendra', '41560', 'Estepa'),
(20274, 2000, 100657, '45', 'P.I. Las Mercedes, C/Campezo, 16', '45950', 'Casarrubios del Monte'),
(20275, 2004, 100657, '45', 'Ctra. A-5, Km 40,700', '45950', 'Casarrubios del Monte'),
(20276, 2000, 100658, '46', 'Cno. Del Mar, S/N', '46530', 'Puçol'),
(20277, 2004, 100658, '46', 'Cno. Del Mar, S/N', '46530', 'Puçol'),
(20278, 2000, 100659, '43', 'Lugar Afores, S/N.  \"Les Roixeles\"', '43450', 'Riba (La)'),
(20279, 2004, 100659, '43', 'Lugar Afores, S/N.  \"Les Roixeles\"', '43450', 'Riba (La)'),
(20280, 2000, 100660, '46', 'La Ribera, 9', '46800', 'Novelé/Novetlè'),
(20281, 2004, 100660, '46', 'La Ribera, 9', '46800', 'Novelé/Novetlè'),
(20282, 2000, 100661, '28', 'Camino De Valdeoliva, S/N', '28750', 'San Agustín del Guadalix'),
(20283, 2004, 100661, '28', 'Camino De Valdeoliva, S/N', '28750', 'San Agustín del Guadalix'),
(20284, 2000, 100662, '30', 'Carril Cabezo De Girona, 65 - Ado. 85', '30110', 'Murcia'),
(20285, 2004, 100662, '30', 'Carril Cabezo De Girona, 65 - Ado. 85', '30110', 'Murcia'),
(20286, 2000, 100663, '48', 'Barrio De Aldebarrena, 18', '48212', 'Mañaria'),
(20287, 2004, 100663, '48', 'Barrio De Aldebarrena, 18', '48212', 'Mañaria'),
(20288, 2000, 100664, '48', 'C/ Agustinas Recoletas, 7. 3º-A', '48370', 'Bermeo'),
(20289, 2004, 100664, '48', 'P.I. Landabaso, S/N', '48370', 'Bermeo'),
(20290, 2000, 100665, '42', 'P.I. Mas D|En Cisa - C/ Josep Tura, 11', '42162', 'Garray'),
(20291, 2004, 100665, '42', 'P.I. La Sacea, S/N', '42162', 'Garray'),
(20292, 2000, 100666, '01', 'Mendigorritxu, S/N', '01010', 'Vitoria-Gasteiz'),
(20293, 2004, 100666, '01', 'Mendigorritxu, S/N', '01010', 'Vitoria-Gasteiz'),
(20294, 2000, 100667, '01', 'Ctra. Sant Gregori, Km. 2,8 - C/ Joheria Petita, S/N', '01307', 'Samaniego'),
(20295, 2004, 100667, '01', 'Ctra. Vitoria-Logroño, Km. 53', '01307', 'Samaniego'),
(20296, 2000, 100668, '39', 'C/ Noruega, 16. Local-B', '39610', 'Astillero (El)'),
(20297, 2004, 100668, '39', 'P.I. De Guarnizo, Parcela 94', '39610', 'Astillero (El)'),
(20298, 2000, 100669, '50', 'C/ Isla de Alborán, 49. 1º-A', '50639', 'Figueruelas'),
(20299, 2004, 100669, '50', 'Ctra. Alagon-La Almunia, Km.0,1', '50639', 'Figueruelas'),
(20300, 2000, 100670, '23', 'C/ de la Cañada, 100. 4º-A', '23460', 'Peal de Becerro'),
(20301, 2004, 100670, '23', 'Ctra. Peal Becerro A Quesada, Km. 1', '23460', 'Peal de Becerro'),
(20302, 2000, 100671, '12', 'C/ de la Estrella, 25. 3º- ', '12540', 'Castellón'),
(20303, 2004, 100671, '12', 'Ctra. Villareal-Puebla De Arenoso Cv-20 Km. 1,7', '12540', 'Castellón'),
(20304, 2000, 100672, '48', 'Derio Bidea, 28', '48100', 'Mungia'),
(20305, 2004, 100672, '48', 'Derio Bidea, 28', '48100', 'Mungia'),
(20306, 2000, 100673, '08', 'Ramón Turro, 131', '08005', 'Barcelona'),
(20307, 2004, 100673, '08', 'Ramón Turro, 131', '08005', 'Barcelona'),
(20308, 2000, 100674, '08', 'Sant Pere, 37', '08770', 'Sant Sadurní d|Anoia'),
(20309, 2004, 100674, '08', 'Sant Pere, 37', '08770', 'Sant Sadurní d|Anoia'),
(20310, 2000, 100675, '01', 'C/ Tajuña, 3. 3º-C', '01409', 'Okondo'),
(20311, 2004, 100675, '01', 'P.I. Zudibiarte, S/N', '01409', 'Okondo'),
(20312, 2000, 100676, '08', 'C/ Toledo, 8. 4º-C', '08739', 'Subirats'),
(20313, 2004, 100676, '08', 'Ctra. Comarcal 243-B, Km 17', '08739', 'Subirats'),
(20314, 2000, 100677, '13', 'Camino De La Muela, S/N', '13730', 'Santa Cruz de Mudela'),
(20315, 2004, 100677, '13', 'Camino De La Muela, S/N', '13730', 'Santa Cruz de Mudela'),
(20316, 2000, 100678, '22', 'C/ Guerro, 13. 5º-D', '22666', 'Sabiñánigo'),
(20317, 2004, 100678, '22', 'Ctra. De Huesca-Senegüé, S/N', '22666', 'Sabiñánigo'),
(20318, 2000, 100679, '49', 'C/ Mercurio, 16. Bajo-B', '49800', 'Toro'),
(20319, 2004, 100679, '49', 'Ctra. N-122, Km. 423', '49800', 'Toro'),
(20320, 2000, 100680, '17', 'Mascanada, S/N', '17220', 'Sant Feliu de Guíxols'),
(20321, 2004, 100680, '17', 'Mascanada, S/N', '17220', 'Sant Feliu de Guíxols'),
(20322, 2000, 100681, '03', 'Partida El Pla, S/N', '03840', 'Gaianes'),
(20323, 2004, 100681, '03', 'Partida El Pla, S/N', '03840', 'Gaianes'),
(20324, 2000, 100682, '28', 'Pintores, 14', '28891', 'Velilla de San Antonio'),
(20325, 2004, 100682, '28', 'Pintores, 14', '28891', 'Velilla de San Antonio'),
(20326, 2000, 100683, '22', 'C/ Carrera De Los Caballos, 3. 3º-A', '22006', 'Huesca'),
(20327, 2004, 100683, '22', 'P.I. Sepes, Ronda De La Industrias, Parcela 151', '22006', 'Huesca'),
(20328, 2000, 100684, '28', 'Espronceda, 38, Local 3', '28003', 'Madrid'),
(20329, 2004, 100684, '28', 'Espronceda, 38, Local 3', '28003', 'Madrid'),
(20330, 2000, 100685, '23', 'Muralla, S/N', '23660', 'Alcaudete'),
(20331, 2004, 100685, '23', 'Muralla, S/N', '23660', 'Alcaudete'),
(20332, 2000, 100686, '26', 'C/ Oviedo, 11. 3º- ', '26540', 'Alfaro'),
(20333, 2004, 100686, '26', 'Ctra. Nacional 232, Km. 333', '26540', 'Alfaro'),
(20334, 2000, 100687, '30', 'C/ de la Encina, 1. Local-A', '30520', 'Jumilla'),
(20335, 2004, 100687, '30', 'Ctra. Murcia, S/N', '30520', 'Jumilla'),
(20336, 2000, 100688, '20', 'Laskibar Bailara, Nº 5', '20275', 'Irura'),
(20337, 2004, 100688, '20', 'Laskibar Bailara, Nº 5', '20275', 'Irura'),
(20338, 2000, 100689, '25', 'Avda. Eduard Maluquer, 9', '25730', 'Artesa de Segre'),
(20339, 2004, 100689, '25', 'Avda. Eduard Maluquer, 9', '25730', 'Artesa de Segre'),
(20340, 2000, 100690, '41', 'Avda. De Reino Unido, 1 - 1ª Planta', '41012', 'Sevilla'),
(20341, 2004, 100690, '41', 'Avda. De Reino Unido, 1 - 1ª Planta', '41012', 'Sevilla'),
(20342, 2000, 100691, '16', 'Avda. Rey Juan Carlos I, 28,  1º', '16400', 'Tarancón'),
(20343, 2004, 100691, '16', 'Avda. Rey Juan Carlos I, 28,  1º', '16400', 'Tarancón'),
(20344, 2000, 100692, '41', 'C/ Guerro, 13. 5º-D', '41100', 'Coria del Río'),
(20345, 2004, 100692, '41', 'Ctra. Sevilla-Puebla, Km 8', '41100', 'Coria del Río'),
(20346, 2000, 100693, '30', 'C/ Cenicientos, 10. 4º-C', '30153', 'Murcia'),
(20347, 2004, 100693, '30', 'Ctra. De Fuente Álamo, 2', '30153', 'Murcia'),
(20348, 2000, 100694, '08', 'Avda. Diagonal, 463, 9ª Planta, Primera', '08036', 'Barcelona'),
(20349, 2004, 100694, '08', 'Avda. Diagonal, 463, 9ª Planta, Primera', '08036', 'Barcelona'),
(20350, 2000, 100695, '31', 'Avda. Padre Raimundo De Lumbier, 8', '31400', 'Sangüesa/Zangoza'),
(20351, 2004, 100695, '31', 'Avda. Padre Raimundo De Lumbier, 8', '31400', 'Sangüesa/Zangoza'),
(20352, 2000, 100696, '28', 'F, 15', '28938', 'Madrid'),
(20353, 2004, 100696, '28', 'F, 15', '28938', 'Madrid'),
(20354, 2000, 100697, '28', 'Orense, 34 - 6 Plta.', '28020', 'Madrid'),
(20355, 2004, 100697, '28', 'Orense, 34 - 6 Plta.', '28020', 'Madrid'),
(20356, 2000, 100698, '20', 'Zelai, 6', '20491', 'Leaburu'),
(20357, 2004, 100698, '20', 'Zelai, 6', '20491', 'Leaburu'),
(20358, 2000, 100699, '46', 'P.I.  Meseta De Salinas, C/B, 10', '46200', 'Sollana'),
(20359, 2004, 100699, '46', 'P.I. Olivarons - C/ Bélgica, 19', '46200', 'Sollana'),
(20360, 2000, 100700, '30', 'Carril De Los Penchos, 83', '30009', 'Murcia'),
(20361, 2004, 100700, '30', 'Carril De Los Penchos, 83', '30009', 'Murcia'),
(20362, 2000, 100701, '27', 'Avda. Buenos Aires, 12', '27540', 'Saviñao (O)'),
(20363, 2004, 100701, '27', 'Avda. Buenos Aires, 12', '27540', 'Saviñao (O)'),
(20364, 2000, 100702, '17', 'C/ Amapola, 68. 4º-A', '17178', 'Girona'),
(20365, 2004, 100702, '17', 'Ctra. Corb, 6', '17178', 'Girona'),
(20366, 2000, 100703, '26', 'C/ Alegas, 8. 4º-B', '26100', 'Torrecilla en Cameros'),
(20367, 2004, 100703, '26', 'Ctra. Logroño-Soria, S/N', '26100', 'Torrecilla en Cameros'),
(20368, 2000, 100704, '11', 'San Francisco, 32', '11500', 'Puerto de Santa María (El)'),
(20369, 2004, 100704, '11', 'San Francisco, 32', '11500', 'Puerto de Santa María (El)'),
(20370, 2000, 100705, '31', 'C/ De Huesca, 39. 4º-D', '31587', 'Mendavia'),
(20371, 2004, 100705, '31', 'Ctra. Logroño, Km. 0,5', '31587', 'Mendavia'),
(20372, 2000, 100706, '50', 'C/ Pontevedra, 9. 1º-Izda.', '50720', 'Ricla'),
(20373, 2004, 100706, '50', 'Ctra. De Castellón P.K. 6,300', '50720', 'Ricla'),
(20374, 2000, 100707, '08', 'Buenos Aires, 21', '08029', 'Barcelona'),
(20375, 2004, 100707, '08', 'Buenos Aires, 21', '08029', 'Barcelona'),
(20376, 2000, 100708, '50', 'C/ Del Río Henares, 19. 1º-Entrs.', '50730', 'Burgo de Ebro (El)'),
(20377, 2004, 100708, '50', 'P.I. La Noria - El Vadillo', '50730', 'Burgo de Ebro (El)'),
(20378, 2000, 100709, '08', 'Vía Trajana, 45', '088', 'Barcelona'),
(20379, 2004, 100709, '08', 'Vía Trajana, 45', '088', 'Barcelona'),
(20380, 2000, 100710, '30', 'P.I. Santa Teresa - C/ Torre Del Mar, 37', '30140', 'Santomera'),
(20381, 2004, 100710, '30', 'Ctra. Abanilla, Km. 1', '30140', 'Santomera'),
(20382, 2000, 100711, '08', 'C/ Madrid, 5. 1º-Izda.', '08340', 'Vilassar de Mar'),
(20383, 2004, 100711, '08', 'Avda. Progrés, 93-96. P.I. Els Garrofers', '08340', 'Vilassar de Mar'),
(20384, 2000, 100712, '08', 'C/ Concejo, 45. Local- ', '08213', 'Polinyà'),
(20385, 2004, 100712, '08', 'P.I. Can Humet De Dalt, C/Santiago Rusiñol Nº19', '08213', 'Polinyà'),
(20386, 2000, 100713, '26', 'Avda. De Vizcaya, 3, Apartado 8', '26200', 'Haro'),
(20387, 2004, 100713, '26', 'Avda. De Vizcaya, 3, Apartado 8', '26200', 'Haro'),
(20388, 2000, 100714, '08', 'C/ Del Pico Abantos, 13. 4º-B', '08110', 'Montornès del Vallès'),
(20389, 2004, 100714, '08', 'P.I. El Congost- Capellans, 3', '08110', 'Montornès del Vallès'),
(20390, 2000, 100715, '01', 'C/ Cobre, 23. Local-B', '01308', 'Lanciego/Lantziego'),
(20391, 2004, 100715, '01', 'P.I. Carrascal. Parcela 14.', '01308', 'Lanciego/Lantziego'),
(20392, 2000, 100716, '45', 'C/ Polvoranca, 62. 4º- ', '45220', 'Yeles'),
(20393, 2004, 100716, '45', 'P.I. La Torrecilla - Sector 6 - Parcela 27B', '45220', 'Yeles'),
(20394, 2000, 100717, '06', 'Polígono Cagancha, Parcela 32', '06700', 'Villanueva de la Serena'),
(20395, 2004, 100717, '06', 'Polígono Cagancha, Parcela 32', '06700', 'Villanueva de la Serena'),
(20396, 2000, 100718, '30', 'C/ Piedra De Colmenar, 8. 4º-C', '30100', 'Murcia'),
(20397, 2004, 100718, '30', 'Ctra. Madrid-Cartagena, Km. 388', '30100', 'Murcia'),
(20398, 2000, 100719, '25', 'P.I. Igualada - C/ Irlanda, 4', '25230', 'Mollerussa'),
(20399, 2004, 100719, '25', 'Ctra. L-200, S/N', '25230', 'Mollerussa'),
(20400, 2000, 100720, '28', 'C/ Amaro, 71. 5º-C', '28597', 'Fuentidueña de Tajo'),
(20401, 2004, 100720, '28', 'Ctra. De La Estremera, Km. 2,5', '28597', 'Fuentidueña de Tajo'),
(20402, 2000, 100721, '45', 'Palomequejo, S/N', '45230', 'Numancia de la Sagra'),
(20403, 2004, 100721, '45', 'Palomequejo, S/N', '45230', 'Numancia de la Sagra'),
(20404, 2000, 100722, '15', 'Couso - La Graña', '15965', 'Ribeira'),
(20405, 2004, 100722, '15', 'Couso - La Graña', '15965', 'Ribeira'),
(20406, 2000, 100723, '03', 'Avda. De Valencia, 29 H - Naves De La Senia', '03420', 'Castalla'),
(20407, 2004, 100723, '03', 'Avda. De Valencia, 29 H - Naves De La Senia', '03420', 'Castalla'),
(20408, 2000, 100724, '20', 'Ibarreta Auzoa , S/N', '20577', 'Antzuola'),
(20409, 2004, 100724, '20', 'Ibarreta Auzoa , S/N', '20577', 'Antzuola'),
(20410, 2000, 100725, '18', 'Loja, Parcela 119', '18220', 'Albolote'),
(20411, 2004, 100725, '18', 'Loja, Parcela 119', '18220', 'Albolote'),
(20412, 2000, 100726, '08', 'C/ Portugal, 10. 2º-B', '08192', 'Sant Quirze del Vallès'),
(20413, 2004, 100726, '08', 'Ronda Maiols, 24  P.I. Can Ceu', '08192', 'Sant Quirze del Vallès'),
(20414, 2000, 100727, '28', 'C/ De Goya, 10. 2º-D', '28500', 'Arganda del Rey'),
(20415, 2004, 100727, '28', 'P.I. El Guijar. Avda. El Guijar, 37', '28500', 'Arganda del Rey'),
(20416, 2000, 100728, '30', 'Avda. Central, S/N', '30564', 'Lorquí'),
(20417, 2004, 100728, '30', 'Avda. Central, S/N', '30564', 'Lorquí'),
(20418, 2000, 100729, '49', 'Rosario, 56', '49137', 'Villarrín de Campos'),
(20419, 2004, 100729, '49', 'Rosario, 56', '49137', 'Villarrín de Campos'),
(20420, 2000, 100730, '14', 'Avda. Granada, S/N', '14800', 'Priego de Córdoba'),
(20421, 2004, 100730, '14', 'Avda. Granada, S/N', '14800', 'Priego de Córdoba'),
(20422, 2000, 100731, '46', 'P.I. Asipo. C/A. Parcela 28. Naves 4-5', '46129', 'Alboraya'),
(20423, 2004, 100731, '46', 'P.I. Iii, Calle 9, Parcela 3', '46129', 'Alboraya'),
(20424, 2000, 100732, '31', 'C/ Isla Del Aire, 12. 2º-A', '31620', 'Huarte/Uharte'),
(20425, 2004, 100732, '31', 'P.I. Areta.  C/ Altxutxate, S/N', '31620', 'Huarte/Uharte'),
(20426, 2000, 100733, '25', 'C/ Bajada A Las Monjas, 6. 2º-A', '25750', 'Torà'),
(20427, 2004, 100733, '25', 'P.I. L|Aguda, S/N', '25750', 'Torà'),
(20428, 2000, 100734, '28', 'C/ León, 10. 2º- ', '28760', 'Tres Cantos'),
(20429, 2004, 100734, '28', 'P.I. Tecnológico Madrid', '28760', 'Tres Cantos'),
(20430, 2000, 100735, '17', 'Masdevall, 21', '17820', 'Banyoles'),
(20431, 2004, 100735, '17', 'Masdevall, 21', '17820', 'Banyoles'),
(20432, 2000, 100736, '08', 'C/ Del Greco, 1. 1º-C', '08227', 'Terrassa'),
(20433, 2004, 100736, '08', 'P.I. Els Bellots - Avda. Del Vallés, 306', '08227', 'Terrassa'),
(20434, 2000, 100737, '30', 'P.I. Tecnologico-C/Zamora, P114-116', '30500', 'Molina de Segura'),
(20435, 2004, 100737, '30', 'Ctra. Molina - Torrealta, S/N', '30500', 'Molina de Segura'),
(20436, 2000, 100738, '50', 'Cno. Del Batán, Nº 29 (Apdo. 79)', '50700', 'Caspe'),
(20437, 2002, 100738, '50', 'Apartado Postal 79', '50700', 'Caspe'),
(20438, 2004, 100738, '50', 'Camino Del Batán, Nº 29', '50700', 'Caspe'),
(20439, 2000, 100739, '08', 'P.I. Goiain, C/ San Blas, Interior. Pabellón 7', '08755', 'Castellbisbal'),
(20440, 2004, 100739, '08', 'P.I. Conde De Sert. Avenida Can Campanya, 13', '08755', 'Castellbisbal'),
(20441, 2000, 100740, '30', 'C/ Azahar, 88. Bajo-B', '30120', 'Murcia'),
(20442, 2004, 100740, '30', 'Ctra. Mazarron, Km. 2', '30120', 'Murcia'),
(20443, 2000, 100741, '31', 'C/ Valdemoro, 6. 3º-D', '31012', 'Pamplona/Iruña'),
(20444, 2004, 100741, '31', 'P.I. Landaben', '31012', 'Pamplona/Iruña'),
(20445, 2000, 100742, '26', 'C/ de Francisco López, 12. 4º-D', '26009', 'Logroño'),
(20446, 2004, 100742, '26', 'P.I. Cantabria Ii - C/ Las Cañas, 76', '26009', 'Logroño'),
(20447, 2000, 100743, '31', 'Las Huertas, S/N', '31154', 'Añorbe'),
(20448, 2004, 100743, '31', 'Las Huertas, S/N', '31154', 'Añorbe'),
(20449, 2000, 100744, '28', 'Parque Emp. C/Ciencia, 14', '28947', 'Fuenlabrada'),
(20450, 2004, 100744, '28', 'P.I. Cobo Calleja - C/ Villablino, 34 B', '28947', 'Fuenlabrada'),
(20451, 2000, 100745, '36', 'C/ Ángeles, 13. 5º-A', '36400', 'Porriño (O)'),
(20452, 2004, 100745, '36', 'P.I. As Gandaras, Parc. 22', '36400', 'Porriño (O)'),
(20453, 2000, 100746, '08', 'Volta Dels Garrofers, 43', '08340', 'Vilassar de Mar'),
(20454, 2004, 100746, '08', 'Volta Dels Garrofers, 43', '08340', 'Vilassar de Mar'),
(20455, 2000, 100747, '28', 'Santa Engracia, 151-6ª Planta', '28003', 'Madrid'),
(20456, 2004, 100747, '28', 'Santa Engracia, 151-6ª Planta', '28003', 'Madrid'),
(20457, 2000, 100748, '46', 'C/ Madrid (Urtajo), 11. 3º-E', '46190', 'Riba-roja de Túria'),
(20458, 2004, 100748, '46', 'P.I. Masia Del Balo - C/Mas Vallesa De Mandor, 8 Nave 12', '46190', 'Riba-roja de Túria'),
(20459, 2000, 100749, '11', 'P. La Palmosa, Manzana 3,Parc.13-17', '11180', 'Alcalá de los Gazules'),
(20460, 2004, 100749, '11', 'P. La Palmosa, Manzana 3,Parc.13-17', '11180', 'Alcalá de los Gazules'),
(20461, 2000, 100750, '41', 'Avda. Andalucía, 72', '41560', 'Estepa'),
(20462, 2004, 100750, '41', 'Avda. Andalucía, 72', '41560', 'Estepa'),
(20463, 2000, 100751, '47', 'Avda. San Miguel, 94', '47420', 'Íscar'),
(20464, 2004, 100751, '47', 'Avda. San Miguel, 94', '47420', 'Íscar'),
(20465, 2000, 100752, '41', 'Avda. Andalucía, 227', '41560', 'Estepa'),
(20466, 2004, 100752, '41', 'Avda. Andalucía, 227', '41560', 'Estepa'),
(20467, 2000, 100753, '08', 'Tibidabo, 44-52', '08930', 'Sant Adrià de Besòs'),
(20468, 2004, 100753, '08', 'Tibidabo, 44-52', '08930', 'Sant Adrià de Besòs'),
(20469, 2000, 100754, '20', 'P.I. Les Galgues C/Metalurgia, 6', '20100', 'Errenteria'),
(20470, 2004, 100754, '20', 'P.I. Egiburuberri, 5', '20100', 'Errenteria'),
(20471, 2000, 100755, '50', 'P.I. El Portal. C/Sudáfrica, 117', '50016', 'Zaragoza'),
(20472, 2004, 100755, '50', 'P.I. Málpica', '50016', 'Zaragoza'),
(20473, 2000, 100756, '20', 'P.I. Gamonal - C/ Fuero Del Trabajo, 14', '20700', 'Urretxu'),
(20474, 2004, 100756, '20', 'Ctra. Azkoitia, S/N', '20700', 'Urretxu'),
(20475, 2000, 100757, '19', 'C/ Jartín, 5. 1º-C', '19290', 'Fontanar'),
(20476, 2004, 100757, '19', 'P.I. Sector 9', '19290', 'Fontanar'),
(20477, 2000, 100758, '31', 'C/ de las Rosas, 4. 4º-Izda.', '31191', 'Galar'),
(20478, 2004, 100758, '31', 'P.I. Comarca 2, C/ B-20', '31191', 'Galar'),
(20479, 2000, 100759, '08', 'Narcís Monturiol, 4, Nave 18', '08110', 'Montcada i Reixac'),
(20480, 2004, 100759, '08', 'Narcís Monturiol, 4, Nave 18', '08110', 'Montcada i Reixac'),
(20481, 2000, 100760, '28', 'Avda. Doceava, 16', '28991', 'Torrejón de la Calzada'),
(20482, 2004, 100760, '28', 'Avda. Doceava, 16', '28991', 'Torrejón de la Calzada'),
(20483, 2000, 100761, '14', 'Avda. Antonio Sánchez, 1', '14920', 'Aguilar de la Frontera'),
(20484, 2004, 100761, '14', 'Avda. Antonio Sánchez, 1', '14920', 'Aguilar de la Frontera'),
(20485, 2000, 100762, '31', 'C/ Del Plaza Del Cristo, 14. 6º-B', '31523', 'Ablitas'),
(20486, 2004, 100762, '31', 'P.I. Ablitas, 40-41', '31523', 'Ablitas'),
(20487, 2000, 100763, '43', 'Cardenal Goma, 29', '43450', 'Riba (La)'),
(20488, 2004, 100763, '43', 'Cardenal Goma, 29', '43450', 'Riba (La)'),
(20489, 2000, 100764, '18', 'Puente Del Ventorro, S/N', '18564', 'Benalúa de las Villas'),
(20490, 2004, 100764, '18', 'Puente Del Ventorro, S/N', '18564', 'Benalúa de las Villas'),
(20491, 2000, 100765, '16', 'C/ de Garralón y Robles, 8. 4º-B', '16415', 'Villamayor de Santiago'),
(20492, 2004, 100765, '16', 'Ctra. Saelices, 3', '16415', 'Villamayor de Santiago'),
(20493, 2000, 100766, '12', 'Juan De Austria, 75 (Prolongación De Calle Trafalgar)', '12100', 'Castellón'),
(20494, 2004, 100766, '12', 'Juan De Austria, 75 (Prolongación De Calle Trafalgar)', '12100', 'Castellón'),
(20495, 2000, 100767, '17', 'Afores, S/N', '17400', 'Breda'),
(20496, 2004, 100767, '17', 'Afores, S/N', '17400', 'Breda'),
(20497, 2000, 100768, '24', 'La Vega, S/N', '24190', 'León'),
(20498, 2004, 100768, '24', 'La Vega, S/N', '24190', 'León'),
(20499, 2000, 100769, '01', 'Cno. De La Hoya, 5', '01300', 'Laguardia'),
(20500, 2004, 100769, '01', 'Cno. De La Hoya, 5', '01300', 'Laguardia'),
(20501, 2000, 100770, '28', 'José Isbert, 20', '28223', 'Pozuelo de Alarcón'),
(20502, 2004, 100770, '28', 'José Isbert, 20', '28223', 'Pozuelo de Alarcón'),
(20503, 2000, 100771, '33', 'María González |La Pondala|, 82-96', '33393', 'Gijón'),
(20504, 2004, 100771, '33', 'María González |La Pondala|, 82-96', '33393', 'Gijón'),
(20505, 2000, 100772, '16', 'La Región, 7', '16660', 'Pedroñeras (Las)'),
(20506, 2004, 100772, '16', 'La Región, 7', '16660', 'Pedroñeras (Las)'),
(20507, 2000, 100773, '28', 'C/ Pinto, 92. 3º-C', '28935', 'Móstoles'),
(20508, 2004, 100773, '28', 'P.I. Seis, Puerto Neveros, 12', '28935', 'Móstoles'),
(20509, 2000, 100774, '50', 'Avda. De Zaragoza, Nº 83', '50630', 'Alagón'),
(20510, 2004, 100774, '50', 'Avda. De Zaragoza, Nº 83', '50630', 'Alagón'),
(20511, 2000, 100775, '50', 'C/ Brunete, 73. 2º-Izda.', '50400', 'Cariñena'),
(20512, 2004, 100775, '50', 'P.I. La Veguilla, S/N', '50400', 'Cariñena'),
(20513, 2000, 100776, '29', 'Parque Tecnológico Andalucia - C/ Severo Ochoa, 64', '29590', 'Málaga'),
(20514, 2004, 100776, '29', 'Parque Tecnológico Andalucia - C/ Severo Ochoa, 64', '29590', 'Málaga'),
(20515, 2000, 100777, '20', 'P.I. El Carrascot - C/ Dels Fusters, 11', '20212', 'Olaberria'),
(20516, 2004, 100777, '20', 'P.I. 201, Parcela 12', '20212', 'Olaberria'),
(20517, 2000, 100778, '40', 'Real Del Pino, 36', '40460', 'Santiuste de San Juan Bautista'),
(20518, 2004, 100778, '40', 'Real Del Pino, 36', '40460', 'Santiuste de San Juan Bautista'),
(20519, 2000, 100779, '03', 'P.I. Los Agustinos, C/ E S/N', '03430', 'Onil'),
(20520, 2004, 100779, '03', 'Ctra. Alcoy-Yecla, Km. 26,2', '03430', 'Onil'),
(20521, 2000, 100780, '01', 'Artapadura, 12', '01013', 'Vitoria-Gasteiz'),
(20522, 2004, 100780, '01', 'Artapadura, 12', '01013', 'Vitoria-Gasteiz'),
(20523, 2000, 100781, '26', 'C/ Villaviciosa de Odón, 31. 3º-D', '26008', 'Agoncillo'),
(20524, 2004, 100781, '26', 'P.I. El Sequero, Avda. Del Ebro, Parc. 34-35', '26008', 'Agoncillo'),
(20525, 2000, 100782, '30', 'C/ Del Prado, 87. 3º-A', '30169', 'Murcia'),
(20526, 2004, 100782, '30', 'P.I. Oeste, Avda. Ppal., Manzana 25', '30169', 'Murcia'),
(20527, 2000, 100783, '28', 'Virgilio, 25 A, 1º D Edif. Ayessa Ii', '28223', 'Pozuelo de Alarcón'),
(20528, 2004, 100783, '28', 'Virgilio, 25 A, 1º D Edif. Ayessa Ii', '28223', 'Pozuelo de Alarcón'),
(20529, 2000, 100784, '28', 'C/ de Fosant, 2. 2º-A', '28971', 'Griñón'),
(20530, 2004, 100784, '28', 'Ctra. Navalcarnero A Chinchón, Km. 21,2', '28971', 'Griñón'),
(20531, 2000, 100785, '41', 'Parsi 7, 3', '41016', 'Sevilla'),
(20532, 2004, 100785, '41', 'Parsi 7, 3', '41016', 'Sevilla'),
(20533, 2000, 100786, '39', 'Parque Empresarial Elche. C/ Juan De La Cierva, 60', '39697', 'Corvera de Toranzo'),
(20534, 2004, 100786, '39', 'P.I. Río Pas S/N', '39697', 'Corvera de Toranzo'),
(20535, 2000, 100787, '23', 'Cno. De San Antonio, S/N', '23450', 'Ibros'),
(20536, 2004, 100787, '23', 'Cno. De San Antonio, S/N', '23450', 'Ibros'),
(20537, 2000, 100788, '30', 'P.I. Alcobendas - C/Valportillo Segunda, 7- 2º Dcha.', '30739', 'Torre-Pacheco'),
(20538, 2004, 100788, '30', 'Ctra. Pozo-Aledo, Km 3', '30739', 'Torre-Pacheco'),
(20539, 2000, 100789, '18', 'C/ De La Cañada, 100. 4º-A', '18730', 'Motril'),
(20540, 2004, 100789, '18', 'Ctra. Nacional 340, Km 342', '18730', 'Motril'),
(20541, 2000, 100790, '43', 'C/ Guadarrama, 14. 6º-D', '43812', 'Tarragona'),
(20542, 2002, 100790, '43', 'Apartado Postal 78', '43812', 'Tarragona'),
(20543, 2004, 100790, '43', 'Ctra. De Valls, Km. 2,8', '43812', 'Tarragona'),
(20544, 2000, 100791, '45', 'Avda. Castilla-La Mancha, 38', '45370', 'Santa Cruz de la Zarza'),
(20545, 2004, 100791, '45', 'Avda. Castilla-La Mancha, 38', '45370', 'Santa Cruz de la Zarza'),
(20546, 2000, 100792, '45', 'Cno. Del Molino, S/N', '45291', 'Cobeja'),
(20547, 2004, 100792, '45', 'Cno. Del Molino, S/N', '45291', 'Cobeja'),
(20548, 2000, 100793, '25', 'C/ De Santander, 45. 6º-A', '25250', 'Bellpuig'),
(20549, 2004, 100793, '25', 'Ctra. N-Ii, Km. 495', '25250', 'Bellpuig'),
(20550, 2000, 100794, '22', 'C/ Hermanos Bienvenida, 10. 2º-C', '22300', 'Barbastro'),
(20551, 2004, 100794, '22', 'Ctra. Barbastro-Naval, Km 3,5', '22300', 'Barbastro'),
(20552, 2000, 100795, '33', 'C/ Aluminio, 37. 3º-A', '33211', 'Gijón'),
(20553, 2002, 100795, '33', 'Apartado Postal 163', '33211', 'Gijón'),
(20554, 2004, 100795, '33', 'P.I. De Roces, 5 (C/ 2)', '33211', 'Gijón'),
(20555, 2000, 100796, '46', 'C/ de las Monjas, 2. 2º-A', '46760', 'Tavernes de la Valldigna'),
(20556, 2004, 100796, '46', 'Ctra. Playa A La Estación De Ffcc.', '46760', 'Tavernes de la Valldigna'),
(20557, 2000, 100797, '50', 'Pso. De Teruel, Nº24', '50004', 'Zaragoza'),
(20558, 2004, 100797, '50', 'Pso. De Teruel, Nº24', '50004', 'Zaragoza'),
(20559, 2000, 100798, '23', 'La Muela, 16', '23650', 'Torredonjimeno'),
(20560, 2004, 100798, '23', 'La Muela, 16', '23650', 'Torredonjimeno'),
(20561, 2000, 100799, '43', 'C/ de Córdoba, 31. 3º- ', '43550', 'Ulldecona'),
(20562, 2004, 100799, '43', 'P.I. Valldepins Ii, C/ París', '43550', 'Ulldecona'),
(20563, 2000, 100800, '13', 'C/ Don Luis Cervera Vera, 7. 3º-Entrs.', '13600', 'Alcázar de San Juan'),
(20564, 2004, 100800, '13', 'P.I. Alces, Parcela 23-24 (Apd. 86)', '13600', 'Alcázar de San Juan'),
(20565, 2000, 100801, '03', 'C/ De Huelva, 14. 4º- ', '03440', 'Ibi'),
(20566, 2004, 100801, '03', 'P.I. L|Alfaç Iii.   C/ Ávila, 12', '03440', 'Ibi'),
(20567, 2000, 100802, '28', 'C/ De San Roque, 9. 1º-B', '28935', 'Móstoles'),
(20568, 2004, 100802, '28', 'Ctra. Antigua De Extremadura, Km. 20,7 Senda De La Chirivina, S/N', '28935', 'Móstoles'),
(20569, 2000, 100803, '30', 'C/ Del Nogal, 1. 1º-C', '30500', 'Molina de Segura'),
(20570, 2004, 100803, '30', 'Ctra. De Torrealta, S/N', '30500', 'Molina de Segura'),
(20571, 2000, 100804, '08', 'Esperanza, 7', '08191', 'Rubí'),
(20572, 2004, 100804, '08', 'Esperanza, 7', '08191', 'Rubí'),
(20573, 2000, 100805, '09', 'Montes De Oca, 21', '09001', 'Burgos'),
(20574, 2004, 100805, '09', 'Montes De Oca, 21', '09001', 'Burgos'),
(20575, 2000, 100806, '28', 'Villa Esther, 11', '28110', 'Algete'),
(20576, 2004, 100806, '28', 'Villa Esther, 11', '28110', 'Algete'),
(20577, 2000, 100807, '08', 'Avda. De La Ribera, 33', '08503', 'Gurb'),
(20578, 2004, 100807, '08', 'Avda. De La Ribera, 33', '08503', 'Gurb'),
(20579, 2000, 100808, '43', 'C/ De La Soledad, 11. 3º-D', '43140', 'Pobla de Mafumet (La)'),
(20580, 2004, 100808, '43', 'Ctra. Reus - Torredembarra, S/N', '43140', 'Pobla de Mafumet (La)'),
(20581, 2000, 100809, '27', 'C/ de Marcela de Ulloa, 5. 1º-Izda.', '27160', 'Lugo'),
(20582, 2004, 100809, '27', 'Ctra. Lugo-Monforte Km.1  -Nadela-', '27160', 'Lugo'),
(20583, 2000, 100810, '28', 'C/ De La Princesa Zaida, 4. 4º-E', '28500', 'Arganda del Rey'),
(20584, 2004, 100810, '28', 'P.I. El Guijar - Avda. El Guijar, 17', '28500', 'Arganda del Rey'),
(20585, 2000, 100811, '43', 'Mila I Fontanals, S/N', '43205', 'Reus'),
(20586, 2004, 100811, '43', 'Mila I Fontanals, S/N', '43205', 'Reus'),
(20587, 2000, 100812, '41', 'C/ Cuenca, 5. 1º-D', '41309', 'Rinconada (La)'),
(20588, 2004, 100812, '41', 'P.I. Majaravique, Nave 30D', '41309', 'Rinconada (La)'),
(20589, 2000, 100813, '13', 'P.I. La Pedrosa, C/Manzana, 9', '13600', 'Alcázar de San Juan'),
(20590, 2004, 100813, '13', 'P.I. Alces, S/N', '13600', 'Alcázar de San Juan'),
(20591, 2000, 100814, '03', 'Partida Fábricas De Beneyto, S/N', '03450', 'Banyeres de Mariola'),
(20592, 2004, 100814, '03', 'Partida Fábricas De Beneyto, S/N', '03450', 'Banyeres de Mariola'),
(20593, 2000, 100815, '28', 'C/ Agustinas Recoletas, 7. 3º-A', '28863', 'Cobeña'),
(20594, 2004, 100815, '28', 'P.I. Sur - C/ Papel, S/N', '28863', 'Cobeña'),
(20595, 2000, 100816, '08', 'Josep Tapiolas, 145', '08226', 'Terrassa'),
(20596, 2004, 100816, '08', 'Josep Tapiolas, 145', '08226', 'Terrassa'),
(20597, 2000, 100817, '08', 'Carrer de Angel León, 34', '08210', 'Barberà del Vallès'),
(20598, 2004, 100817, '08', 'P.I. Can Salvatella, Bellvei 41-49, Naves 3-8-9', '08210', 'Barberà del Vallès'),
(20599, 2000, 100818, '43', 'Carrer de Albert Plá, 22', '43780', 'Gandesa'),
(20600, 2004, 100818, '43', 'P.I. La Plana, Parcela 4-5-6', '43780', 'Gandesa'),
(20601, 2000, 100819, '28', 'San Cesareo, 22-24', '28021', 'Madrid'),
(20602, 2004, 100819, '28', 'San Cesareo, 22-24', '28021', 'Madrid'),
(20603, 2000, 100820, '28', 'Herreros, 5', '28906', 'Getafe'),
(20604, 2004, 100820, '28', 'Herreros, 5', '28906', 'Getafe'),
(20605, 2000, 100821, '30', 'C/ Mercaderes, 26', '30559', 'Abarán'),
(20606, 2004, 100821, '30', 'Ctra. De Jumilla, Km. 6', '30559', 'Abarán'),
(20607, 2000, 100822, '28', 'Alfonso Gómez, 42. Nave 231', '28037', 'Madrid'),
(20608, 2004, 100822, '28', 'Alfonso Gómez, 42. Nave 231', '28037', 'Madrid'),
(20609, 2000, 100823, '30', 'C/ Fenicios, 36', '30400', 'Caravaca de la Cruz'),
(20610, 2004, 100823, '30', 'Ctra. De Granada ,Km 3', '30400', 'Caravaca de la Cruz'),
(20611, 2000, 100824, '15', 'J. María Rivera Corral, 6', '15008', 'Coruña (A)'),
(20612, 2004, 100824, '15', 'J. María Rivera Corral, 6', '15008', 'Coruña (A)');

-- --------------------------------------------------------

--
-- Estructura de tabla para la tabla `empleados`
--

CREATE TABLE `empleados` (
  `empleado_id` int(11) NOT NULL,
  `cargo_id` int(11) DEFAULT NULL,
  `departamento_id` int(11) DEFAULT NULL,
  `supervisor_id` int(11) DEFAULT NULL,
  `genero` enum('M','F') COLLATE utf8mb4_spanish_ci DEFAULT NULL,
  `nombre` varchar(40) COLLATE utf8mb4_spanish_ci DEFAULT NULL,
  `apellidos` varchar(80) COLLATE utf8mb4_spanish_ci DEFAULT NULL,
  `login` varchar(40) COLLATE utf8mb4_spanish_ci NOT NULL,
  `email` varchar(100) COLLATE utf8mb4_spanish_ci DEFAULT NULL,
  `movil` char(9) COLLATE utf8mb4_spanish_ci DEFAULT NULL,
  `extension` char(4) COLLATE utf8mb4_spanish_ci DEFAULT NULL,
  `tipo_empleado` enum('GEN','COM','TEC','AFT') COLLATE utf8mb4_spanish_ci DEFAULT 'GEN'
) ENGINE=InnoDB DEFAULT CHARSET=utf8mb4 COLLATE=utf8mb4_spanish_ci;

--
-- Volcado de datos para la tabla `empleados`
--

INSERT INTO `empleados` (`empleado_id`, `cargo_id`, `departamento_id`, `supervisor_id`, `genero`, `nombre`, `apellidos`, `login`, `email`, `movil`, `extension`, `tipo_empleado`) VALUES
(101, 25, 1, NULL, 'M', 'Alejandro', 'Sancho Aizpurua', 'a_sancho', 'a.sancho@thelolailos.com', '619825714', '1001', 'GEN'),
(102, 34, 2, 101, 'F', 'Paula', 'Domínguez  Brenes', 'p_dominguez', 'p.dominguez@thelolailos.com', '619863835', '2001', 'GEN'),
(103, 52, 4, 101, 'M', 'Mirko', 'Cruz  Almendros', 'm_cruz', 'm.cruz@thelolailos.com', '665105551', '4001', 'GEN'),
(104, 39, 3, 101, 'M', 'José Antonio', 'Prieto  Villero', 'j_prieto', 'j.prieto@thelolailos.com', '600965629', '3001', 'GEN'),
(105, 49, 3, 101, 'M', 'Adal', 'Ferrer  Fabregat', 'a_ferrer', 'a.ferrer@thelolailos.com', '615719681', '3010', 'GEN'),
(106, 99, 3, 104, 'M', 'Nicolás', 'Ruiz  Mallo', 'n_ruiz', 'n.ruiz@thelolailos.com', '606365989', '3011', 'GEN'),
(107, 600, 4, 103, 'F', 'Irene', 'García Latorre', 'i_garcia', 'i.garcia@thelolailos.com', '650919615', '4010', 'TEC'),
(108, 800, 4, 103, 'M', 'Pablo', 'Jiménez  Mena', 'p_jimenez', 'p.jimenez@thelolailos.com', '646167542', '4011', 'TEC'),
(109, 340, 2, 102, 'M', 'Sergio', 'Gallego  Peñas', 's_gallego', 's.gallego@thelolailos.com', '656831822', '2002', 'COM'),
(110, 340, 2, 102, 'M', 'Adrián', 'Soto  Batlle', 'a_soto', 'a.soto@thelolailos.com', '621656526', '2003', 'COM'),
(111, 601, 4, 103, 'F', 'Marta', 'Jiménez  Magan', 'm_jimenez', 'm.jimenez@thelolailos.com', '627939801', '4012', 'TEC'),
(112, 340, 2, 102, 'M', 'Adrián', 'Hervas Hormigo', 'a_hervas', 'a.hervas@thelolailos.com', '621230898', '2004', 'COM'),
(113, 320, 2, 120, 'F', 'Mónica', 'Delgado  Barrado', 'm_delgado', 'm.delgado@thelolailos.com', '626294546', '2005', 'GEN'),
(114, 340, 2, 102, 'M', 'Jorge', 'Suarez  Armenteros', 'j_suarez', 'j.suarez@thelolailos.com', '629415897', '2006', 'COM'),
(115, 340, 2, 102, 'M', 'Marc', 'Bautista Pamies', 'm_bautista', 'm.bautista@thelolailos.com', '631545714', '2007', 'COM'),
(116, 340, 2, 102, 'F', 'Alena', 'Crespo  Sampedro', 'a_crespo', 'a.crespo@thelolailos.com', '676225850', '2008', 'COM'),
(117, 601, 4, 103, 'F', 'Bettina', 'Diaz  Mesas', 'b_diaz', 'b.diaz@thelolailos.com', '677569966', '4013', 'TEC'),
(118, 800, 4, 103, 'M', 'Ramos', 'Gutiérrez  Cabello', 'r_gutierrez', 'r.gutierrez@thelolailos.com', '655726573', '4014', 'TEC'),
(119, 340, 2, 102, 'F', 'Tessa', 'Giner Lee', 't_giner', 't.giner@thelolailos.com', '619343898', '2009', 'COM'),
(120, 321, 2, 102, 'F', 'Sandra', 'Diaz  Montes', 's_diaz', 's.diaz@thelolailos.com', '682796602', '2010', 'GEN'),
(121, 580, 5, 105, 'M', 'Andros', 'Cruz  Collantes', 'a_cruz', 'a.cruz@thelolailos.com', '639801959', '3501', 'AFT'),
(122, 800, 4, 103, 'M', 'Carlos', 'Vilar Socas', 'c_vilar', 'c.vilar@thelolailos.com', '607348851', '4015', 'TEC'),
(123, 800, 4, 103, 'M', 'Andeka', 'Gómez Bartolome', 'a_gomez', 'a.gomez@thelolailos.com', '628590684', '4016', 'TEC'),
(124, 340, 2, 102, 'M', 'Alejandro', 'Ruiz  Labrador', 'a_ruiz', 'a.ruiz@thelolailos.com', '622924672', '2011', 'COM'),
(125, 580, 5, 105, 'F', 'Rocío', 'Gómez Salguero', 'r_gomez', 'r.gomez@thelolailos.com', '647418822', '3502', 'AFT'),
(126, 990, 3, 106, 'M', 'Álvaro', 'Vega  Capel', 'a_vega', 'a.vega@thelolailos.com', '626112734', '3012', 'GEN'),
(127, 580, 5, 105, 'F', 'Yolanda', 'Gómez Castañeda', 'y_gomez', 'y.gomez@thelolailos.com', '613421986', '3503', 'AFT'),
(128, 801, 4, 103, 'F', 'Laura', 'Barrera Gragera', 'l_barrera', 'l.barrera@thelolailos.com', '627288605', '4017', 'GEN'),
(129, 345, 2, 102, 'M', 'Miguel Ángel', 'González Leiva', 'm_gonzalez', 'm.gonzalez@thelolailos.com', '677196905', '2012', 'GEN'),
(130, 340, 2, 102, 'M', 'Aris', 'Suarez  Roa', 'a_suarez', 'a.suarez@thelolailos.com', '684858736', '2013', 'COM'),
(131, 340, 2, 102, 'M', 'Fabrizio', 'Prieto  Quintanilla', 'f_prieto', 'f.prieto@thelolailos.com', '660499533', '2014', 'COM'),
(132, 601, 4, 103, 'F', 'Lavinia', 'Giménez  Juez', 'l_gimenez', 'l.gimenez@thelolailos.com', '622834947', '4018', 'TEC'),
(133, 801, 4, 103, 'M', 'Javier', 'García Marques', 'j_garcia', 'j.garcia@thelolailos.com', '653561907', '4019', 'GEN'),
(134, 340, 2, 102, 'M', 'Max', 'Parra Anglada', 'm_parra', 'm.parra@thelolailos.com', '619847860', '2015', 'COM'),
(135, 340, 2, 102, 'F', 'Mara', 'García Duarte', 'm_garcia', 'm.garcia@thelolailos.com', '623431839', '2016', 'COM'),
(136, 800, 4, 103, 'M', 'Milo', 'Aviles Mompo', 'm_aviles', 'm.aviles@thelolailos.com', '680456811', '4020', 'TEC'),
(137, 340, 2, 102, 'F', 'Raquel', 'Diaz  Olea', 'r_diaz', 'r.diaz@thelolailos.com', '609708523', '2017', 'COM'),
(138, 990, 3, 106, 'M', 'Gus', 'Núñez  Benavides', 'g_nunez', 'g.nunez@thelolailos.com', '690510660', '3013', 'GEN'),
(139, 800, 4, 103, 'M', 'Martín', 'Soler  Palomar', 'm_soler', 'm.soler@thelolailos.com', '608594697', '4021', 'TEC'),
(140, 322, 2, 120, 'M', 'Carlos', 'Carrasco  Diaz', 'c_carrasco', 'c.carrasco@thelolailos.com', '670472925', '2018', 'GEN'),
(141, 340, 2, 102, 'M', 'Xanti', 'Méndez  Marquez', 'x_mendez', 'x.mendez@thelolailos.com', '676668818', '2019', 'COM'),
(142, 321, 2, 102, 'M', 'Manuel', 'Serrano  Molinero', 'm_serrano', 'm.serrano@thelolailos.com', '608280689', '2020', 'GEN'),
(143, 601, 4, 103, 'M', 'Iker', 'Mora  Briones', 'i_mora', 'i.mora@thelolailos.com', '653187863', '4022', 'TEC'),
(144, 345, 2, 102, 'F', 'Miriam', 'Pacheco Diago', 'm_pacheco', 'm.pacheco@thelolailos.com', '696516796', '2021', 'GEN'),
(145, 990, 3, 106, 'M', 'Auritz', 'Vázquez  Alarcon', 'a_vazquez', 'a.vazquez@thelolailos.com', '676971944', '3014', 'GEN'),
(146, 155, 1, 101, 'F', 'Claudia', 'Gil Lagares', 'c_gil', 'c.gil@thelolailos.com', '610203642', '1002', 'GEN');

-- --------------------------------------------------------

--
-- Estructura de tabla para la tabla `facturas`
--

CREATE TABLE `facturas` (
  `factura_id` int(11) NOT NULL,
  `pedido_id` int(11) DEFAULT NULL,
  `fecha_factura` date DEFAULT NULL
) ENGINE=InnoDB DEFAULT CHARSET=utf8mb4 COLLATE=utf8mb4_spanish_ci;

--
-- Volcado de datos para la tabla `facturas`
--

INSERT INTO `facturas` (`factura_id`, `pedido_id`, `fecha_factura`) VALUES
(50047, 2995, '2018-01-10'),
(50048, 2996, '2018-01-10'),
(50049, 2997, '2018-01-12'),
(50050, 3000, '2018-01-16'),
(50051, 2999, '2018-01-16'),
(50052, 3003, '2018-01-23'),
(50053, 3002, '2018-01-23'),
(50054, 3006, '2018-01-25'),
(50055, 3007, '2018-01-26'),
(50056, 3008, '2018-01-29'),
(50057, 3010, '2018-01-30'),
(50058, 3009, '2018-01-30'),
(50059, 3011, '2018-01-31'),
(50060, 3012, '2018-01-31'),
(50061, 3013, '2018-02-05'),
(50062, 3014, '2018-02-06'),
(50063, 3015, '2018-02-08'),
(50064, 3016, '2018-02-08'),
(50065, 3017, '2018-02-08'),
(50066, 3020, '2018-02-12'),
(50067, 3018, '2018-02-12'),
(50068, 3022, '2018-02-13'),
(50069, 3000, '2018-02-13'),
(50070, 3024, '2018-02-14'),
(50071, 3023, '2018-02-14'),
(50072, 3025, '2018-02-15'),
(50073, 3029, '2018-02-19'),
(50074, 3027, '2018-02-19'),
(50075, 3028, '2018-02-19'),
(50076, 3032, '2018-02-20'),
(50077, 3030, '2018-02-20'),
(50078, 3002, '2018-02-20'),
(50079, 3033, '2018-02-22'),
(50080, 3034, '2018-02-23'),
(50081, 3038, '2018-02-27'),
(50082, 3035, '2018-02-27'),
(50083, 3010, '2018-02-27'),
(50084, 3040, '2018-03-01'),
(50085, 3041, '2018-03-01'),
(50086, 3042, '2018-03-02'),
(50087, 3044, '2018-03-05'),
(50088, 3046, '2018-03-05'),
(50089, 3047, '2018-03-06'),
(50090, 3048, '2018-03-06'),
(50091, 3014, '2018-03-06'),
(50092, 3051, '2018-03-09'),
(50093, 3052, '2018-03-09'),
(50094, 3018, '2018-03-12'),
(50095, 3055, '2018-03-13'),
(50096, 3056, '2018-03-13'),
(50097, 3057, '2018-03-13'),
(50098, 3022, '2018-03-13'),
(50099, 3058, '2018-03-14'),
(50100, 3059, '2018-03-20'),
(50101, 3032, '2018-03-20'),
(50102, 3030, '2018-03-20'),
(50103, 3062, '2018-03-27'),
(50104, 3064, '2018-03-27'),
(50105, 3061, '2018-03-27'),
(50106, 3063, '2018-03-27'),
(50107, 3035, '2018-03-27'),
(50108, 3066, '2018-03-30'),
(50109, 3067, '2018-04-02'),
(50110, 3069, '2018-04-03'),
(50111, 3068, '2018-04-03'),
(50112, 3048, '2018-04-03'),
(50113, 3073, '2018-04-10'),
(50114, 3071, '2018-04-10'),
(50115, 3072, '2018-04-10'),
(50116, 3076, '2018-04-11'),
(50117, 3075, '2018-04-11'),
(50118, 3078, '2018-04-12'),
(50119, 3077, '2018-04-12'),
(50120, 3080, '2018-04-13'),
(50121, 3081, '2018-04-16'),
(50122, 3084, '2018-04-17'),
(50123, 3082, '2018-04-17'),
(50124, 3083, '2018-04-17'),
(50125, 3059, '2018-04-17'),
(50126, 3030, '2018-04-17'),
(50127, 3085, '2018-04-23'),
(50128, 3087, '2018-04-24'),
(50129, 3089, '2018-04-24'),
(50130, 3088, '2018-04-24'),
(50131, 3090, '2018-04-26'),
(50132, 3091, '2018-04-26'),
(50133, 3093, '2018-04-30'),
(50134, 3094, '2018-04-30'),
(50135, 3097, '2018-05-01'),
(50136, 3095, '2018-05-01'),
(50137, 3096, '2018-05-01'),
(50138, 3069, '2018-05-01'),
(50139, 3098, '2018-05-03'),
(50140, 3101, '2018-05-08'),
(50141, 3100, '2018-05-08'),
(50142, 3102, '2018-05-09'),
(50143, 3103, '2018-05-10'),
(50144, 3108, '2018-05-15'),
(50145, 3109, '2018-05-15'),
(50146, 3083, '2018-05-15'),
(50147, 3059, '2018-05-15'),
(50148, 3030, '2018-05-15'),
(50149, 3110, '2018-05-17'),
(50150, 3111, '2018-05-18'),
(50151, 3112, '2018-05-21'),
(50152, 3113, '2018-05-21'),
(50153, 3114, '2018-05-22'),
(50154, 3115, '2018-05-22'),
(50155, 3088, '2018-05-22'),
(50156, 3116, '2018-05-23'),
(50157, 3119, '2018-05-24'),
(50158, 3121, '2018-05-24'),
(50159, 3118, '2018-05-24'),
(50160, 3120, '2018-05-24'),
(50161, 3123, '2018-05-25'),
(50162, 3122, '2018-05-25'),
(50163, 3128, '2018-05-29'),
(50164, 3127, '2018-05-29'),
(50165, 3095, '2018-05-29'),
(50166, 3096, '2018-05-29'),
(50167, 3132, '2018-05-31'),
(50168, 3131, '2018-05-31'),
(50169, 3133, '2018-06-01'),
(50170, 3135, '2018-06-05'),
(50171, 3136, '2018-06-05'),
(50172, 3101, '2018-06-05'),
(50173, 3138, '2018-06-07'),
(50174, 3137, '2018-06-07'),
(50175, 3140, '2018-06-12'),
(50176, 3109, '2018-06-12'),
(50177, 3083, '2018-06-12'),
(50178, 3059, '2018-06-12'),
(50179, 3142, '2018-06-14'),
(50180, 3143, '2018-06-15'),
(50181, 3145, '2018-06-15'),
(50182, 3146, '2018-06-19'),
(50183, 3147, '2018-06-19'),
(50184, 3150, '2018-06-25'),
(50185, 3149, '2018-06-25'),
(50186, 3148, '2018-06-25'),
(50187, 3151, '2018-06-26'),
(50188, 3152, '2018-06-26'),
(50189, 3153, '2018-06-26'),
(50190, 3154, '2018-06-26'),
(50191, 3128, '2018-06-26'),
(50192, 3096, '2018-06-26'),
(50193, 3131, '2018-06-28'),
(50194, 3155, '2018-07-03'),
(50195, 3135, '2018-07-03'),
(50196, 3158, '2018-07-09'),
(50197, 3160, '2018-07-10'),
(50198, 3159, '2018-07-10'),
(50199, 3140, '2018-07-10'),
(50200, 3083, '2018-07-10'),
(50201, 3163, '2018-07-12'),
(50202, 3161, '2018-07-12'),
(50203, 3143, '2018-07-13'),
(50204, 3167, '2018-07-17'),
(50205, 3165, '2018-07-17'),
(50206, 3166, '2018-07-17'),
(50207, 3146, '2018-07-17'),
(50208, 3169, '2018-07-23'),
(50209, 3170, '2018-07-24'),
(50210, 3171, '2018-07-24'),
(50211, 3154, '2018-07-24'),
(50212, 3096, '2018-07-24'),
(50213, 3173, '2018-07-26'),
(50214, 3174, '2018-07-26'),
(50215, 3131, '2018-07-26'),
(50216, 3176, '2018-07-27'),
(50217, 3175, '2018-07-27'),
(50218, 3177, '2018-07-30'),
(50219, 3178, '2018-07-31'),
(50220, 3179, '2018-07-31'),
(50221, 3181, '2018-08-02'),
(50222, 3182, '2018-08-02'),
(50223, 3183, '2018-08-06'),
(50224, 3185, '2018-08-07'),
(50225, 3184, '2018-08-07'),
(50226, 3187, '2018-08-07'),
(50227, 3159, '2018-08-07'),
(50228, 3189, '2018-08-09'),
(50229, 3190, '2018-08-09'),
(50230, 3191, '2018-08-10'),
(50231, 3192, '2018-08-13'),
(50232, 3193, '2018-08-14'),
(50233, 3194, '2018-08-14'),
(50234, 3195, '2018-08-14'),
(50235, 3166, '2018-08-14'),
(50236, 3196, '2018-08-21'),
(50237, 3171, '2018-08-21'),
(50238, 3131, '2018-08-23'),
(50239, 3175, '2018-08-24'),
(50240, 3198, '2018-08-27'),
(50241, 3199, '2018-08-28'),
(50242, 3200, '2018-08-28'),
(50243, 3201, '2018-08-28'),
(50244, 3204, '2018-08-30'),
(50245, 3205, '2018-08-31'),
(50246, 3207, '2018-08-31'),
(50247, 3208, '2018-09-03'),
(50248, 3209, '2018-09-04'),
(50249, 3185, '2018-09-04'),
(50250, 3159, '2018-09-04'),
(50251, 3210, '2018-09-05'),
(50252, 3211, '2018-09-05'),
(50253, 3212, '2018-09-06'),
(50254, 3214, '2018-09-07'),
(50255, 3215, '2018-09-07'),
(50256, 3216, '2018-09-10'),
(50257, 3217, '2018-09-11'),
(50258, 3218, '2018-09-11'),
(50259, 3195, '2018-09-11'),
(50260, 3219, '2018-09-13'),
(50261, 3221, '2018-09-14'),
(50262, 3220, '2018-09-14'),
(50263, 3222, '2018-09-17'),
(50264, 3223, '2018-09-17'),
(50265, 3224, '2018-09-18'),
(50266, 3196, '2018-09-18'),
(50267, 3225, '2018-09-19'),
(50268, 3226, '2018-09-20'),
(50269, 3175, '2018-09-21'),
(50270, 3227, '2018-09-24'),
(50271, 3228, '2018-09-25'),
(50272, 3229, '2018-09-25'),
(50273, 3201, '2018-09-25'),
(50274, 3233, '2018-09-27'),
(50275, 3232, '2018-09-27'),
(50276, 3234, '2018-10-02'),
(50277, 3235, '2018-10-02'),
(50278, 3237, '2018-10-02'),
(50279, 3236, '2018-10-02'),
(50280, 3209, '2018-10-02'),
(50281, 3159, '2018-10-02'),
(50282, 3238, '2018-10-04'),
(50283, 3239, '2018-10-08'),
(50284, 3241, '2018-10-09'),
(50285, 3240, '2018-10-09'),
(50286, 3217, '2018-10-09'),
(50287, 3246, '2018-10-16'),
(50288, 3244, '2018-10-16'),
(50289, 3245, '2018-10-16'),
(50290, 3196, '2018-10-16'),
(50291, 3247, '2018-10-17'),
(50292, 3249, '2018-10-18'),
(50293, 3250, '2018-10-18'),
(50294, 3226, '2018-10-18'),
(50295, 3175, '2018-10-19'),
(50296, 3227, '2018-10-22'),
(50297, 3252, '2018-10-23'),
(50298, 3253, '2018-10-23'),
(50299, 3229, '2018-10-23'),
(50300, 3201, '2018-10-23'),
(50301, 3254, '2018-10-25'),
(50302, 3255, '2018-10-26'),
(50303, 3256, '2018-10-30'),
(50304, 3236, '2018-10-30'),
(50305, 3209, '2018-10-30'),
(50306, 3257, '2018-11-01'),
(50307, 3258, '2018-11-01'),
(50308, 3259, '2018-11-01'),
(50309, 3260, '2018-11-02'),
(50310, 3239, '2018-11-05'),
(50311, 3261, '2018-11-06'),
(50312, 3262, '2018-11-06'),
(50313, 3264, '2018-11-07'),
(50314, 3263, '2018-11-07'),
(50315, 3265, '2018-11-08'),
(50316, 3266, '2018-11-08'),
(50317, 3267, '2018-11-13'),
(50318, 3245, '2018-11-13'),
(50319, 3196, '2018-11-13'),
(50320, 3271, '2018-11-15'),
(50321, 3226, '2018-11-15'),
(50322, 3272, '2018-11-20'),
(50323, 3253, '2018-11-20'),
(50324, 3201, '2018-11-20'),
(50325, 3273, '2018-11-22'),
(50326, 3274, '2018-11-23'),
(50327, 3279, '2018-11-27'),
(50328, 3278, '2018-11-27'),
(50329, 3209, '2018-11-27'),
(50330, 3281, '2018-11-28'),
(50331, 3282, '2018-11-29'),
(50332, 3283, '2018-11-29'),
(50333, 3285, '2018-11-29'),
(50334, 3284, '2018-11-29'),
(50335, 3286, '2018-12-04'),
(50336, 3288, '2018-12-04'),
(50337, 3287, '2018-12-04'),
(50338, 3289, '2018-12-05'),
(50339, 3291, '2018-12-10'),
(50340, 3294, '2018-12-11'),
(50341, 3292, '2018-12-11'),
(50342, 3293, '2018-12-11'),
(50343, 3267, '2018-12-11'),
(50344, 3297, '2018-12-13'),
(50345, 3296, '2018-12-13'),
(50346, 3226, '2018-12-13'),
(50347, 3298, '2018-12-14'),
(50348, 3299, '2018-12-17'),
(50349, 3300, '2018-12-17'),
(50350, 3303, '2018-12-18'),
(50351, 3304, '2018-12-18'),
(50352, 3302, '2018-12-18'),
(50353, 3301, '2018-12-18'),
(50354, 3272, '2018-12-18'),
(50355, 3253, '2018-12-18'),
(50356, 3305, '2018-12-20'),
(50357, 3306, '2018-12-24'),
(50358, 3307, '2018-12-25'),
(50359, 3278, '2018-12-25'),
(50360, 3308, '2018-12-26'),
(50361, 3310, '2018-12-27'),
(50362, 3284, '2018-12-27'),
(50363, 3311, '2019-01-03'),
(50364, 3313, '2019-01-03'),
(50365, 3312, '2019-01-03'),
(50366, 3315, '2019-01-04'),
(50367, 3293, '2019-01-08'),
(50368, 3303, '2019-01-15'),
(50369, 3301, '2019-01-15'),
(50370, 3253, '2019-01-15'),
(50371, 3307, '2019-01-22');

-- --------------------------------------------------------

--
-- Estructura de tabla para la tabla `familias_productos`
--

CREATE TABLE `familias_productos` (
  `familia_producto_id` int(11) NOT NULL,
  `codigo_familia` char(3) COLLATE utf8mb4_spanish_ci DEFAULT NULL,
  `nombre_familia` varchar(40) COLLATE utf8mb4_spanish_ci DEFAULT NULL
) ENGINE=InnoDB DEFAULT CHARSET=utf8mb4 COLLATE=utf8mb4_spanish_ci;

--
-- Volcado de datos para la tabla `familias_productos`
--

INSERT INTO `familias_productos` (`familia_producto_id`, `codigo_familia`, `nombre_familia`) VALUES
(100000, 'VAR', 'Varios'),
(100001, 'CIJ', 'Continuos Inkjet'),
(100002, 'VIJ', 'Valve Inkjet'),
(100003, 'PIJ', 'Piezo Inkjet'),
(100004, 'TIJ', 'Thermal Inkjet'),
(100005, 'P&A', 'Print And Apply'),
(100006, 'TTO', 'Thermo Transfer'),
(100007, 'DOD', 'Drop On Demand'),
(100008, 'LAS', 'Laser');

-- --------------------------------------------------------

--
-- Estructura de tabla para la tabla `formas_de_pago`
--

CREATE TABLE `formas_de_pago` (
  `forma_de_pago_id` int(11) NOT NULL,
  `forma_de_pago` varchar(40) COLLATE utf8mb4_spanish_ci DEFAULT NULL
) ENGINE=InnoDB DEFAULT CHARSET=utf8mb4 COLLATE=utf8mb4_spanish_ci;

--
-- Volcado de datos para la tabla `formas_de_pago`
--

INSERT INTO `formas_de_pago` (`forma_de_pago_id`, `forma_de_pago`) VALUES
(600001, '30% anticipo, resto 60 días FF'),
(600002, '100% a 30 días FF'),
(600003, '100% a 60 días FF'),
(600004, '100% a 90 días FF'),
(600005, 'Contado'),
(600006, '100% al pedido.'),
(600007, '30% anticipo, resto a 90 días FF'),
(600008, '50% anticipo, resto a 60 días FF'),
(600009, 'Renting con entidad financiera'),
(600010, 'Leasing con entidad financiera'),
(600011, '30% anticipo, resto 30, 60 y 90 días FF'),
(600012, '30% anticipo, 70% a la entrega equipos'),
(600013, '100% a la entrega');

-- --------------------------------------------------------

--
-- Estructura de tabla para la tabla `formatos`
--

CREATE TABLE `formatos` (
  `formato_id` int(11) NOT NULL,
  `nombre_formato` varchar(40) COLLATE utf8mb4_spanish_ci DEFAULT NULL
) ENGINE=InnoDB DEFAULT CHARSET=utf8mb4 COLLATE=utf8mb4_spanish_ci;

--
-- Volcado de datos para la tabla `formatos`
--

INSERT INTO `formatos` (`formato_id`, `nombre_formato`) VALUES
(10400, 'Caja de 6 botellas de 1L'),
(10401, 'Botella de 1L'),
(10402, 'Unidad'),
(10403, 'Bolsa de 25 unidades'),
(10404, 'Caja de 5 unidades'),
(10405, 'Caja de 10 unidades'),
(10406, 'Kit'),
(10407, 'Caja de 10 rollos'),
(10408, 'Caja de 50 rollos'),
(10409, 'Caja de 9 botellas de 750cc.'),
(10410, 'Caja de 5.000 etiquetas'),
(10411, 'Caja de 10.000 etiquetas'),
(10412, 'Bolsa de 5 unidades'),
(10413, 'Bolsa de 10 unidades'),
(10414, 'Bolsa de 2 unidades'),
(10415, 'Botella de 750cc.');

-- --------------------------------------------------------

--
-- Estructura de tabla para la tabla `impresoras`
--

CREATE TABLE `impresoras` (
  `impresora_id` int(11) NOT NULL,
  `linea_de_pedido_id` int(11) DEFAULT NULL,
  `producto_id` int(11) DEFAULT NULL,
  `numero_de_serie` varchar(40) COLLATE utf8mb4_spanish_ci DEFAULT NULL
) ENGINE=InnoDB DEFAULT CHARSET=utf8mb4 COLLATE=utf8mb4_spanish_ci;

--
-- Volcado de datos para la tabla `impresoras`
--

INSERT INTO `impresoras` (`impresora_id`, `linea_de_pedido_id`, `producto_id`, `numero_de_serie`) VALUES
(150022, 30001, 580252, 'X-000000210'),
(150023, 30085, 580252, 'X-000000215'),
(150024, 30092, 580252, 'X-000000229'),
(150025, 30101, 580252, 'X-000000240'),
(150026, 30174, 580252, 'X-000000248'),
(150027, 30174, 580252, 'X-000000249'),
(150028, 30187, 580252, 'X-000000251'),
(150029, 30293, 580252, 'X-000000296'),
(150030, 30302, 580252, 'X-000000332'),
(150031, 30377, 580252, 'X-000000342'),
(150032, 30405, 580252, 'X-000000347'),
(150033, 30480, 580252, 'X-000000351'),
(150034, 30537, 580252, 'X-000000386'),
(150035, 30581, 580252, 'X-000000387'),
(150036, 30592, 580252, 'X-000000393'),
(150037, 30670, 580252, 'X-000000413'),
(150038, 30677, 580252, 'X-000000426'),
(150039, 30698, 580252, 'X-000000438'),
(150040, 30746, 580252, 'X-000000443'),
(150041, 30770, 580252, 'X-000000500'),
(150042, 30792, 580252, 'X-000000503'),
(150043, 30792, 580252, 'X-000000526'),
(150044, 30824, 580252, 'X-000000534'),
(150045, 30900, 580252, 'X-000000586'),
(150046, 30975, 580252, 'X-000000612'),
(150047, 31001, 580252, 'X-000000630'),
(150048, 30020, 580261, 'P-000000022'),
(150049, 30020, 580261, 'P-000000092'),
(150050, 30053, 580261, 'P-000000096'),
(150051, 30053, 580261, 'P-000000108'),
(150052, 30053, 580261, 'P-000000113'),
(150053, 30122, 580261, 'P-000000120'),
(150054, 30162, 580261, 'P-000000121'),
(150055, 30220, 580261, 'P-000000159'),
(150056, 30247, 580261, 'P-000000162'),
(150057, 30277, 580261, 'P-000000173'),
(150058, 30327, 580261, 'P-000000174'),
(150059, 30341, 580261, 'P-000000192'),
(150060, 30366, 580261, 'P-000000211'),
(150061, 30388, 580261, 'P-000000237'),
(150062, 30426, 580261, 'P-000000240'),
(150063, 30428, 580261, 'P-000000249'),
(150064, 30468, 580261, 'P-000000257'),
(150065, 30468, 580261, 'P-000000296'),
(150066, 30468, 580261, 'P-000000304'),
(150067, 30500, 580261, 'P-000000323'),
(150068, 30513, 580261, 'P-000000325'),
(150069, 30517, 580261, 'P-000000330'),
(150070, 30570, 580261, 'P-000000337'),
(150071, 30611, 580261, 'P-000000363'),
(150072, 30642, 580261, 'P-000000388'),
(150073, 30653, 580261, 'P-000000394'),
(150074, 30697, 580261, 'P-000000401'),
(150075, 30718, 580261, 'P-000000407'),
(150076, 30757, 580261, 'P-000000408'),
(150077, 30825, 580261, 'P-000000414'),
(150078, 30836, 580261, 'P-000000425'),
(150079, 30948, 580261, 'P-000000426'),
(150080, 30999, 580261, 'P-000000429'),
(150081, 30073, 580262, 'P-000000431'),
(150082, 30853, 580262, 'P-000000438'),
(150083, 30987, 580262, 'P-000000449'),
(150084, 30865, 580264, 'P-000000458'),
(150085, 30039, 580493, 'T-000000210'),
(150086, 30140, 580493, 'T-000000213'),
(150087, 30140, 580493, 'T-000000214'),
(150088, 30185, 580493, 'T-000000215'),
(150089, 30197, 580493, 'T-000000216'),
(150090, 30232, 580493, 'T-000000217'),
(150091, 30260, 580493, 'T-000000218'),
(150092, 30260, 580493, 'T-000000219'),
(150093, 30260, 580493, 'T-000000220'),
(150094, 30260, 580493, 'T-000000221'),
(150095, 30260, 580493, 'T-000000222'),
(150096, 30260, 580493, 'T-000000223'),
(150097, 30260, 580493, 'T-000000224'),
(150098, 30347, 580493, 'T-000000235'),
(150099, 30404, 580493, 'T-000000246'),
(150100, 30457, 580493, 'T-000000257'),
(150101, 30552, 580493, 'T-000001228'),
(150102, 30628, 580493, 'T-000001229'),
(150103, 30733, 580493, 'T-000001230'),
(150104, 30808, 580493, 'T-000002231'),
(150105, 30877, 580493, 'T-000002232'),
(150106, 30878, 580493, 'T-000003233'),
(150107, 30921, 580493, 'T-000004234'),
(150108, 30960, 580493, 'T-000004335'),
(150109, 30879, 580494, 'L-000005456'),
(150110, 30879, 580494, 'L-000005457');

-- --------------------------------------------------------

--
-- Estructura de tabla para la tabla `lineas_de_factura`
--

CREATE TABLE `lineas_de_factura` (
  `lineas_de_factura_id` int(11) NOT NULL,
  `factura_id` int(11) DEFAULT NULL,
  `unidades` int(11) DEFAULT NULL,
  `precio_unitario` decimal(8,2) DEFAULT NULL,
  `descuento` decimal(5,2) DEFAULT NULL,
  `procentaje_iva` decimal(5,2) DEFAULT NULL,
  `lista_de_precios_id` int(11) DEFAULT NULL
) ENGINE=InnoDB DEFAULT CHARSET=utf8mb4 COLLATE=utf8mb4_spanish_ci;

--
-- Volcado de datos para la tabla `lineas_de_factura`
--

INSERT INTO `lineas_de_factura` (`lineas_de_factura_id`, `factura_id`, `unidades`, `precio_unitario`, `descuento`, `procentaje_iva`, `lista_de_precios_id`) VALUES
(500500, 50050, 1, '1371.90', '0.00', '0.21', 999999),
(500501, 50047, 1, '306.00', '0.00', '0.21', 1000143),
(500502, 50048, 2, '324.00', '0.00', '0.21', 1000139),
(500503, 50049, 1, '315.00', '0.00', '0.21', 1000131),
(500504, 50049, 1, '288.00', '0.00', '0.21', 1000145),
(500505, 50049, 1, '120.00', '0.00', '0.21', 1000281),
(500506, 50049, 1, '78.00', '0.00', '0.21', 1000327),
(500507, 50051, 2, '306.00', '0.00', '0.21', 1000143),
(500508, 50052, 2, '18.00', '0.00', '0.21', 1000178),
(500509, 50052, 5, '14.00', '0.00', '0.21', 1000192),
(500510, 50052, 1, '31.00', '0.00', '0.21', 1000212),
(500511, 50052, 2, '35.00', '0.00', '0.21', 1000236),
(500512, 50053, 1, '7280.40', '0.00', '0.21', 999999),
(500513, 50054, 2, '324.00', '0.00', '0.21', 1000136),
(500514, 50055, 2, '306.00', '0.00', '0.21', 1000133),
(500515, 50056, 1, '306.00', '0.00', '0.21', 1000142),
(500516, 50057, 1, '3076.80', '0.00', '0.21', 999999),
(500517, 50058, 5, '306.00', '0.00', '0.21', 1000141),
(500518, 50059, 1, '315.00', '0.00', '0.21', 1000131),
(500519, 50060, 5, '306.00', '0.00', '0.21', 1000143),
(500520, 50061, 4, '306.00', '0.00', '0.21', 1000132),
(500521, 50062, 1, '9036.72', '0.00', '0.21', 999999),
(500522, 50063, 1, '306.00', '0.00', '0.21', 1000132),
(500523, 50063, 1, '279.00', '0.00', '0.21', 1000146),
(500524, 50063, 1, '90.00', '0.00', '0.21', 1000282),
(500525, 50063, 1, '78.00', '0.00', '0.21', 1000327),
(500526, 50064, 3, '306.00', '0.00', '0.21', 1000133),
(500527, 50065, 1, '315.00', '0.00', '0.21', 1000131),
(500528, 50065, 4, '288.00', '0.00', '0.21', 1000145),
(500529, 50065, 1, '120.00', '0.00', '0.21', 1000281),
(500530, 50065, 4, '78.00', '0.00', '0.21', 1000327),
(500531, 50066, 3, '306.00', '0.00', '0.21', 1000142),
(500532, 50067, 1, '3490.64', '0.00', '0.21', 999999),
(500533, 50068, 1, '1683.90', '0.00', '0.21', 999999),
(500534, 50069, 1, '3201.10', '0.00', '0.21', 999999),
(500535, 50070, 3, '324.00', '0.00', '0.21', 1000135),
(500536, 50071, 3, '324.00', '0.00', '0.21', 1000135),
(500537, 50072, 1, '306.00', '0.00', '0.21', 1000141),
(500538, 50073, 4, '306.00', '0.00', '0.21', 1000143),
(500539, 50074, 2, '324.00', '0.00', '0.21', 1000136),
(500540, 50075, 1, '324.00', '0.00', '0.21', 1000138),
(500541, 50076, 1, '1371.90', '0.00', '0.21', 999999),
(500542, 50077, 1, '1371.90', '0.00', '0.21', 999999),
(500543, 50078, 1, '16987.60', '0.00', '0.21', 999999),
(500544, 50079, 2, '324.00', '0.00', '0.21', 1000135),
(500545, 50080, 2, '306.00', '0.00', '0.21', 1000143),
(500546, 50081, 2, '306.00', '0.00', '0.21', 1000132),
(500547, 50082, 1, '3610.29', '0.00', '0.21', 999999),
(500548, 50083, 1, '7179.20', '0.00', '0.21', 999999),
(500549, 50084, 5, '315.00', '0.00', '0.21', 1000144),
(500550, 50085, 1, '306.00', '0.00', '0.21', 1000141),
(500551, 50086, 2, '306.00', '0.00', '0.21', 1000143),
(500552, 50087, 4, '306.00', '0.00', '0.21', 1000141),
(500553, 50088, 4, '306.00', '0.00', '0.21', 1000141),
(500554, 50089, 2, '315.00', '0.00', '0.21', 1000131),
(500555, 50090, 1, '6153.60', '0.00', '0.21', 999999),
(500556, 50091, 1, '21085.68', '0.00', '0.21', 999999),
(500557, 50092, 1, '315.00', '0.00', '0.21', 1000131),
(500558, 50092, 1, '288.00', '0.00', '0.21', 1000145),
(500559, 50092, 1, '120.00', '0.00', '0.21', 1000281),
(500560, 50092, 1, '78.00', '0.00', '0.21', 1000327),
(500561, 50092, 1, '60.00', '0.00', '0.21', 1000194),
(500562, 50092, 1, '30.00', '0.00', '0.21', 1000209),
(500563, 50092, 1, '36.00', '0.00', '0.21', 1000210),
(500564, 50092, 1, '45.00', '0.00', '0.21', 1000211),
(500565, 50093, 3, '306.00', '0.00', '0.21', 1000143),
(500566, 50094, 1, '8144.82', '0.00', '0.21', 999999),
(500567, 50095, 2, '306.00', '0.00', '0.21', 1000141),
(500568, 50096, 2, '324.00', '0.00', '0.21', 1000137),
(500569, 50097, 1, '275.00', '0.00', '0.21', 1000077),
(500570, 50097, 1, '160.00', '0.00', '0.21', 1000078),
(500571, 50097, 1, '450.00', '0.00', '0.21', 1000079),
(500572, 50097, 1, '125.00', '0.00', '0.21', 1000081),
(500573, 50097, 1, '670.00', '0.00', '0.21', 1000084),
(500574, 50097, 1, '350.00', '0.00', '0.21', 1000085),
(500575, 50097, 1, '18.00', '0.00', '0.21', 1000179),
(500576, 50097, 1, '14.00', '0.00', '0.21', 1000192),
(500577, 50097, 1, '33.00', '0.00', '0.21', 1000213),
(500578, 50097, 2, '34.00', '0.00', '0.21', 1000237),
(500579, 50097, 1, '9268.00', '0.00', '0.21', 1000009),
(500580, 50098, 1, '3929.10', '0.00', '0.21', 999999),
(500581, 50099, 1, '324.00', '0.00', '0.21', 1000139),
(500582, 50100, 1, '3367.80', '0.00', '0.21', 999999),
(500583, 50101, 1, '3201.10', '0.00', '0.21', 999999),
(500584, 50102, 1, '1067.03', '0.00', '0.21', 999999),
(500585, 50103, 4, '306.00', '0.00', '0.21', 1000141),
(500586, 50104, 2, '333.00', '0.00', '0.21', 1000140),
(500587, 50105, 1, '275.00', '0.00', '0.21', 1000077),
(500588, 50105, 1, '160.00', '0.00', '0.21', 1000078),
(500589, 50105, 1, '450.00', '0.00', '0.21', 1000079),
(500590, 50105, 1, '125.00', '0.00', '0.21', 1000081),
(500591, 50105, 1, '670.00', '0.00', '0.21', 1000084),
(500592, 50105, 1, '350.00', '0.00', '0.21', 1000085),
(500593, 50105, 1, '18.00', '0.00', '0.21', 1000179),
(500594, 50105, 1, '14.00', '0.00', '0.21', 1000192),
(500595, 50105, 1, '33.00', '0.00', '0.21', 1000213),
(500596, 50105, 2, '34.00', '0.00', '0.21', 1000237),
(500597, 50105, 1, '8093.00', '0.00', '0.21', 1000068),
(500598, 50106, 1, '3450.00', '0.00', '0.21', 1000000),
(500599, 50106, 1, '160.00', '0.00', '0.21', 1000078),
(500600, 50106, 1, '450.00', '0.00', '0.21', 1000079),
(500601, 50106, 1, '255.00', '0.00', '0.21', 1000080),
(500602, 50106, 1, '125.00', '0.00', '0.21', 1000081),
(500603, 50106, 1, '18.00', '0.00', '0.21', 1000178),
(500604, 50106, 1, '14.00', '0.00', '0.21', 1000192),
(500605, 50106, 1, '31.00', '0.00', '0.21', 1000212),
(500606, 50106, 2, '35.00', '0.00', '0.21', 1000236),
(500607, 50107, 1, '8424.00', '0.00', '0.21', 999999),
(500608, 50108, 1, '8093.00', '0.00', '0.21', 1000068),
(500609, 50108, 1, '275.00', '0.00', '0.21', 1000077),
(500610, 50108, 1, '160.00', '0.00', '0.21', 1000078),
(500611, 50108, 1, '450.00', '0.00', '0.21', 1000079),
(500612, 50108, 1, '125.00', '0.00', '0.21', 1000081),
(500613, 50108, 1, '670.00', '0.00', '0.21', 1000084),
(500614, 50108, 1, '350.00', '0.00', '0.21', 1000085),
(500615, 50108, 1, '18.00', '0.00', '0.21', 1000179),
(500616, 50108, 1, '14.00', '0.00', '0.21', 1000192),
(500617, 50108, 1, '33.00', '0.00', '0.21', 1000213),
(500618, 50108, 2, '34.00', '0.00', '0.21', 1000237),
(500619, 50109, 2, '324.00', '0.00', '0.21', 1000139),
(500620, 50110, 1, '3640.20', '0.00', '0.21', 999999),
(500621, 50111, 5, '306.00', '0.00', '0.21', 1000132),
(500622, 50112, 1, '14358.40', '0.00', '0.21', 999999),
(500623, 50113, 3, '18.00', '0.00', '0.21', 1000178),
(500624, 50113, 3, '14.00', '0.00', '0.21', 1000192),
(500625, 50113, 3, '31.00', '0.00', '0.21', 1000212),
(500626, 50113, 3, '35.00', '0.00', '0.21', 1000236),
(500627, 50114, 1, '315.00', '0.00', '0.21', 1000131),
(500628, 50115, 1, '275.00', '0.00', '0.21', 1000077),
(500629, 50115, 1, '160.00', '0.00', '0.21', 1000078),
(500630, 50115, 1, '450.00', '0.00', '0.21', 1000079),
(500631, 50115, 1, '125.00', '0.00', '0.21', 1000081),
(500632, 50115, 1, '670.00', '0.00', '0.21', 1000084),
(500633, 50115, 1, '350.00', '0.00', '0.21', 1000085),
(500634, 50115, 1, '18.00', '0.00', '0.21', 1000179),
(500635, 50115, 1, '14.00', '0.00', '0.21', 1000192),
(500636, 50115, 1, '33.00', '0.00', '0.21', 1000213),
(500637, 50115, 2, '34.00', '0.00', '0.21', 1000237),
(500638, 50115, 1, '8093.00', '0.00', '0.21', 1000068),
(500639, 50116, 1, '324.00', '0.00', '0.21', 1000138),
(500640, 50117, 1, '275.00', '0.00', '0.21', 1000077),
(500641, 50117, 1, '160.00', '0.00', '0.21', 1000078),
(500642, 50117, 1, '450.00', '0.00', '0.21', 1000079),
(500643, 50117, 1, '125.00', '0.00', '0.21', 1000081),
(500644, 50117, 1, '670.00', '0.00', '0.21', 1000084),
(500645, 50117, 1, '350.00', '0.00', '0.21', 1000085),
(500646, 50117, 1, '18.00', '0.00', '0.21', 1000179),
(500647, 50117, 1, '14.00', '0.00', '0.21', 1000192),
(500648, 50117, 1, '33.00', '0.00', '0.21', 1000213),
(500649, 50117, 2, '34.00', '0.00', '0.21', 1000237),
(500650, 50117, 1, '9971.00', '0.00', '0.21', 1000009),
(500651, 50118, 1, '175.00', '0.00', '0.21', 1000113),
(500652, 50118, 1, '10.00', '0.00', '0.21', 1000128),
(500653, 50118, 1, '12.00', '0.00', '0.21', 1000129),
(500654, 50118, 1, '15.00', '0.00', '0.21', 1000130),
(500655, 50119, 2, '324.00', '0.00', '0.21', 1000137),
(500656, 50120, 4, '306.00', '0.00', '0.21', 1000133),
(500657, 50121, 5, '60.00', '0.00', '0.21', 1000194),
(500658, 50121, 5, '30.00', '0.00', '0.21', 1000209),
(500659, 50121, 3, '36.00', '0.00', '0.21', 1000210),
(500660, 50121, 2, '45.00', '0.00', '0.21', 1000211),
(500661, 50122, 3, '324.00', '0.00', '0.21', 1000139),
(500662, 50123, 1, '306.00', '0.00', '0.21', 1000133),
(500663, 50124, 1, '14818.95', '0.00', '0.21', 999999),
(500664, 50125, 1, '2619.40', '0.00', '0.21', 999999),
(500665, 50126, 1, '1067.03', '0.00', '0.21', 999999),
(500666, 50127, 2, '175.00', '0.00', '0.21', 1000113),
(500667, 50127, 2, '10.00', '0.00', '0.21', 1000128),
(500668, 50127, 2, '12.00', '0.00', '0.21', 1000129),
(500669, 50127, 2, '15.00', '0.00', '0.21', 1000130),
(500670, 50128, 3, '324.00', '0.00', '0.21', 1000138),
(500671, 50129, 3, '324.00', '0.00', '0.21', 1000138),
(500672, 50130, 1, '3429.30', '0.00', '0.21', 999999),
(500673, 50131, 2, '279.00', '0.00', '0.21', 1000134),
(500674, 50132, 2, '306.00', '0.00', '0.21', 1000142),
(500675, 50133, 1, '306.00', '0.00', '0.21', 1000143),
(500676, 50134, 4, '306.00', '0.00', '0.21', 1000141),
(500677, 50135, 1, '306.00', '0.00', '0.21', 1000132),
(500678, 50136, 1, '1371.90', '0.00', '0.21', 999999),
(500679, 50137, 1, '1371.90', '0.00', '0.21', 999999),
(500680, 50138, 1, '8493.80', '0.00', '0.21', 999999),
(500681, 50139, 1, '315.00', '0.00', '0.21', 1000131),
(500682, 50139, 1, '288.00', '0.00', '0.21', 1000145),
(500683, 50139, 1, '120.00', '0.00', '0.21', 1000281),
(500684, 50139, 1, '78.00', '0.00', '0.21', 1000327),
(500685, 50140, 1, '3640.20', '0.00', '0.21', 999999),
(500686, 50141, 2, '306.00', '0.00', '0.21', 1000132),
(500687, 50142, 4, '315.00', '0.00', '0.21', 1000131),
(500688, 50143, 3, '306.00', '0.00', '0.21', 1000142),
(500689, 50144, 5, '324.00', '0.00', '0.21', 1000139),
(500690, 50145, 1, '3429.30', '0.00', '0.21', 999999),
(500691, 50146, 1, '11525.85', '0.00', '0.21', 999999),
(500692, 50147, 1, '2619.40', '0.00', '0.21', 999999),
(500693, 50148, 1, '1067.03', '0.00', '0.21', 999999),
(500694, 50149, 3, '324.00', '0.00', '0.21', 1000136),
(500695, 50150, 5, '324.00', '0.00', '0.21', 1000138),
(500696, 50151, 3, '324.00', '0.00', '0.21', 1000137),
(500697, 50152, 3, '306.00', '0.00', '0.21', 1000133),
(500698, 50153, 3, '315.00', '0.00', '0.21', 1000144),
(500699, 50154, 1, '8093.00', '0.00', '0.21', 1000068),
(500700, 50154, 1, '275.00', '0.00', '0.21', 1000077),
(500701, 50154, 1, '160.00', '0.00', '0.21', 1000078),
(500702, 50154, 1, '450.00', '0.00', '0.21', 1000079),
(500703, 50154, 1, '125.00', '0.00', '0.21', 1000081),
(500704, 50154, 1, '670.00', '0.00', '0.21', 1000084),
(500705, 50154, 1, '350.00', '0.00', '0.21', 1000085),
(500706, 50154, 1, '18.00', '0.00', '0.21', 1000179),
(500707, 50154, 1, '14.00', '0.00', '0.21', 1000192),
(500708, 50154, 1, '33.00', '0.00', '0.21', 1000213),
(500709, 50154, 2, '34.00', '0.00', '0.21', 1000237),
(500710, 50155, 1, '8001.70', '0.00', '0.21', 999999),
(500711, 50156, 4, '306.00', '0.00', '0.21', 1000133),
(500712, 50157, 1, '306.00', '0.00', '0.21', 1000133),
(500713, 50158, 2, '324.00', '0.00', '0.21', 1000137),
(500714, 50159, 1, '333.00', '0.00', '0.21', 1000140),
(500715, 50160, 5, '324.00', '0.00', '0.21', 1000137),
(500716, 50161, 1, '306.00', '0.00', '0.21', 1000132),
(500717, 50162, 5, '324.00', '0.00', '0.21', 1000137),
(500718, 50163, 1, '5113.20', '0.00', '0.21', 999999),
(500719, 50164, 1, '333.00', '0.00', '0.21', 1000140),
(500720, 50165, 1, '3201.10', '0.00', '0.21', 999999),
(500721, 50166, 1, '1067.03', '0.00', '0.21', 999999),
(500722, 50167, 1, '175.00', '0.00', '0.21', 1000113),
(500723, 50167, 1, '10.00', '0.00', '0.21', 1000128),
(500724, 50167, 1, '12.00', '0.00', '0.21', 1000129),
(500725, 50167, 1, '15.00', '0.00', '0.21', 1000130),
(500726, 50168, 1, '3640.20', '0.00', '0.21', 999999),
(500727, 50169, 2, '324.00', '0.00', '0.21', 1000136),
(500728, 50170, 1, '3076.80', '0.00', '0.21', 999999),
(500729, 50171, 1, '3450.00', '0.00', '0.21', 1000000),
(500730, 50171, 1, '160.00', '0.00', '0.21', 1000078),
(500731, 50171, 1, '450.00', '0.00', '0.21', 1000079),
(500732, 50171, 1, '255.00', '0.00', '0.21', 1000080),
(500733, 50171, 1, '125.00', '0.00', '0.21', 1000081),
(500734, 50171, 1, '18.00', '0.00', '0.21', 1000178),
(500735, 50171, 1, '14.00', '0.00', '0.21', 1000192),
(500736, 50171, 1, '31.00', '0.00', '0.21', 1000212),
(500737, 50171, 2, '35.00', '0.00', '0.21', 1000236),
(500738, 50172, 1, '8493.80', '0.00', '0.21', 999999),
(500739, 50173, 5, '306.00', '0.00', '0.21', 1000142),
(500740, 50174, 5, '324.00', '0.00', '0.21', 1000135),
(500741, 50175, 1, '3640.20', '0.00', '0.21', 999999),
(500742, 50176, 1, '8001.70', '0.00', '0.21', 999999),
(500743, 50177, 1, '11525.85', '0.00', '0.21', 999999),
(500744, 50178, 1, '2619.40', '0.00', '0.21', 999999),
(500745, 50179, 5, '306.00', '0.00', '0.21', 1000132),
(500746, 50180, 1, '3429.30', '0.00', '0.21', 999999),
(500747, 50181, 3, '306.00', '0.00', '0.21', 1000143),
(500748, 50182, 1, '648.90', '0.00', '0.21', 999999),
(500749, 50183, 3, '60.00', '0.00', '0.21', 1000194),
(500750, 50184, 2, '279.00', '0.00', '0.21', 1000134),
(500751, 50185, 1, '315.00', '0.00', '0.21', 1000144),
(500752, 50186, 1, '315.00', '0.00', '0.21', 1000131),
(500753, 50187, 2, '306.00', '0.00', '0.21', 1000143),
(500754, 50188, 1, '333.00', '0.00', '0.21', 1000140),
(500755, 50189, 2, '306.00', '0.00', '0.21', 1000141),
(500756, 50190, 1, '5128.00', '0.00', '0.21', 999999),
(500757, 50191, 1, '11930.80', '0.00', '0.21', 999999),
(500758, 50192, 1, '1067.03', '0.00', '0.21', 999999),
(500759, 50193, 1, '2831.27', '0.00', '0.21', 999999),
(500760, 50194, 3, '9268.00', '0.00', '0.21', 1000009),
(500761, 50194, 3, '275.00', '0.00', '0.21', 1000077),
(500762, 50194, 3, '160.00', '0.00', '0.21', 1000078),
(500763, 50194, 3, '450.00', '0.00', '0.21', 1000079),
(500764, 50194, 3, '125.00', '0.00', '0.21', 1000081),
(500765, 50194, 3, '670.00', '0.00', '0.21', 1000084),
(500766, 50194, 3, '350.00', '0.00', '0.21', 1000085),
(500767, 50194, 3, '18.00', '0.00', '0.21', 1000179),
(500768, 50194, 3, '14.00', '0.00', '0.21', 1000192),
(500769, 50194, 3, '33.00', '0.00', '0.21', 1000213),
(500770, 50194, 6, '34.00', '0.00', '0.21', 1000237),
(500771, 50195, 1, '7179.20', '0.00', '0.21', 999999),
(500772, 50196, 5, '306.00', '0.00', '0.21', 1000142),
(500773, 50197, 2, '324.00', '0.00', '0.21', 1000136),
(500774, 50198, 1, '1371.90', '0.00', '0.21', 999999),
(500775, 50199, 1, '8493.80', '0.00', '0.21', 999999),
(500776, 50200, 1, '11525.85', '0.00', '0.21', 999999),
(500777, 50201, 2, '315.00', '0.00', '0.21', 1000131),
(500778, 50202, 1, '275.00', '0.00', '0.21', 1000077),
(500779, 50202, 1, '160.00', '0.00', '0.21', 1000078),
(500780, 50202, 1, '450.00', '0.00', '0.21', 1000079),
(500781, 50202, 1, '125.00', '0.00', '0.21', 1000081),
(500782, 50202, 1, '670.00', '0.00', '0.21', 1000084),
(500783, 50202, 1, '350.00', '0.00', '0.21', 1000085),
(500784, 50202, 1, '18.00', '0.00', '0.21', 1000179),
(500785, 50202, 1, '14.00', '0.00', '0.21', 1000192),
(500786, 50202, 1, '33.00', '0.00', '0.21', 1000213),
(500787, 50202, 2, '34.00', '0.00', '0.21', 1000237),
(500788, 50202, 1, '9268.00', '0.00', '0.21', 1000009),
(500789, 50203, 1, '8001.70', '0.00', '0.21', 999999),
(500790, 50204, 3, '333.00', '0.00', '0.21', 1000140),
(500791, 50205, 4, '306.00', '0.00', '0.21', 1000132),
(500792, 50206, 1, '3640.20', '0.00', '0.21', 999999),
(500793, 50207, 1, '1514.10', '0.00', '0.21', 999999),
(500794, 50208, 2, '279.00', '0.00', '0.21', 1000134),
(500795, 50209, 2, '324.00', '0.00', '0.21', 1000137),
(500796, 50210, 1, '3429.30', '0.00', '0.21', 999999),
(500797, 50211, 1, '5128.00', '0.00', '0.21', 999999),
(500798, 50212, 1, '1067.03', '0.00', '0.21', 999999),
(500799, 50213, 1, '315.00', '0.00', '0.21', 1000131),
(500800, 50213, 1, '288.00', '0.00', '0.21', 1000145),
(500801, 50213, 1, '120.00', '0.00', '0.21', 1000281),
(500802, 50213, 1, '78.00', '0.00', '0.21', 1000327),
(500803, 50213, 1, '60.00', '0.00', '0.21', 1000194),
(500804, 50213, 1, '30.00', '0.00', '0.21', 1000209),
(500805, 50213, 1, '36.00', '0.00', '0.21', 1000210),
(500806, 50213, 1, '45.00', '0.00', '0.21', 1000211),
(500807, 50214, 2, '324.00', '0.00', '0.21', 1000139),
(500808, 50215, 1, '2831.27', '0.00', '0.21', 999999),
(500809, 50216, 2, '324.00', '0.00', '0.21', 1000136),
(500810, 50217, 1, '1371.90', '0.00', '0.21', 999999),
(500811, 50218, 5, '315.00', '0.00', '0.21', 1000131),
(500812, 50218, 2, '288.00', '0.00', '0.21', 1000145),
(500813, 50218, 2, '120.00', '0.00', '0.21', 1000281),
(500814, 50218, 3, '78.00', '0.00', '0.21', 1000327),
(500815, 50219, 1, '324.00', '0.00', '0.21', 1000139),
(500816, 50220, 1, '8093.00', '0.00', '0.21', 1000068),
(500817, 50220, 1, '275.00', '0.00', '0.21', 1000077),
(500818, 50220, 1, '160.00', '0.00', '0.21', 1000078),
(500819, 50220, 1, '450.00', '0.00', '0.21', 1000079),
(500820, 50220, 1, '125.00', '0.00', '0.21', 1000081),
(500821, 50220, 1, '670.00', '0.00', '0.21', 1000084),
(500822, 50220, 1, '350.00', '0.00', '0.21', 1000085),
(500823, 50220, 1, '18.00', '0.00', '0.21', 1000179),
(500824, 50220, 1, '14.00', '0.00', '0.21', 1000192),
(500825, 50220, 1, '33.00', '0.00', '0.21', 1000213),
(500826, 50220, 2, '34.00', '0.00', '0.21', 1000237),
(500827, 50221, 2, '333.00', '0.00', '0.21', 1000140),
(500828, 50222, 3, '306.00', '0.00', '0.21', 1000143),
(500829, 50223, 3, '18.00', '0.00', '0.21', 1000178),
(500830, 50223, 3, '14.00', '0.00', '0.21', 1000192),
(500831, 50223, 3, '31.00', '0.00', '0.21', 1000212),
(500832, 50223, 3, '35.00', '0.00', '0.21', 1000236),
(500833, 50224, 1, '5113.20', '0.00', '0.21', 999999),
(500834, 50225, 4, '324.00', '0.00', '0.21', 1000135),
(500835, 50226, 2, '306.00', '0.00', '0.21', 1000142),
(500836, 50227, 1, '1067.03', '0.00', '0.21', 999999),
(500837, 50228, 1, '333.00', '0.00', '0.21', 1000140),
(500838, 50229, 4, '324.00', '0.00', '0.21', 1000138),
(500839, 50230, 1, '324.00', '0.00', '0.21', 1000139),
(500840, 50231, 4, '60.00', '0.00', '0.21', 1000194),
(500841, 50231, 2, '30.00', '0.00', '0.21', 1000209),
(500842, 50231, 2, '36.00', '0.00', '0.21', 1000210),
(500843, 50231, 5, '45.00', '0.00', '0.21', 1000211),
(500844, 50232, 1, '306.00', '0.00', '0.21', 1000133),
(500845, 50233, 4, '315.00', '0.00', '0.21', 1000144),
(500846, 50234, 1, '1371.90', '0.00', '0.21', 999999),
(500847, 50235, 1, '8493.80', '0.00', '0.21', 999999),
(500848, 50236, 1, '3640.20', '0.00', '0.21', 999999),
(500849, 50237, 1, '8001.70', '0.00', '0.21', 999999),
(500850, 50238, 1, '2831.27', '0.00', '0.21', 999999),
(500851, 50239, 1, '1067.03', '0.00', '0.21', 999999),
(500852, 50240, 5, '315.00', '0.00', '0.21', 1000144),
(500853, 50241, 1, '315.00', '0.00', '0.21', 1000131),
(500854, 50241, 1, '288.00', '0.00', '0.21', 1000145),
(500855, 50241, 1, '120.00', '0.00', '0.21', 1000281),
(500856, 50241, 1, '78.00', '0.00', '0.21', 1000327),
(500857, 50242, 1, '324.00', '0.00', '0.21', 1000138),
(500858, 50243, 1, '2922.96', '0.00', '0.21', 999999),
(500859, 50244, 1, '315.00', '0.00', '0.21', 1000131),
(500860, 50245, 1, '306.00', '0.00', '0.21', 1000142),
(500861, 50246, 1, '324.00', '0.00', '0.21', 1000136),
(500862, 50247, 1, '275.00', '0.00', '0.21', 1000077),
(500863, 50247, 1, '160.00', '0.00', '0.21', 1000078),
(500864, 50247, 1, '450.00', '0.00', '0.21', 1000079),
(500865, 50247, 1, '125.00', '0.00', '0.21', 1000081),
(500866, 50247, 1, '670.00', '0.00', '0.21', 1000084),
(500867, 50247, 1, '350.00', '0.00', '0.21', 1000085),
(500868, 50247, 1, '18.00', '0.00', '0.21', 1000179),
(500869, 50247, 1, '14.00', '0.00', '0.21', 1000192),
(500870, 50247, 1, '33.00', '0.00', '0.21', 1000213),
(500871, 50247, 2, '34.00', '0.00', '0.21', 1000237),
(500872, 50247, 1, '9268.00', '0.00', '0.21', 1000009),
(500873, 50248, 1, '3429.30', '0.00', '0.21', 999999),
(500874, 50249, 1, '11930.80', '0.00', '0.21', 999999),
(500875, 50250, 1, '1067.03', '0.00', '0.21', 999999),
(500876, 50251, 2, '324.00', '0.00', '0.21', 1000137),
(500877, 50252, 3, '279.00', '0.00', '0.21', 1000134),
(500878, 50253, 1, '279.00', '0.00', '0.21', 1000134),
(500879, 50254, 3, '315.00', '0.00', '0.21', 1000144),
(500880, 50255, 3, '306.00', '0.00', '0.21', 1000142),
(500881, 50256, 3, '324.00', '0.00', '0.21', 1000137),
(500882, 50257, 1, '1683.90', '0.00', '0.21', 999999),
(500883, 50258, 1, '324.00', '0.00', '0.21', 1000135),
(500884, 50259, 1, '3201.10', '0.00', '0.21', 999999),
(500885, 50260, 1, '324.00', '0.00', '0.21', 1000137),
(500886, 50261, 4, '306.00', '0.00', '0.21', 1000141),
(500887, 50262, 1, '306.00', '0.00', '0.21', 1000133),
(500888, 50263, 5, '315.00', '0.00', '0.21', 1000144),
(500889, 50264, 1, '306.00', '0.00', '0.21', 1000141),
(500890, 50265, 1, '3450.00', '0.00', '0.21', 1000000),
(500891, 50265, 1, '160.00', '0.00', '0.21', 1000078),
(500892, 50265, 1, '450.00', '0.00', '0.21', 1000079),
(500893, 50265, 1, '255.00', '0.00', '0.21', 1000080),
(500894, 50265, 1, '125.00', '0.00', '0.21', 1000081),
(500895, 50265, 1, '18.00', '0.00', '0.21', 1000178),
(500896, 50265, 1, '14.00', '0.00', '0.21', 1000192),
(500897, 50265, 1, '31.00', '0.00', '0.21', 1000212),
(500898, 50265, 2, '35.00', '0.00', '0.21', 1000236),
(500899, 50266, 1, '2831.27', '0.00', '0.21', 999999),
(500900, 50267, 4, '324.00', '0.00', '0.21', 1000136),
(500901, 50268, 1, '3429.30', '0.00', '0.21', 999999),
(500902, 50269, 1, '1067.03', '0.00', '0.21', 999999),
(500903, 50270, 1, '1371.90', '0.00', '0.21', 999999),
(500904, 50271, 3, '306.00', '0.00', '0.21', 1000133),
(500905, 50272, 1, '3640.20', '0.00', '0.21', 999999),
(500906, 50273, 1, '2273.41', '0.00', '0.21', 999999),
(500907, 50274, 2, '279.00', '0.00', '0.21', 1000134),
(500908, 50275, 5, '306.00', '0.00', '0.21', 1000141),
(500909, 50276, 1, '324.00', '0.00', '0.21', 1000135),
(500910, 50277, 1, '315.00', '0.00', '0.21', 1000131),
(500911, 50278, 3, '324.00', '0.00', '0.21', 1000139),
(500912, 50279, 1, '5128.00', '0.00', '0.21', 999999),
(500913, 50280, 1, '2667.23', '0.00', '0.21', 999999),
(500914, 50281, 1, '1067.03', '0.00', '0.21', 999999),
(500915, 50282, 1, '315.00', '0.00', '0.21', 1000131),
(500916, 50283, 1, '1683.90', '0.00', '0.21', 999999),
(500917, 50284, 5, '324.00', '0.00', '0.21', 1000139),
(500918, 50285, 1, '275.00', '0.00', '0.21', 1000077),
(500919, 50285, 1, '160.00', '0.00', '0.21', 1000078),
(500920, 50285, 1, '450.00', '0.00', '0.21', 1000079),
(500921, 50285, 1, '125.00', '0.00', '0.21', 1000081),
(500922, 50285, 1, '670.00', '0.00', '0.21', 1000084),
(500923, 50285, 1, '350.00', '0.00', '0.21', 1000085),
(500924, 50285, 1, '18.00', '0.00', '0.21', 1000179),
(500925, 50285, 1, '14.00', '0.00', '0.21', 1000192),
(500926, 50285, 1, '33.00', '0.00', '0.21', 1000213),
(500927, 50285, 2, '34.00', '0.00', '0.21', 1000237),
(500928, 50285, 1, '9268.00', '0.00', '0.21', 1000009),
(500929, 50286, 1, '3929.10', '0.00', '0.21', 999999),
(500930, 50287, 1, '60.00', '0.00', '0.21', 1000194),
(500931, 50287, 1, '30.00', '0.00', '0.21', 1000209),
(500932, 50287, 1, '36.00', '0.00', '0.21', 1000210),
(500933, 50287, 1, '45.00', '0.00', '0.21', 1000211),
(500934, 50288, 1, '315.00', '0.00', '0.21', 1000144),
(500935, 50289, 1, '1515.51', '0.00', '0.21', 999999),
(500936, 50290, 1, '2831.27', '0.00', '0.21', 999999),
(500937, 50291, 1, '60.00', '0.00', '0.21', 1000194),
(500938, 50291, 1, '30.00', '0.00', '0.21', 1000209),
(500939, 50291, 1, '36.00', '0.00', '0.21', 1000210),
(500940, 50291, 1, '45.00', '0.00', '0.21', 1000211),
(500941, 50292, 3, '324.00', '0.00', '0.21', 1000138),
(500942, 50293, 2, '324.00', '0.00', '0.21', 1000135),
(500943, 50294, 1, '2667.23', '0.00', '0.21', 999999),
(500944, 50295, 1, '1067.03', '0.00', '0.21', 999999),
(500945, 50296, 1, '3201.10', '0.00', '0.21', 999999),
(500946, 50297, 1, '324.00', '0.00', '0.21', 1000135),
(500947, 50298, 1, '3571.80', '0.00', '0.21', 999999),
(500948, 50299, 1, '8493.80', '0.00', '0.21', 999999),
(500949, 50300, 1, '2273.41', '0.00', '0.21', 999999),
(500950, 50301, 2, '333.00', '0.00', '0.21', 1000140),
(500951, 50302, 1, '60.00', '0.00', '0.21', 1000194),
(500952, 50302, 1, '30.00', '0.00', '0.21', 1000209),
(500953, 50302, 1, '36.00', '0.00', '0.21', 1000210),
(500954, 50302, 1, '45.00', '0.00', '0.21', 1000211),
(500955, 50303, 1, '275.00', '0.00', '0.21', 1000077),
(500956, 50303, 1, '160.00', '0.00', '0.21', 1000078),
(500957, 50303, 1, '450.00', '0.00', '0.21', 1000079),
(500958, 50303, 1, '125.00', '0.00', '0.21', 1000081),
(500959, 50303, 1, '670.00', '0.00', '0.21', 1000084),
(500960, 50303, 1, '350.00', '0.00', '0.21', 1000085),
(500961, 50303, 1, '18.00', '0.00', '0.21', 1000179),
(500962, 50303, 1, '14.00', '0.00', '0.21', 1000192),
(500963, 50303, 1, '33.00', '0.00', '0.21', 1000213),
(500964, 50303, 2, '34.00', '0.00', '0.21', 1000237),
(500965, 50303, 1, '8093.00', '0.00', '0.21', 1000068),
(500966, 50304, 1, '5128.00', '0.00', '0.21', 999999),
(500967, 50305, 1, '2667.23', '0.00', '0.21', 999999),
(500968, 50306, 5, '306.00', '0.00', '0.21', 1000143),
(500969, 50307, 1, '279.00', '0.00', '0.21', 1000134),
(500970, 50308, 3, '306.00', '0.00', '0.21', 1000133),
(500971, 50309, 2, '306.00', '0.00', '0.21', 1000133),
(500972, 50310, 1, '3929.10', '0.00', '0.21', 999999),
(500973, 50311, 5, '324.00', '0.00', '0.21', 1000136),
(500974, 50312, 2, '275.00', '0.00', '0.21', 1000077),
(500975, 50312, 2, '160.00', '0.00', '0.21', 1000078),
(500976, 50312, 2, '450.00', '0.00', '0.21', 1000079),
(500977, 50312, 2, '125.00', '0.00', '0.21', 1000081),
(500978, 50312, 2, '670.00', '0.00', '0.21', 1000084),
(500979, 50312, 2, '350.00', '0.00', '0.21', 1000085),
(500980, 50312, 2, '18.00', '0.00', '0.21', 1000179),
(500981, 50312, 2, '14.00', '0.00', '0.21', 1000192),
(500982, 50312, 2, '33.00', '0.00', '0.21', 1000213),
(500983, 50312, 4, '34.00', '0.00', '0.21', 1000237),
(500984, 50312, 1, '3450.00', '0.00', '0.21', 1000000),
(500985, 50312, 1, '9268.00', '0.00', '0.21', 1000009),
(500986, 50313, 4, '315.00', '0.00', '0.21', 1000144),
(500987, 50314, 1, '275.00', '0.00', '0.21', 1000077),
(500988, 50314, 1, '160.00', '0.00', '0.21', 1000078),
(500989, 50314, 1, '450.00', '0.00', '0.21', 1000079),
(500990, 50314, 1, '125.00', '0.00', '0.21', 1000081),
(500991, 50314, 1, '670.00', '0.00', '0.21', 1000084),
(500992, 50314, 1, '350.00', '0.00', '0.21', 1000085),
(500993, 50314, 1, '18.00', '0.00', '0.21', 1000179),
(500994, 50314, 1, '14.00', '0.00', '0.21', 1000192),
(500995, 50314, 1, '33.00', '0.00', '0.21', 1000213),
(500996, 50314, 2, '34.00', '0.00', '0.21', 1000237),
(500997, 50314, 1, '9268.00', '0.00', '0.21', 1000009),
(500998, 50315, 2, '306.00', '0.00', '0.21', 1000132),
(500999, 50316, 2, '175.00', '0.00', '0.21', 1000113),
(501000, 50316, 3, '10.00', '0.00', '0.21', 1000128),
(501001, 50316, 5, '12.00', '0.00', '0.21', 1000129),
(501002, 50316, 3, '15.00', '0.00', '0.21', 1000130),
(501003, 50317, 1, '6067.00', '0.00', '0.21', 999999),
(501004, 50318, 1, '3536.19', '0.00', '0.21', 999999),
(501005, 50319, 1, '2831.27', '0.00', '0.21', 999999),
(501006, 50320, 1, '324.00', '0.00', '0.21', 1000138),
(501007, 50321, 1, '2667.23', '0.00', '0.21', 999999),
(501008, 50322, 1, '3284.40', '0.00', '0.21', 999999),
(501009, 50323, 1, '2778.07', '0.00', '0.21', 999999),
(501010, 50324, 1, '2273.41', '0.00', '0.21', 999999),
(501011, 50325, 3, '279.00', '0.00', '0.21', 1000134),
(501012, 50326, 1, '275.00', '0.00', '0.21', 1000077),
(501013, 50326, 1, '160.00', '0.00', '0.21', 1000078),
(501014, 50326, 1, '450.00', '0.00', '0.21', 1000079),
(501015, 50326, 1, '125.00', '0.00', '0.21', 1000081),
(501016, 50326, 1, '670.00', '0.00', '0.21', 1000084),
(501017, 50326, 1, '350.00', '0.00', '0.21', 1000085),
(501018, 50326, 1, '18.00', '0.00', '0.21', 1000179),
(501019, 50326, 1, '14.00', '0.00', '0.21', 1000192),
(501020, 50326, 1, '33.00', '0.00', '0.21', 1000213),
(501021, 50326, 2, '34.00', '0.00', '0.21', 1000237),
(501022, 50326, 1, '8093.00', '0.00', '0.21', 1000068),
(501023, 50327, 1, '315.00', '0.00', '0.21', 1000131),
(501024, 50328, 1, '9365.70', '0.00', '0.21', 999999),
(501025, 50329, 1, '2667.23', '0.00', '0.21', 999999),
(501026, 50330, 1, '324.00', '0.00', '0.21', 1000139),
(501027, 50331, 1, '306.00', '0.00', '0.21', 1000132),
(501028, 50331, 1, '279.00', '0.00', '0.21', 1000146),
(501029, 50331, 1, '90.00', '0.00', '0.21', 1000282),
(501030, 50331, 1, '78.00', '0.00', '0.21', 1000327),
(501031, 50332, 2, '175.00', '0.00', '0.21', 1000113),
(501032, 50332, 2, '10.00', '0.00', '0.21', 1000128),
(501033, 50332, 2, '12.00', '0.00', '0.21', 1000129),
(501034, 50332, 2, '15.00', '0.00', '0.21', 1000130),
(501035, 50333, 3, '324.00', '0.00', '0.21', 1000135),
(501036, 50334, 1, '1371.90', '0.00', '0.21', 999999),
(501037, 50335, 1, '279.00', '0.00', '0.21', 1000134),
(501038, 50336, 1, '275.00', '0.00', '0.21', 1000077),
(501039, 50336, 1, '160.00', '0.00', '0.21', 1000078),
(501040, 50336, 1, '450.00', '0.00', '0.21', 1000079),
(501041, 50336, 1, '125.00', '0.00', '0.21', 1000081),
(501042, 50336, 1, '670.00', '0.00', '0.21', 1000084),
(501043, 50336, 1, '350.00', '0.00', '0.21', 1000085),
(501044, 50336, 1, '18.00', '0.00', '0.21', 1000179),
(501045, 50336, 1, '14.00', '0.00', '0.21', 1000192),
(501046, 50336, 1, '33.00', '0.00', '0.21', 1000213),
(501047, 50336, 2, '34.00', '0.00', '0.21', 1000237),
(501048, 50337, 1, '275.00', '0.00', '0.21', 1000077),
(501049, 50337, 1, '160.00', '0.00', '0.21', 1000078),
(501050, 50337, 1, '450.00', '0.00', '0.21', 1000079),
(501051, 50337, 1, '125.00', '0.00', '0.21', 1000081),
(501052, 50337, 1, '670.00', '0.00', '0.21', 1000084),
(501053, 50337, 1, '350.00', '0.00', '0.21', 1000085),
(501054, 50337, 1, '18.00', '0.00', '0.21', 1000179),
(501055, 50337, 1, '14.00', '0.00', '0.21', 1000192),
(501056, 50337, 1, '33.00', '0.00', '0.21', 1000213),
(501057, 50337, 2, '34.00', '0.00', '0.21', 1000237),
(501058, 50337, 1, '8093.00', '0.00', '0.21', 1000068),
(501059, 50338, 2, '315.00', '0.00', '0.21', 1000131),
(501060, 50339, 1, '315.00', '0.00', '0.21', 1000131),
(501061, 50339, 1, '288.00', '0.00', '0.21', 1000145),
(501062, 50339, 1, '120.00', '0.00', '0.21', 1000281),
(501063, 50339, 1, '78.00', '0.00', '0.21', 1000327),
(501064, 50340, 3, '306.00', '0.00', '0.21', 1000132),
(501065, 50341, 5, '324.00', '0.00', '0.21', 1000135),
(501066, 50342, 1, '3429.30', '0.00', '0.21', 999999),
(501067, 50343, 1, '6067.00', '0.00', '0.21', 999999),
(501068, 50344, 3, '324.00', '0.00', '0.21', 1000139),
(501069, 50345, 1, '275.00', '0.00', '0.21', 1000077),
(501070, 50345, 1, '160.00', '0.00', '0.21', 1000078),
(501071, 50345, 1, '450.00', '0.00', '0.21', 1000079),
(501072, 50345, 1, '125.00', '0.00', '0.21', 1000081),
(501073, 50345, 1, '670.00', '0.00', '0.21', 1000084),
(501074, 50345, 1, '350.00', '0.00', '0.21', 1000085),
(501075, 50345, 1, '18.00', '0.00', '0.21', 1000179),
(501076, 50345, 1, '14.00', '0.00', '0.21', 1000192),
(501077, 50345, 1, '33.00', '0.00', '0.21', 1000213),
(501078, 50345, 2, '34.00', '0.00', '0.21', 1000237),
(501079, 50345, 1, '8093.00', '0.00', '0.21', 1000068),
(501080, 50346, 1, '2667.23', '0.00', '0.21', 999999),
(501081, 50347, 3, '324.00', '0.00', '0.21', 1000136),
(501082, 50348, 2, '315.00', '0.00', '0.21', 1000131),
(501083, 50349, 1, '279.00', '0.00', '0.21', 1000134),
(501084, 50350, 1, '3640.20', '0.00', '0.21', 999999),
(501085, 50351, 3, '324.00', '0.00', '0.21', 1000137),
(501086, 50352, 1, '324.00', '0.00', '0.21', 1000138),
(501087, 50353, 1, '1683.90', '0.00', '0.21', 999999),
(501088, 50354, 1, '7663.60', '0.00', '0.21', 999999),
(501089, 50355, 1, '2778.07', '0.00', '0.21', 999999),
(501090, 50356, 1, '275.00', '0.00', '0.21', 1000077),
(501091, 50356, 1, '160.00', '0.00', '0.21', 1000078),
(501092, 50356, 1, '450.00', '0.00', '0.21', 1000079),
(501093, 50356, 1, '125.00', '0.00', '0.21', 1000081),
(501094, 50356, 1, '670.00', '0.00', '0.21', 1000084),
(501095, 50356, 1, '350.00', '0.00', '0.21', 1000085),
(501096, 50356, 1, '18.00', '0.00', '0.21', 1000179),
(501097, 50356, 1, '14.00', '0.00', '0.21', 1000192),
(501098, 50356, 1, '33.00', '0.00', '0.21', 1000213),
(501099, 50356, 2, '34.00', '0.00', '0.21', 1000237),
(501100, 50356, 1, '9971.00', '0.00', '0.21', 1000009),
(501101, 50357, 2, '324.00', '0.00', '0.21', 1000135),
(501102, 50358, 1, '1371.90', '0.00', '0.21', 999999),
(501103, 50359, 1, '21853.30', '0.00', '0.21', 999999),
(501104, 50360, 5, '315.00', '0.00', '0.21', 1000144),
(501105, 50361, 2, '333.00', '0.00', '0.21', 1000140),
(501106, 50362, 1, '3201.10', '0.00', '0.21', 999999),
(501107, 50363, 2, '333.00', '0.00', '0.21', 1000140),
(501108, 50364, 2, '324.00', '0.00', '0.21', 1000137),
(501109, 50365, 2, '306.00', '0.00', '0.21', 1000142),
(501110, 50366, 4, '60.00', '0.00', '0.21', 1000194),
(501111, 50366, 4, '30.00', '0.00', '0.21', 1000209),
(501112, 50366, 4, '36.00', '0.00', '0.21', 1000210),
(501113, 50366, 4, '45.00', '0.00', '0.21', 1000211),
(501114, 50367, 1, '8001.70', '0.00', '0.21', 999999),
(501115, 50368, 1, '8493.80', '0.00', '0.21', 999999),
(501116, 50369, 1, '3929.10', '0.00', '0.21', 999999),
(501117, 50370, 1, '2778.07', '0.00', '0.21', 999999),
(501118, 50371, 1, '3201.10', '0.00', '0.21', 999999);

-- --------------------------------------------------------

--
-- Estructura de tabla para la tabla `lineas_de_pedido`
--

CREATE TABLE `lineas_de_pedido` (
  `linea_de_pedido_id` int(11) NOT NULL,
  `pedido_id` int(11) DEFAULT NULL,
  `lista_de_precios_id` int(11) DEFAULT NULL,
  `unidades` int(11) DEFAULT NULL,
  `precio_unitario` decimal(8,2) DEFAULT NULL,
  `descuento` decimal(5,2) DEFAULT NULL,
  `porcentaje_iva` decimal(5,2) DEFAULT NULL
) ENGINE=InnoDB DEFAULT CHARSET=utf8mb4 COLLATE=utf8mb4_spanish_ci;

--
-- Volcado de datos para la tabla `lineas_de_pedido`
--

INSERT INTO `lineas_de_pedido` (`linea_de_pedido_id`, `pedido_id`, `lista_de_precios_id`, `unidades`, `precio_unitario`, `descuento`, `porcentaje_iva`) VALUES
(29994, 2995, 1000143, 1, '306.00', '0.00', '0.21'),
(29995, 2996, 1000139, 2, '324.00', '0.00', '0.21'),
(29996, 2997, 1000131, 1, '315.00', '0.00', '0.21'),
(29997, 2997, 1000145, 1, '288.00', '0.00', '0.21'),
(29998, 2997, 1000281, 1, '120.00', '0.00', '0.21'),
(29999, 2997, 1000327, 1, '78.00', '0.00', '0.21'),
(30000, 2999, 1000143, 2, '306.00', '0.00', '0.21'),
(30001, 3000, 1000000, 1, '3450.00', '0.00', '0.21'),
(30002, 3000, 1000078, 1, '160.00', '0.00', '0.21'),
(30003, 3000, 1000079, 1, '450.00', '0.00', '0.21'),
(30004, 3000, 1000080, 1, '255.00', '0.00', '0.21'),
(30005, 3000, 1000081, 1, '125.00', '0.00', '0.21'),
(30006, 3000, 1000178, 1, '18.00', '0.00', '0.21'),
(30007, 3000, 1000192, 1, '14.00', '0.00', '0.21'),
(30008, 3000, 1000212, 1, '31.00', '0.00', '0.21'),
(30009, 3000, 1000236, 2, '35.00', '0.00', '0.21'),
(30010, 3002, 1000077, 2, '275.00', '0.00', '0.21'),
(30011, 3002, 1000078, 2, '160.00', '0.00', '0.21'),
(30012, 3002, 1000079, 2, '450.00', '0.00', '0.21'),
(30013, 3002, 1000081, 2, '125.00', '0.00', '0.21'),
(30014, 3002, 1000084, 2, '670.00', '0.00', '0.21'),
(30015, 3002, 1000085, 2, '350.00', '0.00', '0.21'),
(30016, 3002, 1000179, 2, '18.00', '0.00', '0.21'),
(30017, 3002, 1000192, 2, '14.00', '0.00', '0.21'),
(30018, 3002, 1000213, 2, '33.00', '0.00', '0.21'),
(30019, 3002, 1000237, 4, '34.00', '0.00', '0.21'),
(30020, 3002, 1000009, 2, '9971.00', '0.00', '0.21'),
(30021, 3003, 1000178, 2, '18.00', '0.00', '0.21'),
(30022, 3003, 1000192, 5, '14.00', '0.00', '0.21'),
(30023, 3003, 1000212, 1, '31.00', '0.00', '0.21'),
(30024, 3003, 1000236, 2, '35.00', '0.00', '0.21'),
(30025, 3006, 1000136, 2, '324.00', '0.00', '0.21'),
(30026, 3007, 1000133, 2, '306.00', '0.00', '0.21'),
(30027, 3008, 1000142, 1, '306.00', '0.00', '0.21'),
(30028, 3009, 1000141, 5, '306.00', '0.00', '0.21'),
(30029, 3010, 1000077, 1, '275.00', '0.00', '0.21'),
(30030, 3010, 1000078, 1, '160.00', '0.00', '0.21'),
(30031, 3010, 1000079, 1, '450.00', '0.00', '0.21'),
(30032, 3010, 1000081, 1, '125.00', '0.00', '0.21'),
(30033, 3010, 1000084, 1, '670.00', '0.00', '0.21'),
(30034, 3010, 1000085, 1, '350.00', '0.00', '0.21'),
(30035, 3010, 1000179, 1, '18.00', '0.00', '0.21'),
(30036, 3010, 1000192, 1, '14.00', '0.00', '0.21'),
(30037, 3010, 1000213, 1, '33.00', '0.00', '0.21'),
(30038, 3010, 1000237, 2, '34.00', '0.00', '0.21'),
(30039, 3010, 1000068, 1, '8093.00', '0.00', '0.21'),
(30040, 3011, 1000131, 1, '315.00', '0.00', '0.21'),
(30041, 3012, 1000143, 5, '306.00', '0.00', '0.21'),
(30042, 3013, 1000132, 4, '306.00', '0.00', '0.21'),
(30043, 3014, 1000077, 3, '275.00', '0.00', '0.21'),
(30044, 3014, 1000078, 3, '160.00', '0.00', '0.21'),
(30045, 3014, 1000079, 3, '450.00', '0.00', '0.21'),
(30046, 3014, 1000081, 3, '125.00', '0.00', '0.21'),
(30047, 3014, 1000084, 3, '670.00', '0.00', '0.21'),
(30048, 3014, 1000085, 3, '350.00', '0.00', '0.21'),
(30049, 3014, 1000179, 3, '18.00', '0.00', '0.21'),
(30050, 3014, 1000192, 3, '14.00', '0.00', '0.21'),
(30051, 3014, 1000213, 3, '33.00', '0.00', '0.21'),
(30052, 3014, 1000237, 6, '34.00', '0.00', '0.21'),
(30053, 3014, 1000009, 3, '9268.00', '0.15', '0.21'),
(30054, 3015, 1000132, 1, '306.00', '0.00', '0.21'),
(30055, 3015, 1000146, 1, '279.00', '0.00', '0.21'),
(30056, 3015, 1000282, 1, '90.00', '0.00', '0.21'),
(30057, 3015, 1000327, 1, '78.00', '0.00', '0.21'),
(30058, 3016, 1000133, 3, '306.00', '0.00', '0.21'),
(30059, 3017, 1000131, 1, '315.00', '0.00', '0.21'),
(30060, 3017, 1000145, 4, '288.00', '0.00', '0.21'),
(30061, 3017, 1000281, 1, '120.00', '0.00', '0.21'),
(30062, 3017, 1000327, 4, '78.00', '0.00', '0.21'),
(30063, 3018, 1000077, 1, '275.00', '0.00', '0.21'),
(30064, 3018, 1000078, 1, '160.00', '0.00', '0.21'),
(30065, 3018, 1000079, 1, '450.00', '0.00', '0.21'),
(30066, 3018, 1000081, 1, '125.00', '0.00', '0.21'),
(30067, 3018, 1000084, 1, '670.00', '0.00', '0.21'),
(30068, 3018, 1000085, 1, '350.00', '0.00', '0.21'),
(30069, 3018, 1000179, 1, '18.00', '0.00', '0.21'),
(30070, 3018, 1000192, 1, '14.00', '0.00', '0.21'),
(30071, 3018, 1000213, 1, '33.00', '0.00', '0.21'),
(30072, 3018, 1000237, 2, '34.00', '0.00', '0.21'),
(30073, 3018, 1000010, 1, '9971.00', '0.05', '0.21'),
(30074, 3020, 1000142, 3, '306.00', '0.00', '0.21'),
(30075, 3022, 1000077, 1, '275.00', '0.00', '0.21'),
(30076, 3022, 1000078, 1, '160.00', '0.00', '0.21'),
(30077, 3022, 1000079, 1, '450.00', '0.00', '0.21'),
(30078, 3022, 1000081, 1, '125.00', '0.00', '0.21'),
(30079, 3022, 1000084, 1, '670.00', '0.00', '0.21'),
(30080, 3022, 1000085, 1, '350.00', '0.00', '0.21'),
(30081, 3022, 1000179, 1, '18.00', '0.00', '0.21'),
(30082, 3022, 1000192, 1, '14.00', '0.00', '0.21'),
(30083, 3022, 1000213, 1, '33.00', '0.00', '0.21'),
(30084, 3022, 1000237, 2, '34.00', '0.00', '0.21'),
(30085, 3022, 1000000, 1, '3450.00', '0.00', '0.21'),
(30086, 3023, 1000135, 3, '324.00', '0.00', '0.21'),
(30087, 3024, 1000135, 3, '324.00', '0.00', '0.21'),
(30088, 3025, 1000141, 1, '306.00', '0.00', '0.21'),
(30089, 3027, 1000136, 2, '324.00', '0.00', '0.21'),
(30090, 3028, 1000138, 1, '324.00', '0.00', '0.21'),
(30091, 3029, 1000143, 4, '306.00', '0.00', '0.21'),
(30092, 3030, 1000000, 1, '3450.00', '0.00', '0.21'),
(30093, 3030, 1000078, 1, '160.00', '0.00', '0.21'),
(30094, 3030, 1000079, 1, '450.00', '0.00', '0.21'),
(30095, 3030, 1000080, 1, '255.00', '0.00', '0.21'),
(30096, 3030, 1000081, 1, '125.00', '0.00', '0.21'),
(30097, 3030, 1000178, 1, '18.00', '0.00', '0.21'),
(30098, 3030, 1000192, 1, '14.00', '0.00', '0.21'),
(30099, 3030, 1000212, 1, '31.00', '0.00', '0.21'),
(30100, 3030, 1000236, 2, '35.00', '0.00', '0.21'),
(30101, 3032, 1000000, 1, '3450.00', '0.00', '0.21'),
(30102, 3032, 1000078, 1, '160.00', '0.00', '0.21'),
(30103, 3032, 1000079, 1, '450.00', '0.00', '0.21'),
(30104, 3032, 1000080, 1, '255.00', '0.00', '0.21'),
(30105, 3032, 1000081, 1, '125.00', '0.00', '0.21'),
(30106, 3032, 1000178, 1, '18.00', '0.00', '0.21'),
(30107, 3032, 1000192, 1, '14.00', '0.00', '0.21'),
(30108, 3032, 1000212, 1, '31.00', '0.00', '0.21'),
(30109, 3032, 1000236, 2, '35.00', '0.00', '0.21'),
(30110, 3033, 1000135, 2, '324.00', '0.00', '0.21'),
(30111, 3034, 1000143, 2, '306.00', '0.00', '0.21'),
(30112, 3035, 1000077, 1, '275.00', '0.00', '0.21'),
(30113, 3035, 1000078, 1, '160.00', '0.00', '0.21'),
(30114, 3035, 1000079, 1, '450.00', '0.00', '0.21'),
(30115, 3035, 1000081, 1, '125.00', '0.00', '0.21'),
(30116, 3035, 1000084, 1, '670.00', '0.00', '0.21'),
(30117, 3035, 1000085, 1, '350.00', '0.00', '0.21'),
(30118, 3035, 1000179, 1, '18.00', '0.00', '0.21'),
(30119, 3035, 1000192, 1, '14.00', '0.00', '0.21'),
(30120, 3035, 1000213, 1, '33.00', '0.00', '0.21'),
(30121, 3035, 1000237, 2, '34.00', '0.00', '0.21'),
(30122, 3035, 1000009, 1, '9971.00', '0.01', '0.21'),
(30123, 3038, 1000132, 2, '306.00', '0.00', '0.21'),
(30124, 3040, 1000144, 5, '315.00', '0.00', '0.21'),
(30125, 3041, 1000141, 1, '306.00', '0.00', '0.21'),
(30126, 3042, 1000143, 2, '306.00', '0.00', '0.21'),
(30127, 3044, 1000141, 4, '306.00', '0.00', '0.21'),
(30128, 3046, 1000141, 4, '306.00', '0.00', '0.21'),
(30129, 3047, 1000131, 2, '315.00', '0.00', '0.21'),
(30130, 3048, 1000077, 2, '275.00', '0.00', '0.21'),
(30131, 3048, 1000078, 2, '160.00', '0.00', '0.21'),
(30132, 3048, 1000079, 2, '450.00', '0.00', '0.21'),
(30133, 3048, 1000081, 2, '125.00', '0.00', '0.21'),
(30134, 3048, 1000084, 2, '670.00', '0.00', '0.21'),
(30135, 3048, 1000085, 2, '350.00', '0.00', '0.21'),
(30136, 3048, 1000179, 2, '18.00', '0.00', '0.21'),
(30137, 3048, 1000192, 2, '14.00', '0.00', '0.21'),
(30138, 3048, 1000213, 2, '33.00', '0.00', '0.21'),
(30139, 3048, 1000237, 4, '34.00', '0.00', '0.21'),
(30140, 3048, 1000068, 2, '8093.00', '0.00', '0.21'),
(30141, 3051, 1000131, 1, '315.00', '0.00', '0.21'),
(30142, 3051, 1000145, 1, '288.00', '0.00', '0.21'),
(30143, 3051, 1000281, 1, '120.00', '0.00', '0.21'),
(30144, 3051, 1000327, 1, '78.00', '0.00', '0.21'),
(30145, 3051, 1000194, 1, '60.00', '0.00', '0.21'),
(30146, 3051, 1000209, 1, '30.00', '0.00', '0.21'),
(30147, 3051, 1000210, 1, '36.00', '0.00', '0.21'),
(30148, 3051, 1000211, 1, '45.00', '0.00', '0.21'),
(30149, 3052, 1000143, 3, '306.00', '0.00', '0.21'),
(30150, 3055, 1000141, 2, '306.00', '0.00', '0.21'),
(30151, 3056, 1000137, 2, '324.00', '0.00', '0.21'),
(30152, 3057, 1000077, 1, '275.00', '0.00', '0.21'),
(30153, 3057, 1000078, 1, '160.00', '0.00', '0.21'),
(30154, 3057, 1000079, 1, '450.00', '0.00', '0.21'),
(30155, 3057, 1000081, 1, '125.00', '0.00', '0.21'),
(30156, 3057, 1000084, 1, '670.00', '0.00', '0.21'),
(30157, 3057, 1000085, 1, '350.00', '0.00', '0.21'),
(30158, 3057, 1000179, 1, '18.00', '0.00', '0.21'),
(30159, 3057, 1000192, 1, '14.00', '0.00', '0.21'),
(30160, 3057, 1000213, 1, '33.00', '0.00', '0.21'),
(30161, 3057, 1000237, 2, '34.00', '0.00', '0.21'),
(30162, 3057, 1000009, 1, '9268.00', '0.00', '0.21'),
(30163, 3058, 1000139, 1, '324.00', '0.00', '0.21'),
(30164, 3059, 1000077, 2, '275.00', '0.00', '0.21'),
(30165, 3059, 1000078, 2, '160.00', '0.00', '0.21'),
(30166, 3059, 1000079, 2, '450.00', '0.00', '0.21'),
(30167, 3059, 1000081, 2, '125.00', '0.00', '0.21'),
(30168, 3059, 1000084, 2, '670.00', '0.00', '0.21'),
(30169, 3059, 1000085, 2, '350.00', '0.00', '0.21'),
(30170, 3059, 1000179, 2, '18.00', '0.00', '0.21'),
(30171, 3059, 1000192, 2, '14.00', '0.00', '0.21'),
(30172, 3059, 1000213, 2, '33.00', '0.00', '0.21'),
(30173, 3059, 1000237, 4, '34.00', '0.00', '0.21'),
(30174, 3059, 1000000, 2, '3450.00', '0.00', '0.21'),
(30175, 3061, 1000077, 1, '275.00', '0.00', '0.21'),
(30176, 3061, 1000078, 1, '160.00', '0.00', '0.21'),
(30177, 3061, 1000079, 1, '450.00', '0.00', '0.21'),
(30178, 3061, 1000081, 1, '125.00', '0.00', '0.21'),
(30179, 3061, 1000084, 1, '670.00', '0.00', '0.21'),
(30180, 3061, 1000085, 1, '350.00', '0.00', '0.21'),
(30181, 3061, 1000179, 1, '18.00', '0.00', '0.21'),
(30182, 3061, 1000192, 1, '14.00', '0.00', '0.21'),
(30183, 3061, 1000213, 1, '33.00', '0.00', '0.21'),
(30184, 3061, 1000237, 2, '34.00', '0.00', '0.21'),
(30185, 3061, 1000068, 1, '8093.00', '0.00', '0.21'),
(30186, 3062, 1000141, 4, '306.00', '0.00', '0.21'),
(30187, 3063, 1000000, 1, '3450.00', '0.00', '0.21'),
(30188, 3063, 1000078, 1, '160.00', '0.00', '0.21'),
(30189, 3063, 1000079, 1, '450.00', '0.00', '0.21'),
(30190, 3063, 1000080, 1, '255.00', '0.00', '0.21'),
(30191, 3063, 1000081, 1, '125.00', '0.00', '0.21'),
(30192, 3063, 1000178, 1, '18.00', '0.00', '0.21'),
(30193, 3063, 1000192, 1, '14.00', '0.00', '0.21'),
(30194, 3063, 1000212, 1, '31.00', '0.00', '0.21'),
(30195, 3063, 1000236, 2, '35.00', '0.00', '0.21'),
(30196, 3064, 1000140, 2, '333.00', '0.00', '0.21'),
(30197, 3066, 1000068, 1, '8093.00', '0.00', '0.21'),
(30198, 3066, 1000077, 1, '275.00', '0.00', '0.21'),
(30199, 3066, 1000078, 1, '160.00', '0.00', '0.21'),
(30200, 3066, 1000079, 1, '450.00', '0.00', '0.21'),
(30201, 3066, 1000081, 1, '125.00', '0.00', '0.21'),
(30202, 3066, 1000084, 1, '670.00', '0.00', '0.21'),
(30203, 3066, 1000085, 1, '350.00', '0.00', '0.21'),
(30204, 3066, 1000179, 1, '18.00', '0.00', '0.21'),
(30205, 3066, 1000192, 1, '14.00', '0.00', '0.21'),
(30206, 3066, 1000213, 1, '33.00', '0.00', '0.21'),
(30207, 3066, 1000237, 2, '34.00', '0.00', '0.21'),
(30208, 3067, 1000139, 2, '324.00', '0.00', '0.21'),
(30209, 3068, 1000132, 5, '306.00', '0.00', '0.21'),
(30210, 3069, 1000077, 1, '275.00', '0.00', '0.21'),
(30211, 3069, 1000078, 1, '160.00', '0.00', '0.21'),
(30212, 3069, 1000079, 1, '450.00', '0.00', '0.21'),
(30213, 3069, 1000081, 1, '125.00', '0.00', '0.21'),
(30214, 3069, 1000084, 1, '670.00', '0.00', '0.21'),
(30215, 3069, 1000085, 1, '350.00', '0.00', '0.21'),
(30216, 3069, 1000179, 1, '18.00', '0.00', '0.21'),
(30217, 3069, 1000192, 1, '14.00', '0.00', '0.21'),
(30218, 3069, 1000213, 1, '33.00', '0.00', '0.21'),
(30219, 3069, 1000237, 2, '34.00', '0.00', '0.21'),
(30220, 3069, 1000009, 1, '9971.00', '0.00', '0.21'),
(30221, 3071, 1000131, 1, '315.00', '0.00', '0.21'),
(30222, 3072, 1000077, 1, '275.00', '0.00', '0.21'),
(30223, 3072, 1000078, 1, '160.00', '0.00', '0.21'),
(30224, 3072, 1000079, 1, '450.00', '0.00', '0.21'),
(30225, 3072, 1000081, 1, '125.00', '0.00', '0.21'),
(30226, 3072, 1000084, 1, '670.00', '0.00', '0.21'),
(30227, 3072, 1000085, 1, '350.00', '0.00', '0.21'),
(30228, 3072, 1000179, 1, '18.00', '0.00', '0.21'),
(30229, 3072, 1000192, 1, '14.00', '0.00', '0.21'),
(30230, 3072, 1000213, 1, '33.00', '0.00', '0.21'),
(30231, 3072, 1000237, 2, '34.00', '0.00', '0.21'),
(30232, 3072, 1000068, 1, '8093.00', '0.00', '0.21'),
(30233, 3073, 1000178, 3, '18.00', '0.00', '0.21'),
(30234, 3073, 1000192, 3, '14.00', '0.00', '0.21'),
(30235, 3073, 1000212, 3, '31.00', '0.00', '0.21'),
(30236, 3073, 1000236, 3, '35.00', '0.00', '0.21'),
(30237, 3075, 1000077, 1, '275.00', '0.00', '0.21'),
(30238, 3075, 1000078, 1, '160.00', '0.00', '0.21'),
(30239, 3075, 1000079, 1, '450.00', '0.00', '0.21'),
(30240, 3075, 1000081, 1, '125.00', '0.00', '0.21'),
(30241, 3075, 1000084, 1, '670.00', '0.00', '0.21'),
(30242, 3075, 1000085, 1, '350.00', '0.00', '0.21'),
(30243, 3075, 1000179, 1, '18.00', '0.00', '0.21'),
(30244, 3075, 1000192, 1, '14.00', '0.00', '0.21'),
(30245, 3075, 1000213, 1, '33.00', '0.00', '0.21'),
(30246, 3075, 1000237, 2, '34.00', '0.00', '0.21'),
(30247, 3075, 1000009, 1, '9971.00', '0.00', '0.21'),
(30248, 3076, 1000138, 1, '324.00', '0.00', '0.21'),
(30249, 3077, 1000137, 2, '324.00', '0.00', '0.21'),
(30250, 3078, 1000113, 1, '175.00', '0.00', '0.21'),
(30251, 3078, 1000128, 1, '10.00', '0.00', '0.21'),
(30252, 3078, 1000129, 1, '12.00', '0.00', '0.21'),
(30253, 3078, 1000130, 1, '15.00', '0.00', '0.21'),
(30254, 3080, 1000133, 4, '306.00', '0.00', '0.21'),
(30255, 3081, 1000194, 5, '60.00', '0.00', '0.21'),
(30256, 3081, 1000209, 5, '30.00', '0.00', '0.21'),
(30257, 3081, 1000210, 3, '36.00', '0.00', '0.21'),
(30258, 3081, 1000211, 2, '45.00', '0.00', '0.21'),
(30259, 3082, 1000133, 1, '306.00', '0.00', '0.21'),
(30260, 3083, 1000068, 6, '8093.00', '0.25', '0.21'),
(30261, 3083, 1000077, 6, '275.00', '0.00', '0.21'),
(30262, 3083, 1000078, 6, '160.00', '0.00', '0.21'),
(30263, 3083, 1000079, 6, '450.00', '0.00', '0.21'),
(30264, 3083, 1000081, 6, '125.00', '0.00', '0.21'),
(30265, 3083, 1000084, 6, '670.00', '0.00', '0.21'),
(30266, 3083, 1000085, 6, '350.00', '0.00', '0.21'),
(30267, 3083, 1000179, 6, '18.00', '0.00', '0.21'),
(30268, 3083, 1000192, 6, '14.00', '0.00', '0.21'),
(30269, 3083, 1000213, 6, '33.00', '0.00', '0.21'),
(30270, 3083, 1000237, 12, '34.00', '0.00', '0.21'),
(30271, 3084, 1000139, 3, '324.00', '0.00', '0.21'),
(30272, 3085, 1000113, 2, '175.00', '0.00', '0.21'),
(30273, 3085, 1000128, 2, '10.00', '0.00', '0.21'),
(30274, 3085, 1000129, 2, '12.00', '0.00', '0.21'),
(30275, 3085, 1000130, 2, '15.00', '0.00', '0.21'),
(30276, 3087, 1000138, 3, '324.00', '0.00', '0.21'),
(30277, 3088, 1000009, 1, '9268.00', '0.00', '0.21'),
(30278, 3088, 1000077, 1, '275.00', '0.00', '0.21'),
(30279, 3088, 1000078, 1, '160.00', '0.00', '0.21'),
(30280, 3088, 1000079, 1, '450.00', '0.00', '0.21'),
(30281, 3088, 1000081, 1, '125.00', '0.00', '0.21'),
(30282, 3088, 1000084, 1, '670.00', '0.00', '0.21'),
(30283, 3088, 1000085, 1, '350.00', '0.00', '0.21'),
(30284, 3088, 1000179, 1, '18.00', '0.00', '0.21'),
(30285, 3088, 1000192, 1, '14.00', '0.00', '0.21'),
(30286, 3088, 1000213, 1, '33.00', '0.00', '0.21'),
(30287, 3088, 1000237, 2, '34.00', '0.00', '0.21'),
(30288, 3089, 1000138, 3, '324.00', '0.00', '0.21'),
(30289, 3090, 1000134, 2, '279.00', '0.00', '0.21'),
(30290, 3091, 1000142, 2, '306.00', '0.00', '0.21'),
(30291, 3093, 1000143, 1, '306.00', '0.00', '0.21'),
(30292, 3094, 1000141, 4, '306.00', '0.00', '0.21'),
(30293, 3095, 1000000, 1, '3450.00', '0.00', '0.21'),
(30294, 3095, 1000078, 1, '160.00', '0.00', '0.21'),
(30295, 3095, 1000079, 1, '450.00', '0.00', '0.21'),
(30296, 3095, 1000080, 1, '255.00', '0.00', '0.21'),
(30297, 3095, 1000081, 1, '125.00', '0.00', '0.21'),
(30298, 3095, 1000178, 1, '18.00', '0.00', '0.21'),
(30299, 3095, 1000192, 1, '14.00', '0.00', '0.21'),
(30300, 3095, 1000212, 1, '31.00', '0.00', '0.21'),
(30301, 3095, 1000236, 2, '35.00', '0.00', '0.21'),
(30302, 3096, 1000000, 1, '3450.00', '0.00', '0.21'),
(30303, 3096, 1000078, 1, '160.00', '0.00', '0.21'),
(30304, 3096, 1000079, 1, '450.00', '0.00', '0.21'),
(30305, 3096, 1000080, 1, '255.00', '0.00', '0.21'),
(30306, 3096, 1000081, 1, '125.00', '0.00', '0.21'),
(30307, 3096, 1000178, 1, '18.00', '0.00', '0.21'),
(30308, 3096, 1000192, 1, '14.00', '0.00', '0.21'),
(30309, 3096, 1000212, 1, '31.00', '0.00', '0.21'),
(30310, 3096, 1000236, 2, '35.00', '0.00', '0.21'),
(30311, 3097, 1000132, 1, '306.00', '0.00', '0.21'),
(30312, 3098, 1000131, 1, '315.00', '0.00', '0.21'),
(30313, 3098, 1000145, 1, '288.00', '0.00', '0.21'),
(30314, 3098, 1000281, 1, '120.00', '0.00', '0.21'),
(30315, 3098, 1000327, 1, '78.00', '0.00', '0.21'),
(30316, 3100, 1000132, 2, '306.00', '0.00', '0.21'),
(30317, 3101, 1000077, 1, '275.00', '0.00', '0.21'),
(30318, 3101, 1000078, 1, '160.00', '0.00', '0.21'),
(30319, 3101, 1000079, 1, '450.00', '0.00', '0.21'),
(30320, 3101, 1000081, 1, '125.00', '0.00', '0.21'),
(30321, 3101, 1000084, 1, '670.00', '0.00', '0.21'),
(30322, 3101, 1000085, 1, '350.00', '0.00', '0.21'),
(30323, 3101, 1000179, 1, '18.00', '0.00', '0.21'),
(30324, 3101, 1000192, 1, '14.00', '0.00', '0.21'),
(30325, 3101, 1000213, 1, '33.00', '0.00', '0.21'),
(30326, 3101, 1000237, 2, '34.00', '0.00', '0.21'),
(30327, 3101, 1000009, 1, '9971.00', '0.00', '0.21'),
(30328, 3102, 1000131, 4, '315.00', '0.00', '0.21'),
(30329, 3103, 1000142, 3, '306.00', '0.00', '0.21'),
(30330, 3108, 1000139, 5, '324.00', '0.00', '0.21'),
(30331, 3109, 1000077, 1, '275.00', '0.00', '0.21'),
(30332, 3109, 1000078, 1, '160.00', '0.00', '0.21'),
(30333, 3109, 1000079, 1, '450.00', '0.00', '0.21'),
(30334, 3109, 1000081, 1, '125.00', '0.00', '0.21'),
(30335, 3109, 1000084, 1, '670.00', '0.00', '0.21'),
(30336, 3109, 1000085, 1, '350.00', '0.00', '0.21'),
(30337, 3109, 1000179, 1, '18.00', '0.00', '0.21'),
(30338, 3109, 1000192, 1, '14.00', '0.00', '0.21'),
(30339, 3109, 1000213, 1, '33.00', '0.00', '0.21'),
(30340, 3109, 1000237, 2, '34.00', '0.00', '0.21'),
(30341, 3109, 1000009, 1, '9268.00', '0.00', '0.21'),
(30342, 3110, 1000136, 3, '324.00', '0.00', '0.21'),
(30343, 3111, 1000138, 5, '324.00', '0.00', '0.21'),
(30344, 3112, 1000137, 3, '324.00', '0.00', '0.21'),
(30345, 3113, 1000133, 3, '306.00', '0.00', '0.21'),
(30346, 3114, 1000144, 3, '315.00', '0.00', '0.21'),
(30347, 3115, 1000068, 1, '8093.00', '0.00', '0.21'),
(30348, 3115, 1000077, 1, '275.00', '0.00', '0.21'),
(30349, 3115, 1000078, 1, '160.00', '0.00', '0.21'),
(30350, 3115, 1000079, 1, '450.00', '0.00', '0.21'),
(30351, 3115, 1000081, 1, '125.00', '0.00', '0.21'),
(30352, 3115, 1000084, 1, '670.00', '0.00', '0.21'),
(30353, 3115, 1000085, 1, '350.00', '0.00', '0.21'),
(30354, 3115, 1000179, 1, '18.00', '0.00', '0.21'),
(30355, 3115, 1000192, 1, '14.00', '0.00', '0.21'),
(30356, 3115, 1000213, 1, '33.00', '0.00', '0.21'),
(30357, 3115, 1000237, 2, '34.00', '0.00', '0.21'),
(30358, 3116, 1000133, 4, '306.00', '0.00', '0.21'),
(30359, 3118, 1000140, 1, '333.00', '0.00', '0.21'),
(30360, 3119, 1000133, 1, '306.00', '0.00', '0.21'),
(30361, 3120, 1000137, 5, '324.00', '0.00', '0.21'),
(30362, 3121, 1000137, 2, '324.00', '0.00', '0.21'),
(30363, 3122, 1000137, 5, '324.00', '0.00', '0.21'),
(30364, 3123, 1000132, 1, '306.00', '0.00', '0.21'),
(30365, 3127, 1000140, 1, '333.00', '0.00', '0.21'),
(30366, 3128, 1000009, 1, '9268.00', '0.00', '0.21'),
(30367, 3128, 1000077, 2, '275.00', '0.00', '0.21'),
(30368, 3128, 1000078, 2, '160.00', '0.00', '0.21'),
(30369, 3128, 1000079, 2, '450.00', '0.00', '0.21'),
(30370, 3128, 1000081, 2, '125.00', '0.00', '0.21'),
(30371, 3128, 1000084, 2, '670.00', '0.00', '0.21'),
(30372, 3128, 1000085, 2, '350.00', '0.00', '0.21'),
(30373, 3128, 1000179, 2, '18.00', '0.00', '0.21'),
(30374, 3128, 1000192, 2, '14.00', '0.00', '0.21'),
(30375, 3128, 1000213, 2, '33.00', '0.00', '0.21'),
(30376, 3128, 1000237, 4, '34.00', '0.00', '0.21'),
(30377, 3128, 1000000, 1, '3450.00', '0.00', '0.21'),
(30378, 3131, 1000077, 1, '275.00', '0.00', '0.21'),
(30379, 3131, 1000078, 1, '160.00', '0.00', '0.21'),
(30380, 3131, 1000079, 1, '450.00', '0.00', '0.21'),
(30381, 3131, 1000081, 1, '125.00', '0.00', '0.21'),
(30382, 3131, 1000084, 1, '670.00', '0.00', '0.21'),
(30383, 3131, 1000085, 1, '350.00', '0.00', '0.21'),
(30384, 3131, 1000179, 1, '18.00', '0.00', '0.21'),
(30385, 3131, 1000192, 1, '14.00', '0.00', '0.21'),
(30386, 3131, 1000213, 1, '33.00', '0.00', '0.21'),
(30387, 3131, 1000237, 2, '34.00', '0.00', '0.21'),
(30388, 3131, 1000009, 1, '9971.00', '0.00', '0.21'),
(30389, 3132, 1000113, 1, '175.00', '0.00', '0.21'),
(30390, 3132, 1000128, 1, '10.00', '0.00', '0.21'),
(30391, 3132, 1000129, 1, '12.00', '0.00', '0.21'),
(30392, 3132, 1000130, 1, '15.00', '0.00', '0.21'),
(30393, 3133, 1000136, 2, '324.00', '0.00', '0.21'),
(30394, 3135, 1000077, 1, '275.00', '0.00', '0.21'),
(30395, 3135, 1000078, 1, '160.00', '0.00', '0.21'),
(30396, 3135, 1000079, 1, '450.00', '0.00', '0.21'),
(30397, 3135, 1000081, 1, '125.00', '0.00', '0.21'),
(30398, 3135, 1000084, 1, '670.00', '0.00', '0.21'),
(30399, 3135, 1000085, 1, '350.00', '0.00', '0.21'),
(30400, 3135, 1000179, 1, '18.00', '0.00', '0.21'),
(30401, 3135, 1000192, 1, '14.00', '0.00', '0.21'),
(30402, 3135, 1000213, 1, '33.00', '0.00', '0.21'),
(30403, 3135, 1000237, 2, '34.00', '0.00', '0.21'),
(30404, 3135, 1000068, 1, '8093.00', '0.00', '0.21'),
(30405, 3136, 1000000, 1, '3450.00', '0.00', '0.21'),
(30406, 3136, 1000078, 1, '160.00', '0.00', '0.21'),
(30407, 3136, 1000079, 1, '450.00', '0.00', '0.21'),
(30408, 3136, 1000080, 1, '255.00', '0.00', '0.21'),
(30409, 3136, 1000081, 1, '125.00', '0.00', '0.21'),
(30410, 3136, 1000178, 1, '18.00', '0.00', '0.21'),
(30411, 3136, 1000192, 1, '14.00', '0.00', '0.21'),
(30412, 3136, 1000212, 1, '31.00', '0.00', '0.21'),
(30413, 3136, 1000236, 2, '35.00', '0.00', '0.21'),
(30414, 3137, 1000135, 5, '324.00', '0.00', '0.21'),
(30415, 3138, 1000142, 5, '306.00', '0.00', '0.21'),
(30416, 3140, 1000077, 1, '275.00', '0.00', '0.21'),
(30417, 3140, 1000078, 1, '160.00', '0.00', '0.21'),
(30418, 3140, 1000079, 1, '450.00', '0.00', '0.21'),
(30419, 3140, 1000081, 1, '125.00', '0.00', '0.21'),
(30420, 3140, 1000084, 1, '670.00', '0.00', '0.21'),
(30421, 3140, 1000085, 1, '350.00', '0.00', '0.21'),
(30422, 3140, 1000179, 1, '18.00', '0.00', '0.21'),
(30423, 3140, 1000192, 1, '14.00', '0.00', '0.21'),
(30424, 3140, 1000213, 1, '33.00', '0.00', '0.21'),
(30425, 3140, 1000237, 2, '34.00', '0.00', '0.21'),
(30426, 3140, 1000009, 1, '9971.00', '0.00', '0.21'),
(30427, 3142, 1000132, 5, '306.00', '0.00', '0.21'),
(30428, 3143, 1000009, 1, '9268.00', '0.00', '0.21'),
(30429, 3143, 1000077, 1, '275.00', '0.00', '0.21'),
(30430, 3143, 1000078, 1, '160.00', '0.00', '0.21'),
(30431, 3143, 1000079, 1, '450.00', '0.00', '0.21'),
(30432, 3143, 1000081, 1, '125.00', '0.00', '0.21'),
(30433, 3143, 1000084, 1, '670.00', '0.00', '0.21'),
(30434, 3143, 1000085, 1, '350.00', '0.00', '0.21'),
(30435, 3143, 1000179, 1, '18.00', '0.00', '0.21'),
(30436, 3143, 1000192, 1, '14.00', '0.00', '0.21'),
(30437, 3143, 1000213, 1, '33.00', '0.00', '0.21'),
(30438, 3143, 1000237, 2, '34.00', '0.00', '0.21'),
(30439, 3145, 1000143, 3, '306.00', '0.00', '0.21'),
(30440, 3146, 1000077, 1, '275.00', '0.00', '0.21'),
(30441, 3146, 1000078, 1, '160.00', '0.00', '0.21'),
(30442, 3146, 1000079, 1, '450.00', '0.00', '0.21'),
(30443, 3146, 1000081, 1, '125.00', '0.00', '0.21'),
(30444, 3146, 1000084, 1, '670.00', '0.00', '0.21'),
(30445, 3146, 1000085, 1, '350.00', '0.00', '0.21'),
(30446, 3146, 1000179, 1, '18.00', '0.00', '0.21'),
(30447, 3146, 1000192, 1, '14.00', '0.00', '0.21'),
(30448, 3146, 1000213, 1, '33.00', '0.00', '0.21'),
(30449, 3146, 1000237, 2, '34.00', '0.00', '0.21'),
(30450, 3147, 1000194, 3, '60.00', '0.00', '0.21'),
(30451, 3148, 1000131, 1, '315.00', '0.00', '0.21'),
(30452, 3149, 1000144, 1, '315.00', '0.00', '0.21'),
(30453, 3150, 1000134, 2, '279.00', '0.00', '0.21'),
(30454, 3151, 1000143, 2, '306.00', '0.00', '0.21'),
(30455, 3152, 1000140, 1, '333.00', '0.00', '0.21'),
(30456, 3153, 1000141, 2, '306.00', '0.00', '0.21'),
(30457, 3154, 1000068, 1, '8093.00', '0.00', '0.21'),
(30458, 3154, 1000077, 1, '275.00', '0.00', '0.21'),
(30459, 3154, 1000078, 1, '160.00', '0.00', '0.21'),
(30460, 3154, 1000079, 1, '450.00', '0.00', '0.21'),
(30461, 3154, 1000081, 1, '125.00', '0.00', '0.21'),
(30462, 3154, 1000084, 1, '670.00', '0.00', '0.21'),
(30463, 3154, 1000085, 1, '350.00', '0.00', '0.21'),
(30464, 3154, 1000179, 1, '18.00', '0.00', '0.21'),
(30465, 3154, 1000192, 1, '14.00', '0.00', '0.21'),
(30466, 3154, 1000213, 1, '33.00', '0.00', '0.21'),
(30467, 3154, 1000237, 2, '34.00', '0.00', '0.21'),
(30468, 3155, 1000009, 3, '9268.00', '0.15', '0.21'),
(30469, 3155, 1000077, 3, '275.00', '0.00', '0.21'),
(30470, 3155, 1000078, 3, '160.00', '0.00', '0.21'),
(30471, 3155, 1000079, 3, '450.00', '0.00', '0.21'),
(30472, 3155, 1000081, 3, '125.00', '0.00', '0.21'),
(30473, 3155, 1000084, 3, '670.00', '0.00', '0.21'),
(30474, 3155, 1000085, 3, '350.00', '0.00', '0.21'),
(30475, 3155, 1000179, 3, '18.00', '0.00', '0.21'),
(30476, 3155, 1000192, 3, '14.00', '0.00', '0.21'),
(30477, 3155, 1000213, 3, '33.00', '0.00', '0.21'),
(30478, 3155, 1000237, 6, '34.00', '0.00', '0.21'),
(30479, 3158, 1000142, 5, '306.00', '0.00', '0.21'),
(30480, 3159, 1000000, 1, '3450.00', '0.00', '0.21'),
(30481, 3159, 1000078, 1, '160.00', '0.00', '0.21'),
(30482, 3159, 1000079, 1, '450.00', '0.00', '0.21'),
(30483, 3159, 1000080, 1, '255.00', '0.00', '0.21'),
(30484, 3159, 1000081, 1, '125.00', '0.00', '0.21'),
(30485, 3159, 1000178, 1, '18.00', '0.00', '0.21'),
(30486, 3159, 1000192, 1, '14.00', '0.00', '0.21'),
(30487, 3159, 1000212, 1, '31.00', '0.00', '0.21'),
(30488, 3159, 1000236, 2, '35.00', '0.00', '0.21'),
(30489, 3160, 1000136, 2, '324.00', '0.00', '0.21'),
(30490, 3161, 1000077, 1, '275.00', '0.00', '0.21'),
(30491, 3161, 1000078, 1, '160.00', '0.00', '0.21'),
(30492, 3161, 1000079, 1, '450.00', '0.00', '0.21'),
(30493, 3161, 1000081, 1, '125.00', '0.00', '0.21'),
(30494, 3161, 1000084, 1, '670.00', '0.00', '0.21'),
(30495, 3161, 1000085, 1, '350.00', '0.00', '0.21'),
(30496, 3161, 1000179, 1, '18.00', '0.00', '0.21'),
(30497, 3161, 1000192, 1, '14.00', '0.00', '0.21'),
(30498, 3161, 1000213, 1, '33.00', '0.00', '0.21'),
(30499, 3161, 1000237, 2, '34.00', '0.00', '0.21'),
(30500, 3161, 1000009, 1, '9268.00', '0.00', '0.21'),
(30501, 3163, 1000131, 2, '315.00', '0.00', '0.21'),
(30502, 3165, 1000132, 4, '306.00', '0.00', '0.21'),
(30503, 3166, 1000077, 1, '275.00', '0.00', '0.21'),
(30504, 3166, 1000078, 1, '160.00', '0.00', '0.21'),
(30505, 3166, 1000079, 1, '450.00', '0.00', '0.21'),
(30506, 3166, 1000081, 1, '125.00', '0.00', '0.21'),
(30507, 3166, 1000084, 1, '670.00', '0.00', '0.21'),
(30508, 3166, 1000085, 1, '350.00', '0.00', '0.21'),
(30509, 3166, 1000179, 1, '18.00', '0.00', '0.21'),
(30510, 3166, 1000192, 1, '14.00', '0.00', '0.21'),
(30511, 3166, 1000213, 1, '33.00', '0.00', '0.21'),
(30512, 3166, 1000237, 2, '34.00', '0.00', '0.21'),
(30513, 3166, 1000009, 1, '9971.00', '0.00', '0.21'),
(30514, 3167, 1000140, 3, '333.00', '0.00', '0.21'),
(30515, 3169, 1000134, 2, '279.00', '0.00', '0.21'),
(30516, 3170, 1000137, 2, '324.00', '0.00', '0.21'),
(30517, 3171, 1000009, 1, '9268.00', '0.00', '0.21'),
(30518, 3171, 1000077, 1, '275.00', '0.00', '0.21'),
(30519, 3171, 1000078, 1, '160.00', '0.00', '0.21'),
(30520, 3171, 1000079, 1, '450.00', '0.00', '0.21'),
(30521, 3171, 1000081, 1, '125.00', '0.00', '0.21'),
(30522, 3171, 1000084, 1, '670.00', '0.00', '0.21'),
(30523, 3171, 1000085, 1, '350.00', '0.00', '0.21'),
(30524, 3171, 1000179, 1, '18.00', '0.00', '0.21'),
(30525, 3171, 1000192, 1, '14.00', '0.00', '0.21'),
(30526, 3171, 1000213, 1, '33.00', '0.00', '0.21'),
(30527, 3171, 1000237, 2, '34.00', '0.00', '0.21'),
(30528, 3173, 1000131, 1, '315.00', '0.00', '0.21'),
(30529, 3173, 1000145, 1, '288.00', '0.00', '0.21'),
(30530, 3173, 1000281, 1, '120.00', '0.00', '0.21'),
(30531, 3173, 1000327, 1, '78.00', '0.00', '0.21'),
(30532, 3173, 1000194, 1, '60.00', '0.00', '0.21'),
(30533, 3173, 1000209, 1, '30.00', '0.00', '0.21'),
(30534, 3173, 1000210, 1, '36.00', '0.00', '0.21'),
(30535, 3173, 1000211, 1, '45.00', '0.00', '0.21'),
(30536, 3174, 1000139, 2, '324.00', '0.00', '0.21'),
(30537, 3175, 1000000, 1, '3450.00', '0.00', '0.21'),
(30538, 3175, 1000078, 1, '160.00', '0.00', '0.21'),
(30539, 3175, 1000079, 1, '450.00', '0.00', '0.21'),
(30540, 3175, 1000080, 1, '255.00', '0.00', '0.21'),
(30541, 3175, 1000081, 1, '125.00', '0.00', '0.21'),
(30542, 3175, 1000178, 1, '18.00', '0.00', '0.21'),
(30543, 3175, 1000192, 1, '14.00', '0.00', '0.21'),
(30544, 3175, 1000212, 1, '31.00', '0.00', '0.21'),
(30545, 3175, 1000236, 2, '35.00', '0.00', '0.21'),
(30546, 3176, 1000136, 2, '324.00', '0.00', '0.21'),
(30547, 3177, 1000131, 5, '315.00', '0.00', '0.21'),
(30548, 3177, 1000145, 2, '288.00', '0.00', '0.21'),
(30549, 3177, 1000281, 2, '120.00', '0.00', '0.21'),
(30550, 3177, 1000327, 3, '78.00', '0.00', '0.21'),
(30551, 3178, 1000139, 1, '324.00', '0.00', '0.21'),
(30552, 3179, 1000068, 1, '8093.00', '0.00', '0.21'),
(30553, 3179, 1000077, 1, '275.00', '0.00', '0.21'),
(30554, 3179, 1000078, 1, '160.00', '0.00', '0.21'),
(30555, 3179, 1000079, 1, '450.00', '0.00', '0.21'),
(30556, 3179, 1000081, 1, '125.00', '0.00', '0.21'),
(30557, 3179, 1000084, 1, '670.00', '0.00', '0.21'),
(30558, 3179, 1000085, 1, '350.00', '0.00', '0.21'),
(30559, 3179, 1000179, 1, '18.00', '0.00', '0.21'),
(30560, 3179, 1000192, 1, '14.00', '0.00', '0.21'),
(30561, 3179, 1000213, 1, '33.00', '0.00', '0.21'),
(30562, 3179, 1000237, 2, '34.00', '0.00', '0.21'),
(30563, 3181, 1000140, 2, '333.00', '0.00', '0.21'),
(30564, 3182, 1000143, 3, '306.00', '0.00', '0.21'),
(30565, 3183, 1000178, 3, '18.00', '0.00', '0.21'),
(30566, 3183, 1000192, 3, '14.00', '0.00', '0.21'),
(30567, 3183, 1000212, 3, '31.00', '0.00', '0.21'),
(30568, 3183, 1000236, 3, '35.00', '0.00', '0.21'),
(30569, 3184, 1000135, 4, '324.00', '0.00', '0.21'),
(30570, 3185, 1000009, 1, '9268.00', '0.00', '0.21'),
(30571, 3185, 1000077, 2, '275.00', '0.00', '0.21'),
(30572, 3185, 1000078, 2, '160.00', '0.00', '0.21'),
(30573, 3185, 1000079, 2, '450.00', '0.00', '0.21'),
(30574, 3185, 1000081, 2, '125.00', '0.00', '0.21'),
(30575, 3185, 1000084, 2, '670.00', '0.00', '0.21'),
(30576, 3185, 1000085, 2, '350.00', '0.00', '0.21'),
(30577, 3185, 1000179, 2, '18.00', '0.00', '0.21'),
(30578, 3185, 1000192, 2, '14.00', '0.00', '0.21'),
(30579, 3185, 1000213, 2, '33.00', '0.00', '0.21'),
(30580, 3185, 1000237, 4, '34.00', '0.00', '0.21'),
(30581, 3185, 1000000, 1, '3450.00', '0.00', '0.21'),
(30582, 3187, 1000142, 2, '306.00', '0.00', '0.21'),
(30583, 3189, 1000140, 1, '333.00', '0.00', '0.21'),
(30584, 3190, 1000138, 4, '324.00', '0.00', '0.21'),
(30585, 3191, 1000139, 1, '324.00', '0.00', '0.21'),
(30586, 3192, 1000194, 4, '60.00', '0.00', '0.21'),
(30587, 3192, 1000209, 2, '30.00', '0.00', '0.21'),
(30588, 3192, 1000210, 2, '36.00', '0.00', '0.21'),
(30589, 3192, 1000211, 5, '45.00', '0.00', '0.21'),
(30590, 3193, 1000133, 1, '306.00', '0.00', '0.21'),
(30591, 3194, 1000144, 4, '315.00', '0.00', '0.21'),
(30592, 3195, 1000000, 1, '3450.00', '0.00', '0.21'),
(30593, 3195, 1000078, 1, '160.00', '0.00', '0.21'),
(30594, 3195, 1000079, 1, '450.00', '0.00', '0.21'),
(30595, 3195, 1000080, 1, '255.00', '0.00', '0.21'),
(30596, 3195, 1000081, 1, '125.00', '0.00', '0.21'),
(30597, 3195, 1000178, 1, '18.00', '0.00', '0.21'),
(30598, 3195, 1000192, 1, '14.00', '0.00', '0.21'),
(30599, 3195, 1000212, 1, '31.00', '0.00', '0.21'),
(30600, 3195, 1000236, 2, '35.00', '0.00', '0.21'),
(30601, 3196, 1000077, 1, '275.00', '0.00', '0.21'),
(30602, 3196, 1000078, 1, '160.00', '0.00', '0.21'),
(30603, 3196, 1000079, 1, '450.00', '0.00', '0.21'),
(30604, 3196, 1000081, 1, '125.00', '0.00', '0.21'),
(30605, 3196, 1000084, 1, '670.00', '0.00', '0.21'),
(30606, 3196, 1000085, 1, '350.00', '0.00', '0.21'),
(30607, 3196, 1000179, 1, '18.00', '0.00', '0.21'),
(30608, 3196, 1000192, 1, '14.00', '0.00', '0.21'),
(30609, 3196, 1000213, 1, '33.00', '0.00', '0.21'),
(30610, 3196, 1000237, 2, '34.00', '0.00', '0.21'),
(30611, 3196, 1000009, 1, '9971.00', '0.00', '0.21'),
(30612, 3198, 1000144, 5, '315.00', '0.00', '0.21'),
(30613, 3199, 1000131, 1, '315.00', '0.00', '0.21'),
(30614, 3199, 1000145, 1, '288.00', '0.00', '0.21'),
(30615, 3199, 1000281, 1, '120.00', '0.00', '0.21'),
(30616, 3199, 1000327, 1, '78.00', '0.00', '0.21'),
(30617, 3200, 1000138, 1, '324.00', '0.00', '0.21'),
(30618, 3201, 1000077, 1, '275.00', '0.05', '0.21'),
(30619, 3201, 1000078, 1, '160.00', '0.05', '0.21'),
(30620, 3201, 1000079, 1, '450.00', '0.05', '0.21'),
(30621, 3201, 1000081, 1, '125.00', '0.05', '0.21'),
(30622, 3201, 1000084, 1, '670.00', '0.05', '0.21'),
(30623, 3201, 1000085, 1, '350.00', '0.05', '0.21'),
(30624, 3201, 1000179, 1, '18.00', '0.05', '0.21'),
(30625, 3201, 1000192, 1, '14.00', '0.05', '0.21'),
(30626, 3201, 1000213, 1, '33.00', '0.05', '0.21'),
(30627, 3201, 1000237, 2, '34.00', '0.05', '0.21'),
(30628, 3201, 1000068, 1, '8093.00', '0.05', '0.21'),
(30629, 3204, 1000131, 1, '315.00', '0.00', '0.21'),
(30630, 3205, 1000142, 1, '306.00', '0.00', '0.21'),
(30631, 3207, 1000136, 1, '324.00', '0.00', '0.21'),
(30632, 3208, 1000077, 1, '275.00', '0.00', '0.21'),
(30633, 3208, 1000078, 1, '160.00', '0.00', '0.21'),
(30634, 3208, 1000079, 1, '450.00', '0.00', '0.21'),
(30635, 3208, 1000081, 1, '125.00', '0.00', '0.21'),
(30636, 3208, 1000084, 1, '670.00', '0.00', '0.21'),
(30637, 3208, 1000085, 1, '350.00', '0.00', '0.21'),
(30638, 3208, 1000179, 1, '18.00', '0.00', '0.21'),
(30639, 3208, 1000192, 1, '14.00', '0.00', '0.21'),
(30640, 3208, 1000213, 1, '33.00', '0.00', '0.21'),
(30641, 3208, 1000237, 2, '34.00', '0.00', '0.21'),
(30642, 3208, 1000009, 1, '9268.00', '0.00', '0.21'),
(30643, 3209, 1000077, 1, '275.00', '0.00', '0.21'),
(30644, 3209, 1000078, 1, '160.00', '0.00', '0.21'),
(30645, 3209, 1000079, 1, '450.00', '0.00', '0.21'),
(30646, 3209, 1000081, 1, '125.00', '0.00', '0.21'),
(30647, 3209, 1000084, 1, '670.00', '0.00', '0.21'),
(30648, 3209, 1000085, 1, '350.00', '0.00', '0.21'),
(30649, 3209, 1000179, 1, '18.00', '0.00', '0.21'),
(30650, 3209, 1000192, 1, '14.00', '0.00', '0.21'),
(30651, 3209, 1000213, 1, '33.00', '0.00', '0.21'),
(30652, 3209, 1000237, 2, '34.00', '0.00', '0.21'),
(30653, 3209, 1000009, 1, '9268.00', '0.00', '0.21'),
(30654, 3210, 1000137, 2, '324.00', '0.00', '0.21'),
(30655, 3211, 1000134, 3, '279.00', '0.00', '0.21'),
(30656, 3212, 1000134, 1, '279.00', '0.00', '0.21'),
(30657, 3214, 1000144, 3, '315.00', '0.00', '0.21'),
(30658, 3215, 1000142, 3, '306.00', '0.00', '0.21'),
(30659, 3216, 1000137, 3, '324.00', '0.00', '0.21'),
(30660, 3217, 1000077, 1, '275.00', '0.00', '0.21'),
(30661, 3217, 1000078, 1, '160.00', '0.00', '0.21'),
(30662, 3217, 1000079, 1, '450.00', '0.00', '0.21'),
(30663, 3217, 1000081, 1, '125.00', '0.00', '0.21'),
(30664, 3217, 1000084, 1, '670.00', '0.00', '0.21'),
(30665, 3217, 1000085, 1, '350.00', '0.00', '0.21'),
(30666, 3217, 1000179, 1, '18.00', '0.00', '0.21'),
(30667, 3217, 1000192, 1, '14.00', '0.00', '0.21'),
(30668, 3217, 1000213, 1, '33.00', '0.00', '0.21'),
(30669, 3217, 1000237, 2, '34.00', '0.00', '0.21'),
(30670, 3217, 1000000, 1, '3450.00', '0.00', '0.21'),
(30671, 3218, 1000135, 1, '324.00', '0.00', '0.21'),
(30672, 3219, 1000137, 1, '324.00', '0.00', '0.21'),
(30673, 3220, 1000133, 1, '306.00', '0.00', '0.21'),
(30674, 3221, 1000141, 4, '306.00', '0.00', '0.21'),
(30675, 3222, 1000144, 5, '315.00', '0.00', '0.21'),
(30676, 3223, 1000141, 1, '306.00', '0.00', '0.21'),
(30677, 3224, 1000000, 1, '3450.00', '0.00', '0.21'),
(30678, 3224, 1000078, 1, '160.00', '0.00', '0.21'),
(30679, 3224, 1000079, 1, '450.00', '0.00', '0.21'),
(30680, 3224, 1000080, 1, '255.00', '0.00', '0.21'),
(30681, 3224, 1000081, 1, '125.00', '0.00', '0.21'),
(30682, 3224, 1000178, 1, '18.00', '0.00', '0.21'),
(30683, 3224, 1000192, 1, '14.00', '0.00', '0.21'),
(30684, 3224, 1000212, 1, '31.00', '0.00', '0.21'),
(30685, 3224, 1000236, 2, '35.00', '0.00', '0.21'),
(30686, 3225, 1000136, 4, '324.00', '0.00', '0.21'),
(30687, 3226, 1000077, 1, '275.00', '0.00', '0.21'),
(30688, 3226, 1000078, 1, '160.00', '0.00', '0.21'),
(30689, 3226, 1000079, 1, '450.00', '0.00', '0.21'),
(30690, 3226, 1000081, 1, '125.00', '0.00', '0.21'),
(30691, 3226, 1000084, 1, '670.00', '0.00', '0.21'),
(30692, 3226, 1000085, 1, '350.00', '0.00', '0.21'),
(30693, 3226, 1000179, 1, '18.00', '0.00', '0.21'),
(30694, 3226, 1000192, 1, '14.00', '0.00', '0.21'),
(30695, 3226, 1000213, 1, '33.00', '0.00', '0.21'),
(30696, 3226, 1000237, 2, '34.00', '0.00', '0.21'),
(30697, 3226, 1000009, 1, '9268.00', '0.00', '0.21'),
(30698, 3227, 1000000, 1, '3450.00', '0.00', '0.21'),
(30699, 3227, 1000078, 1, '160.00', '0.00', '0.21'),
(30700, 3227, 1000079, 1, '450.00', '0.00', '0.21'),
(30701, 3227, 1000080, 1, '255.00', '0.00', '0.21'),
(30702, 3227, 1000081, 1, '125.00', '0.00', '0.21'),
(30703, 3227, 1000178, 1, '18.00', '0.00', '0.21'),
(30704, 3227, 1000192, 1, '14.00', '0.00', '0.21'),
(30705, 3227, 1000212, 1, '31.00', '0.00', '0.21'),
(30706, 3227, 1000236, 2, '35.00', '0.00', '0.21'),
(30707, 3228, 1000133, 3, '306.00', '0.00', '0.21'),
(30708, 3229, 1000077, 1, '275.00', '0.00', '0.21'),
(30709, 3229, 1000078, 1, '160.00', '0.00', '0.21'),
(30710, 3229, 1000079, 1, '450.00', '0.00', '0.21'),
(30711, 3229, 1000081, 1, '125.00', '0.00', '0.21'),
(30712, 3229, 1000084, 1, '670.00', '0.00', '0.21'),
(30713, 3229, 1000085, 1, '350.00', '0.00', '0.21'),
(30714, 3229, 1000179, 1, '18.00', '0.00', '0.21'),
(30715, 3229, 1000192, 1, '14.00', '0.00', '0.21'),
(30716, 3229, 1000213, 1, '33.00', '0.00', '0.21'),
(30717, 3229, 1000237, 2, '34.00', '0.00', '0.21'),
(30718, 3229, 1000009, 1, '9971.00', '0.00', '0.21'),
(30719, 3232, 1000141, 5, '306.00', '0.00', '0.21'),
(30720, 3233, 1000134, 2, '279.00', '0.00', '0.21'),
(30721, 3234, 1000135, 1, '324.00', '0.00', '0.21'),
(30722, 3235, 1000131, 1, '315.00', '0.00', '0.21'),
(30723, 3236, 1000077, 1, '275.00', '0.00', '0.21'),
(30724, 3236, 1000078, 1, '160.00', '0.00', '0.21'),
(30725, 3236, 1000079, 1, '450.00', '0.00', '0.21'),
(30726, 3236, 1000081, 1, '125.00', '0.00', '0.21'),
(30727, 3236, 1000084, 1, '670.00', '0.00', '0.21'),
(30728, 3236, 1000085, 1, '350.00', '0.00', '0.21'),
(30729, 3236, 1000179, 1, '18.00', '0.00', '0.21'),
(30730, 3236, 1000192, 1, '14.00', '0.00', '0.21'),
(30731, 3236, 1000213, 1, '33.00', '0.00', '0.21'),
(30732, 3236, 1000237, 2, '34.00', '0.00', '0.21'),
(30733, 3236, 1000068, 1, '8093.00', '0.00', '0.21'),
(30734, 3237, 1000139, 3, '324.00', '0.00', '0.21'),
(30735, 3238, 1000131, 1, '315.00', '0.00', '0.21'),
(30736, 3239, 1000077, 1, '275.00', '0.00', '0.21'),
(30737, 3239, 1000078, 1, '160.00', '0.00', '0.21'),
(30738, 3239, 1000079, 1, '450.00', '0.00', '0.21'),
(30739, 3239, 1000081, 1, '125.00', '0.00', '0.21'),
(30740, 3239, 1000084, 1, '670.00', '0.00', '0.21'),
(30741, 3239, 1000085, 1, '350.00', '0.00', '0.21'),
(30742, 3239, 1000179, 1, '18.00', '0.00', '0.21'),
(30743, 3239, 1000192, 1, '14.00', '0.00', '0.21'),
(30744, 3239, 1000213, 1, '33.00', '0.00', '0.21'),
(30745, 3239, 1000237, 2, '34.00', '0.00', '0.21'),
(30746, 3239, 1000000, 1, '3450.00', '0.00', '0.21'),
(30747, 3240, 1000077, 1, '275.00', '0.00', '0.21'),
(30748, 3240, 1000078, 1, '160.00', '0.00', '0.21'),
(30749, 3240, 1000079, 1, '450.00', '0.00', '0.21'),
(30750, 3240, 1000081, 1, '125.00', '0.00', '0.21'),
(30751, 3240, 1000084, 1, '670.00', '0.00', '0.21'),
(30752, 3240, 1000085, 1, '350.00', '0.00', '0.21'),
(30753, 3240, 1000179, 1, '18.00', '0.00', '0.21'),
(30754, 3240, 1000192, 1, '14.00', '0.00', '0.21'),
(30755, 3240, 1000213, 1, '33.00', '0.00', '0.21'),
(30756, 3240, 1000237, 2, '34.00', '0.00', '0.21'),
(30757, 3240, 1000009, 1, '9268.00', '0.00', '0.21'),
(30758, 3241, 1000139, 5, '324.00', '0.00', '0.21'),
(30759, 3244, 1000144, 1, '315.00', '0.00', '0.21'),
(30760, 3245, 1000077, 1, '275.00', '0.10', '0.21'),
(30761, 3245, 1000078, 1, '160.00', '0.10', '0.21'),
(30762, 3245, 1000079, 1, '450.00', '0.10', '0.21'),
(30763, 3245, 1000081, 1, '125.00', '0.10', '0.21'),
(30764, 3245, 1000084, 1, '670.00', '0.10', '0.21'),
(30765, 3245, 1000085, 1, '350.00', '0.10', '0.21'),
(30766, 3245, 1000179, 1, '18.00', '0.10', '0.21'),
(30767, 3245, 1000192, 1, '14.00', '0.10', '0.21'),
(30768, 3245, 1000213, 1, '33.00', '0.10', '0.21'),
(30769, 3245, 1000237, 2, '34.00', '0.10', '0.21'),
(30770, 3245, 1000000, 1, '3450.00', '0.10', '0.21'),
(30771, 3246, 1000194, 1, '60.00', '0.00', '0.21'),
(30772, 3246, 1000209, 1, '30.00', '0.00', '0.21'),
(30773, 3246, 1000210, 1, '36.00', '0.00', '0.21'),
(30774, 3246, 1000211, 1, '45.00', '0.00', '0.21'),
(30775, 3247, 1000194, 1, '60.00', '0.00', '0.21'),
(30776, 3247, 1000209, 1, '30.00', '0.00', '0.21'),
(30777, 3247, 1000210, 1, '36.00', '0.00', '0.21'),
(30778, 3247, 1000211, 1, '45.00', '0.00', '0.21'),
(30779, 3249, 1000138, 3, '324.00', '0.00', '0.21'),
(30780, 3250, 1000135, 2, '324.00', '0.00', '0.21'),
(30781, 3252, 1000135, 1, '324.00', '0.00', '0.21'),
(30782, 3253, 1000077, 2, '275.00', '0.00', '0.21'),
(30783, 3253, 1000078, 2, '160.00', '0.00', '0.21'),
(30784, 3253, 1000079, 2, '450.00', '0.00', '0.21'),
(30785, 3253, 1000081, 2, '125.00', '0.00', '0.21'),
(30786, 3253, 1000084, 2, '670.00', '0.00', '0.21'),
(30787, 3253, 1000085, 2, '350.00', '0.00', '0.21'),
(30788, 3253, 1000179, 2, '18.00', '0.00', '0.21'),
(30789, 3253, 1000192, 2, '14.00', '0.00', '0.21'),
(30790, 3253, 1000213, 2, '33.00', '0.00', '0.21'),
(30791, 3253, 1000237, 24, '34.00', '0.00', '0.21'),
(30792, 3253, 1000000, 2, '3450.00', '0.00', '0.21'),
(30793, 3254, 1000140, 2, '333.00', '0.00', '0.21'),
(30794, 3255, 1000194, 1, '60.00', '0.00', '0.21'),
(30795, 3255, 1000209, 1, '30.00', '0.00', '0.21'),
(30796, 3255, 1000210, 1, '36.00', '0.00', '0.21'),
(30797, 3255, 1000211, 1, '45.00', '0.00', '0.21'),
(30798, 3256, 1000077, 1, '275.00', '0.00', '0.21'),
(30799, 3256, 1000078, 1, '160.00', '0.00', '0.21'),
(30800, 3256, 1000079, 1, '450.00', '0.00', '0.21'),
(30801, 3256, 1000081, 1, '125.00', '0.00', '0.21'),
(30802, 3256, 1000084, 1, '670.00', '0.00', '0.21'),
(30803, 3256, 1000085, 1, '350.00', '0.00', '0.21'),
(30804, 3256, 1000179, 1, '18.00', '0.00', '0.21'),
(30805, 3256, 1000192, 1, '14.00', '0.00', '0.21'),
(30806, 3256, 1000213, 1, '33.00', '0.00', '0.21'),
(30807, 3256, 1000237, 2, '34.00', '0.00', '0.21'),
(30808, 3256, 1000068, 1, '8093.00', '0.00', '0.21'),
(30809, 3257, 1000143, 5, '306.00', '0.00', '0.21'),
(30810, 3258, 1000134, 1, '279.00', '0.00', '0.21'),
(30811, 3259, 1000133, 3, '306.00', '0.00', '0.21'),
(30812, 3260, 1000133, 2, '306.00', '0.00', '0.21'),
(30813, 3261, 1000136, 5, '324.00', '0.00', '0.21'),
(30814, 3262, 1000077, 2, '275.00', '0.00', '0.21'),
(30815, 3262, 1000078, 2, '160.00', '0.00', '0.21'),
(30816, 3262, 1000079, 2, '450.00', '0.00', '0.21'),
(30817, 3262, 1000081, 2, '125.00', '0.00', '0.21'),
(30818, 3262, 1000084, 2, '670.00', '0.00', '0.21'),
(30819, 3262, 1000085, 2, '350.00', '0.00', '0.21'),
(30820, 3262, 1000179, 2, '18.00', '0.00', '0.21'),
(30821, 3262, 1000192, 2, '14.00', '0.00', '0.21'),
(30822, 3262, 1000213, 2, '33.00', '0.00', '0.21'),
(30823, 3262, 1000237, 4, '34.00', '0.00', '0.21'),
(30824, 3262, 1000000, 1, '3450.00', '0.00', '0.21'),
(30825, 3262, 1000009, 1, '9268.00', '0.00', '0.21'),
(30826, 3263, 1000077, 1, '275.00', '0.00', '0.21'),
(30827, 3263, 1000078, 1, '160.00', '0.00', '0.21'),
(30828, 3263, 1000079, 1, '450.00', '0.00', '0.21'),
(30829, 3263, 1000081, 1, '125.00', '0.00', '0.21'),
(30830, 3263, 1000084, 1, '670.00', '0.00', '0.21'),
(30831, 3263, 1000085, 1, '350.00', '0.00', '0.21'),
(30832, 3263, 1000179, 1, '18.00', '0.00', '0.21'),
(30833, 3263, 1000192, 1, '14.00', '0.00', '0.21'),
(30834, 3263, 1000213, 1, '33.00', '0.00', '0.21'),
(30835, 3263, 1000237, 2, '34.00', '0.00', '0.21'),
(30836, 3263, 1000009, 1, '9268.00', '0.00', '0.21'),
(30837, 3264, 1000144, 4, '315.00', '0.00', '0.21'),
(30838, 3265, 1000132, 2, '306.00', '0.00', '0.21'),
(30839, 3266, 1000113, 2, '175.00', '0.00', '0.21'),
(30840, 3266, 1000128, 3, '10.00', '0.00', '0.21'),
(30841, 3266, 1000129, 5, '12.00', '0.00', '0.21'),
(30842, 3266, 1000130, 3, '15.00', '0.00', '0.21'),
(30843, 3267, 1000077, 1, '275.00', '0.00', '0.21'),
(30844, 3267, 1000078, 1, '160.00', '0.00', '0.21'),
(30845, 3267, 1000079, 1, '450.00', '0.00', '0.21'),
(30846, 3267, 1000081, 1, '125.00', '0.00', '0.21'),
(30847, 3267, 1000084, 1, '670.00', '0.00', '0.21'),
(30848, 3267, 1000085, 1, '350.00', '0.00', '0.21'),
(30849, 3267, 1000179, 1, '18.00', '0.00', '0.21'),
(30850, 3267, 1000192, 1, '14.00', '0.00', '0.21'),
(30851, 3267, 1000213, 1, '33.00', '0.00', '0.21'),
(30852, 3267, 1000237, 2, '34.00', '0.00', '0.21'),
(30853, 3267, 1000010, 1, '9971.00', '0.00', '0.21'),
(30854, 3271, 1000138, 1, '324.00', '0.00', '0.21'),
(30855, 3272, 1000077, 1, '275.00', '0.00', '0.21'),
(30856, 3272, 1000078, 1, '160.00', '0.00', '0.21'),
(30857, 3272, 1000079, 1, '450.00', '0.00', '0.21'),
(30858, 3272, 1000081, 1, '125.00', '0.00', '0.21'),
(30859, 3272, 1000084, 1, '670.00', '0.00', '0.21'),
(30860, 3272, 1000085, 1, '350.00', '0.00', '0.21'),
(30861, 3272, 1000179, 1, '18.00', '0.00', '0.21'),
(30862, 3272, 1000192, 1, '14.00', '0.00', '0.21'),
(30863, 3272, 1000213, 1, '33.00', '0.00', '0.21'),
(30864, 3272, 1000237, 2, '34.00', '0.00', '0.21'),
(30865, 3272, 1000012, 1, '8785.00', '0.00', '0.21'),
(30866, 3273, 1000134, 3, '279.00', '0.00', '0.21'),
(30867, 3274, 1000077, 1, '275.00', '0.00', '0.21'),
(30868, 3274, 1000078, 1, '160.00', '0.00', '0.21'),
(30869, 3274, 1000079, 1, '450.00', '0.00', '0.21'),
(30870, 3274, 1000081, 1, '125.00', '0.00', '0.21'),
(30871, 3274, 1000084, 1, '670.00', '0.00', '0.21'),
(30872, 3274, 1000085, 1, '350.00', '0.00', '0.21'),
(30873, 3274, 1000179, 1, '18.00', '0.00', '0.21'),
(30874, 3274, 1000192, 1, '14.00', '0.00', '0.21'),
(30875, 3274, 1000213, 1, '33.00', '0.00', '0.21'),
(30876, 3274, 1000237, 2, '34.00', '0.00', '0.21'),
(30877, 3274, 1000068, 1, '8093.00', '0.00', '0.21'),
(30878, 3278, 1000068, 1, '8093.00', '0.00', '0.21'),
(30879, 3278, 1000069, 2, '9400.00', '0.00', '0.21'),
(30880, 3278, 1000077, 2, '275.00', '0.00', '0.21'),
(30881, 3278, 1000078, 2, '160.00', '0.00', '0.21'),
(30882, 3278, 1000079, 2, '450.00', '0.00', '0.21'),
(30883, 3278, 1000081, 2, '125.00', '0.00', '0.21'),
(30884, 3278, 1000084, 2, '670.00', '0.00', '0.21'),
(30885, 3278, 1000085, 2, '350.00', '0.00', '0.21'),
(30886, 3278, 1000179, 2, '18.00', '0.00', '0.21'),
(30887, 3278, 1000192, 2, '14.00', '0.00', '0.21'),
(30888, 3278, 1000213, 2, '33.00', '0.00', '0.21'),
(30889, 3278, 1000237, 4, '34.00', '0.00', '0.21'),
(30890, 3279, 1000131, 1, '315.00', '0.00', '0.21'),
(30891, 3281, 1000139, 1, '324.00', '0.00', '0.21'),
(30892, 3282, 1000132, 1, '306.00', '0.00', '0.21'),
(30893, 3282, 1000146, 1, '279.00', '0.00', '0.21'),
(30894, 3282, 1000282, 1, '90.00', '0.00', '0.21'),
(30895, 3282, 1000327, 1, '78.00', '0.00', '0.21'),
(30896, 3283, 1000113, 2, '175.00', '0.00', '0.21'),
(30897, 3283, 1000128, 2, '10.00', '0.00', '0.21'),
(30898, 3283, 1000129, 2, '12.00', '0.00', '0.21'),
(30899, 3283, 1000130, 2, '15.00', '0.00', '0.21'),
(30900, 3284, 1000000, 1, '3450.00', '0.00', '0.21'),
(30901, 3284, 1000078, 1, '160.00', '0.00', '0.21'),
(30902, 3284, 1000079, 1, '450.00', '0.00', '0.21'),
(30903, 3284, 1000080, 1, '255.00', '0.00', '0.21'),
(30904, 3284, 1000081, 1, '125.00', '0.00', '0.21'),
(30905, 3284, 1000178, 1, '18.00', '0.00', '0.21'),
(30906, 3284, 1000192, 1, '14.00', '0.00', '0.21'),
(30907, 3284, 1000212, 1, '31.00', '0.00', '0.21'),
(30908, 3284, 1000236, 2, '35.00', '0.00', '0.21'),
(30909, 3285, 1000135, 3, '324.00', '0.00', '0.21'),
(30910, 3286, 1000134, 1, '279.00', '0.00', '0.21'),
(30911, 3287, 1000077, 1, '275.00', '0.00', '0.21'),
(30912, 3287, 1000078, 1, '160.00', '0.00', '0.21'),
(30913, 3287, 1000079, 1, '450.00', '0.00', '0.21'),
(30914, 3287, 1000081, 1, '125.00', '0.00', '0.21'),
(30915, 3287, 1000084, 1, '670.00', '0.00', '0.21'),
(30916, 3287, 1000085, 1, '350.00', '0.00', '0.21'),
(30917, 3287, 1000179, 1, '18.00', '0.00', '0.21'),
(30918, 3287, 1000192, 1, '14.00', '0.00', '0.21'),
(30919, 3287, 1000213, 1, '33.00', '0.00', '0.21'),
(30920, 3287, 1000237, 2, '34.00', '0.00', '0.21'),
(30921, 3287, 1000068, 1, '8093.00', '0.00', '0.21'),
(30922, 3288, 1000077, 1, '275.00', '0.00', '0.21'),
(30923, 3288, 1000078, 1, '160.00', '0.00', '0.21'),
(30924, 3288, 1000079, 1, '450.00', '0.00', '0.21'),
(30925, 3288, 1000081, 1, '125.00', '0.00', '0.21'),
(30926, 3288, 1000084, 1, '670.00', '0.00', '0.21'),
(30927, 3288, 1000085, 1, '350.00', '0.00', '0.21'),
(30928, 3288, 1000179, 1, '18.00', '0.00', '0.21'),
(30929, 3288, 1000192, 1, '14.00', '0.00', '0.21'),
(30930, 3288, 1000213, 1, '33.00', '0.00', '0.21'),
(30931, 3288, 1000237, 2, '34.00', '0.00', '0.21'),
(30932, 3289, 1000131, 2, '315.00', '0.00', '0.21'),
(30933, 3291, 1000131, 1, '315.00', '0.00', '0.21'),
(30934, 3291, 1000145, 1, '288.00', '0.00', '0.21'),
(30935, 3291, 1000281, 1, '120.00', '0.00', '0.21'),
(30936, 3291, 1000327, 1, '78.00', '0.00', '0.21'),
(30937, 3292, 1000135, 5, '324.00', '0.00', '0.21'),
(30938, 3293, 1000077, 1, '275.00', '0.00', '0.21'),
(30939, 3293, 1000078, 1, '160.00', '0.00', '0.21'),
(30940, 3293, 1000079, 1, '450.00', '0.00', '0.21'),
(30941, 3293, 1000081, 1, '125.00', '0.00', '0.21'),
(30942, 3293, 1000084, 1, '670.00', '0.00', '0.21'),
(30943, 3293, 1000085, 1, '350.00', '0.00', '0.21'),
(30944, 3293, 1000179, 1, '18.00', '0.00', '0.21'),
(30945, 3293, 1000192, 1, '14.00', '0.00', '0.21'),
(30946, 3293, 1000213, 1, '33.00', '0.00', '0.21'),
(30947, 3293, 1000237, 2, '34.00', '0.00', '0.21'),
(30948, 3293, 1000009, 1, '9268.00', '0.00', '0.21'),
(30949, 3294, 1000132, 3, '306.00', '0.00', '0.21'),
(30950, 3296, 1000077, 1, '275.00', '0.00', '0.21'),
(30951, 3296, 1000078, 1, '160.00', '0.00', '0.21'),
(30952, 3296, 1000079, 1, '450.00', '0.00', '0.21'),
(30953, 3296, 1000081, 1, '125.00', '0.00', '0.21'),
(30954, 3296, 1000084, 1, '670.00', '0.00', '0.21'),
(30955, 3296, 1000085, 1, '350.00', '0.00', '0.21'),
(30956, 3296, 1000179, 1, '18.00', '0.00', '0.21'),
(30957, 3296, 1000192, 1, '14.00', '0.00', '0.21'),
(30958, 3296, 1000213, 1, '33.00', '0.00', '0.21'),
(30959, 3296, 1000237, 2, '34.00', '0.00', '0.21'),
(30960, 3296, 1000068, 1, '8093.00', '0.00', '0.21'),
(30961, 3297, 1000139, 3, '324.00', '0.00', '0.21'),
(30962, 3298, 1000136, 3, '324.00', '0.00', '0.21'),
(30963, 3299, 1000131, 2, '315.00', '0.00', '0.21'),
(30964, 3300, 1000134, 1, '279.00', '0.00', '0.21'),
(30965, 3301, 1000077, 1, '275.00', '0.00', '0.21'),
(30966, 3301, 1000078, 1, '160.00', '0.00', '0.21'),
(30967, 3301, 1000079, 1, '450.00', '0.00', '0.21'),
(30968, 3301, 1000081, 1, '125.00', '0.00', '0.21'),
(30969, 3301, 1000084, 1, '670.00', '0.00', '0.21'),
(30970, 3301, 1000085, 1, '350.00', '0.00', '0.21'),
(30971, 3301, 1000179, 1, '18.00', '0.00', '0.21'),
(30972, 3301, 1000192, 1, '14.00', '0.00', '0.21'),
(30973, 3301, 1000213, 1, '33.00', '0.00', '0.21'),
(30974, 3301, 1000237, 2, '34.00', '0.00', '0.21'),
(30975, 3301, 1000000, 1, '3450.00', '0.00', '0.21');
INSERT INTO `lineas_de_pedido` (`linea_de_pedido_id`, `pedido_id`, `lista_de_precios_id`, `unidades`, `precio_unitario`, `descuento`, `porcentaje_iva`) VALUES
(30976, 3302, 1000138, 1, '324.00', '0.00', '0.21'),
(30977, 3303, 1000077, 1, '275.00', '0.00', '0.21'),
(30978, 3303, 1000078, 1, '160.00', '0.00', '0.21'),
(30979, 3303, 1000079, 1, '450.00', '0.00', '0.21'),
(30980, 3303, 1000081, 1, '125.00', '0.00', '0.21'),
(30981, 3303, 1000084, 1, '670.00', '0.00', '0.21'),
(30982, 3303, 1000085, 1, '350.00', '0.00', '0.21'),
(30983, 3303, 1000179, 1, '18.00', '0.00', '0.21'),
(30984, 3303, 1000192, 1, '14.00', '0.00', '0.21'),
(30985, 3303, 1000213, 1, '33.00', '0.00', '0.21'),
(30986, 3303, 1000237, 2, '34.00', '0.00', '0.21'),
(30987, 3303, 1000010, 1, '9971.00', '0.00', '0.21'),
(30988, 3304, 1000137, 3, '324.00', '0.00', '0.21'),
(30989, 3305, 1000077, 1, '275.00', '0.00', '0.21'),
(30990, 3305, 1000078, 1, '160.00', '0.00', '0.21'),
(30991, 3305, 1000079, 1, '450.00', '0.00', '0.21'),
(30992, 3305, 1000081, 1, '125.00', '0.00', '0.21'),
(30993, 3305, 1000084, 1, '670.00', '0.00', '0.21'),
(30994, 3305, 1000085, 1, '350.00', '0.00', '0.21'),
(30995, 3305, 1000179, 1, '18.00', '0.00', '0.21'),
(30996, 3305, 1000192, 1, '14.00', '0.00', '0.21'),
(30997, 3305, 1000213, 1, '33.00', '0.00', '0.21'),
(30998, 3305, 1000237, 2, '34.00', '0.00', '0.21'),
(30999, 3305, 1000009, 1, '9971.00', '0.00', '0.21'),
(31000, 3306, 1000135, 2, '324.00', '0.00', '0.21'),
(31001, 3307, 1000000, 1, '3450.00', '0.00', '0.21'),
(31002, 3307, 1000078, 1, '160.00', '0.00', '0.21'),
(31003, 3307, 1000079, 1, '450.00', '0.00', '0.21'),
(31004, 3307, 1000080, 1, '255.00', '0.00', '0.21'),
(31005, 3307, 1000081, 1, '125.00', '0.00', '0.21'),
(31006, 3307, 1000178, 1, '18.00', '0.00', '0.21'),
(31007, 3307, 1000192, 1, '14.00', '0.00', '0.21'),
(31008, 3307, 1000212, 1, '31.00', '0.00', '0.21'),
(31009, 3307, 1000236, 2, '35.00', '0.00', '0.21'),
(31010, 3308, 1000144, 5, '315.00', '0.00', '0.21'),
(31011, 3310, 1000140, 2, '333.00', '0.00', '0.21'),
(31012, 3311, 1000140, 2, '333.00', '0.00', '0.21'),
(31013, 3312, 1000142, 2, '306.00', '0.00', '0.21'),
(31014, 3313, 1000137, 2, '324.00', '0.00', '0.21'),
(31015, 3315, 1000194, 4, '60.00', '0.00', '0.21'),
(31016, 3315, 1000209, 4, '30.00', '0.00', '0.21'),
(31017, 3315, 1000210, 4, '36.00', '0.00', '0.21'),
(31018, 3315, 1000211, 4, '45.00', '0.00', '0.21');

-- --------------------------------------------------------

--
-- Estructura de tabla para la tabla `listas_de_precios`
--

CREATE TABLE `listas_de_precios` (
  `lista_de_precios_id` int(11) NOT NULL,
  `producto_id` int(11) DEFAULT NULL,
  `formato_id` int(11) DEFAULT NULL,
  `precio_unitario` decimal(8,2) DEFAULT NULL,
  `fecha_inicio` date DEFAULT NULL,
  `fecha_fin` date DEFAULT NULL
) ENGINE=InnoDB DEFAULT CHARSET=utf8mb4 COLLATE=utf8mb4_spanish_ci;

--
-- Volcado de datos para la tabla `listas_de_precios`
--

INSERT INTO `listas_de_precios` (`lista_de_precios_id`, `producto_id`, `formato_id`, `precio_unitario`, `fecha_inicio`, `fecha_fin`) VALUES
(999999, 580250, 10402, '0.00', '2018-01-01', '2030-12-31'),
(1000000, 580252, 10402, '3450.00', '2018-01-01', '2018-12-31'),
(1000001, 580253, 10402, '9953.00', '2018-01-01', '2018-12-31'),
(1000002, 580254, 10402, '8909.00', '2018-01-01', '2018-12-31'),
(1000003, 580255, 10402, '11945.00', '2018-01-01', '2018-12-31'),
(1000004, 580256, 10402, '9182.00', '2018-01-01', '2018-12-31'),
(1000005, 580257, 10402, '7926.00', '2018-01-01', '2018-12-31'),
(1000006, 580258, 10402, '8452.00', '2018-01-01', '2018-12-31'),
(1000007, 580259, 10402, '8144.00', '2018-01-01', '2018-12-31'),
(1000008, 580260, 10402, '7567.00', '2018-01-01', '2018-12-31'),
(1000009, 580261, 10402, '9268.00', '2018-01-01', '2018-12-31'),
(1000010, 580262, 10402, '9971.00', '2018-01-01', '2018-12-31'),
(1000011, 580263, 10402, '8529.00', '2018-01-01', '2018-12-31'),
(1000012, 580264, 10402, '8785.00', '2018-01-01', '2018-12-31'),
(1000013, 580265, 10402, '5834.00', '2018-01-01', '2018-12-31'),
(1000014, 580266, 10402, '6378.00', '2018-01-01', '2018-12-31'),
(1000015, 580267, 10402, '5671.00', '2018-01-01', '2018-12-31'),
(1000016, 580268, 10402, '5698.00', '2018-01-01', '2018-12-31'),
(1000017, 580269, 10402, '800.00', '2018-01-01', '2018-12-31'),
(1000018, 580270, 10402, '1020.00', '2018-01-01', '2018-12-31'),
(1000019, 580271, 10402, '1500.00', '2018-01-01', '2018-12-31'),
(1000020, 580272, 10402, '1500.00', '2018-01-01', '2018-12-31'),
(1000021, 580273, 10402, '3365.00', '2018-01-01', '2018-12-31'),
(1000022, 580274, 10402, '4204.00', '2018-01-01', '2018-12-31'),
(1000023, 580275, 10402, '3395.00', '2018-01-01', '2018-12-31'),
(1000024, 580276, 10402, '3436.00', '2018-01-01', '2018-12-31'),
(1000025, 580277, 10402, '600.00', '2018-01-01', '2018-12-31'),
(1000026, 580278, 10402, '800.00', '2018-01-01', '2018-12-31'),
(1000027, 580279, 10402, '1020.00', '2018-01-01', '2018-12-31'),
(1000028, 580280, 10402, '1020.00', '2018-01-01', '2018-12-31'),
(1000029, 580281, 10402, '6714.00', '2018-01-01', '2018-12-31'),
(1000030, 580282, 10402, '5006.00', '2018-01-01', '2018-12-31'),
(1000031, 580283, 10402, '6980.00', '2018-01-01', '2018-12-31'),
(1000032, 580284, 10402, '5092.00', '2018-01-01', '2018-12-31'),
(1000033, 580285, 10402, '7546.00', '2018-01-01', '2018-12-31'),
(1000034, 580286, 10402, '6705.00', '2018-01-01', '2018-12-31'),
(1000035, 580287, 10402, '8127.00', '2018-01-01', '2018-12-31'),
(1000036, 580288, 10402, '9467.00', '2018-01-01', '2018-12-31'),
(1000037, 580289, 10402, '7886.00', '2018-01-01', '2018-12-31'),
(1000038, 580290, 10402, '7409.00', '2018-01-01', '2018-12-31'),
(1000039, 580291, 10402, '8335.00', '2018-01-01', '2018-12-31'),
(1000040, 580292, 10402, '7434.00', '2018-01-01', '2018-12-31'),
(1000041, 580293, 10402, '5860.00', '2018-01-01', '2018-12-31'),
(1000042, 580294, 10402, '5359.00', '2018-01-01', '2018-12-31'),
(1000043, 580295, 10402, '5643.00', '2018-01-01', '2018-12-31'),
(1000044, 580296, 10402, '5300.00', '2018-01-01', '2018-12-31'),
(1000045, 580297, 10402, '14525.00', '2018-01-01', '2018-12-31'),
(1000046, 580298, 10402, '12249.00', '2018-01-01', '2018-12-31'),
(1000047, 580299, 10402, '10135.00', '2018-01-01', '2018-12-31'),
(1000048, 580300, 10402, '12228.00', '2018-01-01', '2018-12-31'),
(1000049, 580301, 10402, '3445.00', '2018-01-01', '2018-12-31'),
(1000050, 580302, 10402, '3231.00', '2018-01-01', '2018-12-31'),
(1000051, 580303, 10402, '3962.00', '2018-01-01', '2018-12-31'),
(1000052, 580304, 10402, '3080.00', '2018-01-01', '2018-12-31'),
(1000053, 580305, 10402, '4790.00', '2018-01-01', '2018-12-31'),
(1000054, 580306, 10402, '3681.00', '2018-01-01', '2018-12-31'),
(1000055, 580307, 10402, '4012.00', '2018-01-01', '2018-12-31'),
(1000056, 580308, 10402, '4443.00', '2018-01-01', '2018-12-31'),
(1000057, 580309, 10402, '4588.00', '2018-01-01', '2018-12-31'),
(1000058, 580311, 10402, '3859.00', '2018-01-01', '2018-12-31'),
(1000059, 580312, 10402, '4530.00', '2018-01-01', '2018-12-31'),
(1000060, 580420, 10402, '4113.00', '2018-01-01', '2018-12-31'),
(1000061, 580421, 10402, '3923.00', '2018-01-01', '2018-12-31'),
(1000062, 580422, 10402, '3791.00', '2018-01-01', '2018-12-31'),
(1000063, 580423, 10402, '4580.00', '2018-01-01', '2018-12-31'),
(1000064, 580424, 10402, '3580.00', '2018-01-01', '2018-12-31'),
(1000065, 580459, 10402, '1200.00', '2018-01-01', '2018-12-31'),
(1000066, 580460, 10402, '800.00', '2018-01-01', '2018-12-31'),
(1000067, 580462, 10402, '1200.00', '2018-01-01', '2018-12-31'),
(1000068, 580493, 10402, '8093.00', '2018-01-01', '2018-12-31'),
(1000069, 580494, 10402, '9400.00', '2018-01-01', '2018-12-31'),
(1000070, 580495, 10402, '7829.00', '2018-01-01', '2018-12-31'),
(1000071, 580496, 10402, '8305.00', '2018-01-01', '2018-12-31'),
(1000072, 580497, 10402, '7488.00', '2018-01-01', '2018-12-31'),
(1000073, 580498, 10402, '7509.00', '2018-01-01', '2018-12-31'),
(1000074, 580499, 10402, '6197.00', '2018-01-01', '2018-12-31'),
(1000075, 580500, 10402, '7296.00', '2018-01-01', '2018-12-31'),
(1000076, 580545, 10402, '350.00', '2018-01-01', '2018-12-31'),
(1000077, 580568, 10402, '275.00', '2018-01-01', '2018-12-31'),
(1000078, 580575, 10402, '160.00', '2018-01-01', '2018-12-31'),
(1000079, 580576, 10402, '450.00', '2018-01-01', '2018-12-31'),
(1000080, 580583, 10402, '255.00', '2018-01-01', '2018-12-31'),
(1000081, 580585, 10402, '125.00', '2018-01-01', '2018-12-31'),
(1000082, 580589, 10402, '150.00', '2018-01-01', '2018-12-31'),
(1000083, 580590, 10402, '750.00', '2018-01-01', '2018-12-31'),
(1000084, 580593, 10402, '670.00', '2018-01-01', '2018-12-31'),
(1000085, 580599, 10402, '350.00', '2018-01-01', '2018-12-31'),
(1000086, 580600, 10402, '4534.00', '2018-01-01', '2018-12-31'),
(1000087, 580601, 10402, '3111.00', '2018-01-01', '2018-12-31'),
(1000088, 580602, 10402, '4000.00', '2018-01-01', '2018-12-31'),
(1000089, 580603, 10402, '5000.00', '2018-01-01', '2018-12-31'),
(1000090, 580604, 10402, '4000.00', '2018-01-01', '2018-12-31'),
(1000091, 580638, 10402, '600.00', '2018-01-01', '2018-12-31'),
(1000092, 580639, 10402, '1250.00', '2018-01-01', '2018-12-31'),
(1000093, 580640, 10402, '850.00', '2018-01-01', '2018-12-31'),
(1000094, 580641, 10402, '600.00', '2018-01-01', '2018-12-31'),
(1000095, 580642, 10402, '1250.00', '2018-01-01', '2018-12-31'),
(1000096, 580643, 10402, '400.00', '2018-01-01', '2018-12-31'),
(1000097, 580644, 10402, '350.00', '2018-01-01', '2018-12-31'),
(1000098, 580645, 10402, '650.00', '2018-01-01', '2018-12-31'),
(1000099, 580646, 10402, '2450.00', '2018-01-01', '2018-12-31'),
(1000100, 580647, 10402, '3000.00', '2018-01-01', '2018-12-31'),
(1000101, 580648, 10402, '400.00', '2018-01-01', '2018-12-31'),
(1000102, 580649, 10402, '350.00', '2018-01-01', '2018-12-31'),
(1000103, 580650, 10402, '650.00', '2018-01-01', '2018-12-31'),
(1000104, 580651, 10402, '400.00', '2018-01-01', '2018-12-31'),
(1000105, 580652, 10402, '350.00', '2018-01-01', '2018-12-31'),
(1000106, 580653, 10402, '650.00', '2018-01-01', '2018-12-31'),
(1000107, 580663, 10402, '2500.00', '2018-01-01', '2018-12-31'),
(1000108, 580664, 10402, '2900.00', '2018-01-01', '2018-12-31'),
(1000109, 580665, 10402, '3500.00', '2018-01-01', '2018-12-31'),
(1000110, 580666, 10402, '4000.00', '2018-01-01', '2018-12-31'),
(1000111, 580667, 10402, '4500.00', '2018-01-01', '2018-12-31'),
(1000112, 580668, 10402, '5000.00', '2018-01-01', '2018-12-31'),
(1000113, 580367, 10404, '175.00', '2018-01-01', '2018-12-31'),
(1000114, 580457, 10404, '120.00', '2018-01-01', '2018-12-31'),
(1000115, 580452, 10404, '135.00', '2018-01-01', '2018-12-31'),
(1000116, 580453, 10404, '115.00', '2018-01-01', '2018-12-31'),
(1000117, 580456, 10404, '90.00', '2018-01-01', '2018-12-31'),
(1000118, 580448, 10404, '155.00', '2018-01-01', '2018-12-31'),
(1000119, 580444, 10404, '130.00', '2018-01-01', '2018-12-31'),
(1000120, 580449, 10404, '120.00', '2018-01-01', '2018-12-31'),
(1000121, 580445, 10404, '160.00', '2018-01-01', '2018-12-31'),
(1000122, 580450, 10404, '130.00', '2018-01-01', '2018-12-31'),
(1000123, 580446, 10404, '105.00', '2018-01-01', '2018-12-31'),
(1000124, 580451, 10404, '155.00', '2018-01-01', '2018-12-31'),
(1000125, 580447, 10404, '95.00', '2018-01-01', '2018-12-31'),
(1000126, 580454, 10404, '110.00', '2018-01-01', '2018-12-31'),
(1000127, 580455, 10404, '125.00', '2018-01-01', '2018-12-31'),
(1000128, 580376, 10402, '10.00', '2018-01-01', '2018-12-31'),
(1000129, 580377, 10402, '12.00', '2018-01-01', '2018-12-31'),
(1000130, 580378, 10402, '15.00', '2018-01-01', '2018-12-31'),
(1000131, 580321, 10409, '315.00', '2018-01-01', '2018-12-31'),
(1000132, 580322, 10409, '306.00', '2018-01-01', '2018-12-31'),
(1000133, 580323, 10409, '306.00', '2018-01-01', '2018-12-31'),
(1000134, 580324, 10409, '279.00', '2018-01-01', '2018-12-31'),
(1000135, 580325, 10409, '324.00', '2018-01-01', '2018-12-31'),
(1000136, 580326, 10409, '324.00', '2018-01-01', '2018-12-31'),
(1000137, 580327, 10409, '324.00', '2018-01-01', '2018-12-31'),
(1000138, 580328, 10409, '324.00', '2018-01-01', '2018-12-31'),
(1000139, 580329, 10409, '324.00', '2018-01-01', '2018-12-31'),
(1000140, 580330, 10409, '333.00', '2018-01-01', '2018-12-31'),
(1000141, 580331, 10409, '306.00', '2018-01-01', '2018-12-31'),
(1000142, 580332, 10409, '306.00', '2018-01-01', '2018-12-31'),
(1000143, 580333, 10409, '306.00', '2018-01-01', '2018-12-31'),
(1000144, 580334, 10409, '315.00', '2018-01-01', '2018-12-31'),
(1000145, 580335, 10409, '288.00', '2018-01-01', '2018-12-31'),
(1000146, 580336, 10409, '279.00', '2018-01-01', '2018-12-31'),
(1000147, 580337, 10409, '306.00', '2018-01-01', '2018-12-31'),
(1000148, 580338, 10409, '333.00', '2018-01-01', '2018-12-31'),
(1000149, 580339, 10409, '297.00', '2018-01-01', '2018-12-31'),
(1000150, 580340, 10409, '333.00', '2018-01-01', '2018-12-31'),
(1000151, 580341, 10409, '306.00', '2018-01-01', '2018-12-31'),
(1000152, 580342, 10409, '315.00', '2018-01-01', '2018-12-31'),
(1000153, 580343, 10409, '288.00', '2018-01-01', '2018-12-31'),
(1000154, 580344, 10409, '315.00', '2018-01-01', '2018-12-31'),
(1000155, 580345, 10409, '333.00', '2018-01-01', '2018-12-31'),
(1000156, 580346, 10409, '315.00', '2018-01-01', '2018-12-31'),
(1000157, 580347, 10409, '270.00', '2018-01-01', '2018-12-31'),
(1000158, 580348, 10409, '333.00', '2018-01-01', '2018-12-31'),
(1000159, 580426, 10406, '2295.00', '2018-01-01', '2018-12-31'),
(1000160, 580429, 10406, '1899.00', '2018-01-01', '2018-12-31'),
(1000161, 580425, 10406, '2091.00', '2018-01-01', '2018-12-31'),
(1000162, 580428, 10406, '2154.00', '2018-01-01', '2018-12-31'),
(1000163, 580427, 10406, '2256.00', '2018-01-01', '2018-12-31'),
(1000164, 580442, 10404, '125.00', '2018-01-01', '2018-12-31'),
(1000165, 580434, 10404, '140.00', '2018-01-01', '2018-12-31'),
(1000166, 580430, 10404, '120.00', '2018-01-01', '2018-12-31'),
(1000167, 580435, 10404, '105.00', '2018-01-01', '2018-12-31'),
(1000168, 580431, 10404, '125.00', '2018-01-01', '2018-12-31'),
(1000169, 580436, 10404, '145.00', '2018-01-01', '2018-12-31'),
(1000170, 580432, 10404, '145.00', '2018-01-01', '2018-12-31'),
(1000171, 580437, 10404, '100.00', '2018-01-01', '2018-12-31'),
(1000172, 580433, 10404, '95.00', '2018-01-01', '2018-12-31'),
(1000173, 580440, 10404, '90.00', '2018-01-01', '2018-12-31'),
(1000174, 580441, 10404, '150.00', '2018-01-01', '2018-12-31'),
(1000175, 580443, 10404, '105.00', '2018-01-01', '2018-12-31'),
(1000176, 580438, 10404, '120.00', '2018-01-01', '2018-12-31'),
(1000177, 580439, 10404, '115.00', '2018-01-01', '2018-12-31'),
(1000178, 580349, 10401, '18.00', '2018-01-01', '2018-12-31'),
(1000179, 580350, 10401, '18.00', '2018-01-01', '2018-12-31'),
(1000180, 580351, 10401, '16.00', '2018-01-01', '2018-12-31'),
(1000181, 580352, 10401, '16.00', '2018-01-01', '2018-12-31'),
(1000182, 580353, 10401, '15.00', '2018-01-01', '2018-12-31'),
(1000183, 580354, 10401, '18.00', '2018-01-01', '2018-12-31'),
(1000184, 580355, 10401, '20.00', '2018-01-01', '2018-12-31'),
(1000185, 580356, 10401, '15.00', '2018-01-01', '2018-12-31'),
(1000186, 580357, 10401, '17.00', '2018-01-01', '2018-12-31'),
(1000187, 580358, 10401, '16.00', '2018-01-01', '2018-12-31'),
(1000188, 580359, 10401, '16.00', '2018-01-01', '2018-12-31'),
(1000189, 580360, 10401, '19.00', '2018-01-01', '2018-12-31'),
(1000190, 580361, 10401, '16.00', '2018-01-01', '2018-12-31'),
(1000191, 580362, 10401, '15.00', '2018-01-01', '2018-12-31'),
(1000192, 580363, 10401, '14.00', '2018-01-01', '2018-12-31'),
(1000193, 580364, 10401, '14.00', '2018-01-01', '2018-12-31'),
(1000194, 580547, 10414, '60.00', '2018-01-01', '2018-12-31'),
(1000195, 580637, 10405, '280.00', '2018-01-01', '2018-12-31'),
(1000196, 580632, 10405, '320.00', '2018-01-01', '2018-12-31'),
(1000197, 580633, 10405, '290.00', '2018-01-01', '2018-12-31'),
(1000198, 580636, 10405, '280.00', '2018-01-01', '2018-12-31'),
(1000199, 580628, 10405, '210.00', '2018-01-01', '2018-12-31'),
(1000200, 580624, 10405, '290.00', '2018-01-01', '2018-12-31'),
(1000201, 580629, 10405, '240.00', '2018-01-01', '2018-12-31'),
(1000202, 580625, 10405, '180.00', '2018-01-01', '2018-12-31'),
(1000203, 580630, 10405, '320.00', '2018-01-01', '2018-12-31'),
(1000204, 580626, 10405, '220.00', '2018-01-01', '2018-12-31'),
(1000205, 580631, 10405, '240.00', '2018-01-01', '2018-12-31'),
(1000206, 580627, 10405, '220.00', '2018-01-01', '2018-12-31'),
(1000207, 580634, 10405, '290.00', '2018-01-01', '2018-12-31'),
(1000208, 580635, 10405, '320.00', '2018-01-01', '2018-12-31'),
(1000209, 580556, 10406, '30.00', '2018-01-01', '2018-12-31'),
(1000210, 580557, 10406, '36.00', '2018-01-01', '2018-12-31'),
(1000211, 580558, 10406, '45.00', '2018-01-01', '2018-12-31'),
(1000212, 580501, 10415, '31.00', '2018-01-01', '2018-12-31'),
(1000213, 580502, 10415, '33.00', '2018-01-01', '2018-12-31'),
(1000214, 580503, 10415, '31.00', '2018-01-01', '2018-12-31'),
(1000215, 580504, 10415, '30.00', '2018-01-01', '2018-12-31'),
(1000216, 580505, 10415, '30.00', '2018-01-01', '2018-12-31'),
(1000217, 580506, 10415, '36.00', '2018-01-01', '2018-12-31'),
(1000218, 580507, 10415, '30.00', '2018-01-01', '2018-12-31'),
(1000219, 580508, 10415, '36.00', '2018-01-01', '2018-12-31'),
(1000220, 580509, 10415, '36.00', '2018-01-01', '2018-12-31'),
(1000221, 580510, 10415, '34.00', '2018-01-01', '2018-12-31'),
(1000222, 580511, 10415, '34.00', '2018-01-01', '2018-12-31'),
(1000223, 580512, 10415, '36.00', '2018-01-01', '2018-12-31'),
(1000224, 580513, 10415, '30.00', '2018-01-01', '2018-12-31'),
(1000225, 580514, 10415, '33.00', '2018-01-01', '2018-12-31'),
(1000226, 580483, 10404, '155.00', '2018-01-01', '2018-12-31'),
(1000227, 580484, 10404, '155.00', '2018-01-01', '2018-12-31'),
(1000228, 580485, 10404, '145.00', '2018-01-01', '2018-12-31'),
(1000229, 580486, 10404, '165.00', '2018-01-01', '2018-12-31'),
(1000230, 580487, 10404, '115.00', '2018-01-01', '2018-12-31'),
(1000231, 580488, 10404, '165.00', '2018-01-01', '2018-12-31'),
(1000232, 580489, 10404, '95.00', '2018-01-01', '2018-12-31'),
(1000233, 580490, 10404, '90.00', '2018-01-01', '2018-12-31'),
(1000234, 580491, 10404, '120.00', '2018-01-01', '2018-12-31'),
(1000235, 580492, 10404, '100.00', '2018-01-01', '2018-12-31'),
(1000236, 580515, 10401, '35.00', '2018-01-01', '2018-12-31'),
(1000237, 580516, 10401, '34.00', '2018-01-01', '2018-12-31'),
(1000238, 580517, 10401, '37.00', '2018-01-01', '2018-12-31'),
(1000239, 580518, 10401, '37.00', '2018-01-01', '2018-12-31'),
(1000240, 580519, 10401, '32.00', '2018-01-01', '2018-12-31'),
(1000241, 580520, 10401, '34.00', '2018-01-01', '2018-12-31'),
(1000242, 580521, 10401, '35.00', '2018-01-01', '2018-12-31'),
(1000243, 580522, 10401, '37.00', '2018-01-01', '2018-12-31'),
(1000244, 580523, 10401, '31.00', '2018-01-01', '2018-12-31'),
(1000245, 580524, 10401, '34.00', '2018-01-01', '2018-12-31'),
(1000246, 580525, 10401, '30.00', '2018-01-01', '2018-12-31'),
(1000247, 580526, 10401, '35.00', '2018-01-01', '2018-12-31'),
(1000248, 580527, 10401, '32.00', '2018-01-01', '2018-12-31'),
(1000249, 580528, 10401, '31.00', '2018-01-01', '2018-12-31'),
(1000250, 580606, 10406, '1881.00', '2018-01-01', '2018-12-31'),
(1000251, 580609, 10406, '2250.00', '2018-01-01', '2018-12-31'),
(1000252, 580605, 10406, '1818.00', '2018-01-01', '2018-12-31'),
(1000253, 580608, 10406, '2163.00', '2018-01-01', '2018-12-31'),
(1000254, 580607, 10406, '2388.00', '2018-01-01', '2018-12-31'),
(1000255, 580622, 10405, '320.00', '2018-01-01', '2018-12-31'),
(1000256, 580614, 10405, '310.00', '2018-01-01', '2018-12-31'),
(1000257, 580610, 10405, '270.00', '2018-01-01', '2018-12-31'),
(1000258, 580615, 10405, '230.00', '2018-01-01', '2018-12-31'),
(1000259, 580611, 10405, '320.00', '2018-01-01', '2018-12-31'),
(1000260, 580616, 10405, '300.00', '2018-01-01', '2018-12-31'),
(1000261, 580612, 10405, '190.00', '2018-01-01', '2018-12-31'),
(1000262, 580617, 10405, '260.00', '2018-01-01', '2018-12-31'),
(1000263, 580613, 10405, '320.00', '2018-01-01', '2018-12-31'),
(1000264, 580620, 10405, '210.00', '2018-01-01', '2018-12-31'),
(1000265, 580621, 10405, '230.00', '2018-01-01', '2018-12-31'),
(1000266, 580623, 10405, '200.00', '2018-01-01', '2018-12-31'),
(1000267, 580618, 10405, '240.00', '2018-01-01', '2018-12-31'),
(1000268, 580619, 10405, '230.00', '2018-01-01', '2018-12-31'),
(1000269, 580669, 10406, '2091.00', '2018-01-01', '2018-12-31'),
(1000270, 580670, 10406, '1878.00', '2018-01-01', '2018-12-31'),
(1000271, 580671, 10406, '1806.00', '2018-01-01', '2018-12-31'),
(1000272, 580672, 10406, '1950.00', '2018-01-01', '2018-12-31'),
(1000273, 580673, 10406, '2199.00', '2018-01-01', '2018-12-31'),
(1000274, 580674, 10406, '2394.00', '2018-01-01', '2018-12-31'),
(1000275, 580675, 10406, '1980.00', '2018-01-01', '2018-12-31'),
(1000276, 580676, 10406, '2397.00', '2018-01-01', '2018-12-31'),
(1000277, 580677, 10406, '2319.00', '2018-01-01', '2018-12-31'),
(1000278, 580678, 10406, '1971.00', '2018-01-01', '2018-12-31'),
(1000279, 580679, 10406, '2187.00', '2018-01-01', '2018-12-31'),
(1000280, 580680, 10406, '2277.00', '2018-01-01', '2018-12-31'),
(1000281, 580529, 10400, '120.00', '2018-01-01', '2018-12-31'),
(1000282, 580530, 10400, '90.00', '2018-01-01', '2018-12-31'),
(1000283, 580531, 10400, '120.00', '2018-01-01', '2018-12-31'),
(1000284, 580532, 10400, '96.00', '2018-01-01', '2018-12-31'),
(1000285, 580533, 10400, '96.00', '2018-01-01', '2018-12-31'),
(1000286, 580534, 10400, '108.00', '2018-01-01', '2018-12-31'),
(1000287, 580535, 10400, '120.00', '2018-01-01', '2018-12-31'),
(1000288, 580536, 10400, '102.00', '2018-01-01', '2018-12-31'),
(1000289, 580537, 10400, '102.00', '2018-01-01', '2018-12-31'),
(1000290, 580538, 10400, '102.00', '2018-01-01', '2018-12-31'),
(1000291, 580539, 10400, '120.00', '2018-01-01', '2018-12-31'),
(1000292, 580540, 10400, '120.00', '2018-01-01', '2018-12-31'),
(1000293, 580541, 10400, '96.00', '2018-01-01', '2018-12-31'),
(1000294, 580542, 10400, '120.00', '2018-01-01', '2018-12-31'),
(1000295, 580763, 10404, '120.00', '2018-01-01', '2018-12-31'),
(1000296, 580753, 10404, '120.00', '2018-01-01', '2018-12-31'),
(1000297, 580761, 10404, '140.00', '2018-01-01', '2018-12-31'),
(1000298, 580758, 10404, '165.00', '2018-01-01', '2018-12-31'),
(1000299, 580755, 10404, '130.00', '2018-01-01', '2018-12-31'),
(1000300, 580757, 10404, '120.00', '2018-01-01', '2018-12-31'),
(1000301, 580765, 10404, '155.00', '2018-01-01', '2018-12-31'),
(1000302, 580751, 10404, '95.00', '2018-01-01', '2018-12-31'),
(1000303, 580754, 10404, '140.00', '2018-01-01', '2018-12-31'),
(1000304, 580756, 10404, '155.00', '2018-01-01', '2018-12-31'),
(1000305, 580762, 10404, '140.00', '2018-01-01', '2018-12-31'),
(1000306, 580759, 10404, '90.00', '2018-01-01', '2018-12-31'),
(1000307, 580764, 10404, '95.00', '2018-01-01', '2018-12-31'),
(1000308, 580752, 10404, '120.00', '2018-01-01', '2018-12-31'),
(1000309, 580760, 10404, '155.00', '2018-01-01', '2018-12-31'),
(1000310, 580766, 10404, '120.00', '2018-01-01', '2018-12-31'),
(1000311, 580749, 10404, '125.00', '2018-01-01', '2018-12-31'),
(1000312, 580746, 10404, '100.00', '2018-01-01', '2018-12-31'),
(1000313, 580748, 10404, '90.00', '2018-01-01', '2018-12-31'),
(1000314, 580745, 10404, '125.00', '2018-01-01', '2018-12-31'),
(1000315, 580767, 10404, '105.00', '2018-01-01', '2018-12-31'),
(1000316, 580772, 10404, '150.00', '2018-01-01', '2018-12-31'),
(1000317, 580744, 10404, '130.00', '2018-01-01', '2018-12-31'),
(1000318, 580768, 10404, '110.00', '2018-01-01', '2018-12-31'),
(1000319, 580741, 10404, '110.00', '2018-01-01', '2018-12-31'),
(1000320, 580750, 10404, '95.00', '2018-01-01', '2018-12-31'),
(1000321, 580771, 10404, '130.00', '2018-01-01', '2018-12-31'),
(1000322, 580770, 10404, '115.00', '2018-01-01', '2018-12-31'),
(1000323, 580742, 10404, '115.00', '2018-01-01', '2018-12-31'),
(1000324, 580769, 10404, '110.00', '2018-01-01', '2018-12-31'),
(1000325, 580747, 10404, '125.00', '2018-01-01', '2018-12-31'),
(1000326, 580743, 10404, '160.00', '2018-01-01', '2018-12-31'),
(1000327, 580543, 10400, '78.00', '2018-01-01', '2018-12-31'),
(1000328, 580544, 10400, '78.00', '2018-01-01', '2018-12-31'),
(1000329, 580681, 10406, '1950.00', '2018-01-01', '2018-12-31'),
(1000330, 580682, 10406, '1965.00', '2018-01-01', '2018-12-31'),
(1000331, 580683, 10406, '2100.00', '2018-01-01', '2018-12-31'),
(1000332, 580684, 10406, '2250.00', '2018-01-01', '2018-12-31'),
(1000333, 580366, 10402, '22.00', '2018-01-01', '2018-12-31'),
(1000334, 580368, 10413, '22.00', '2018-01-01', '2018-12-31'),
(1000335, 580369, 10413, '29.00', '2018-01-01', '2018-12-31'),
(1000336, 580370, 10413, '21.00', '2018-01-01', '2018-12-31'),
(1000337, 580371, 10413, '19.00', '2018-01-01', '2018-12-31'),
(1000338, 580372, 10402, '29.00', '2018-01-01', '2018-12-31'),
(1000339, 580379, 10402, '30.00', '2018-01-01', '2018-12-31'),
(1000340, 580373, 10402, '30.00', '2018-01-01', '2018-12-31'),
(1000341, 580374, 10402, '29.00', '2018-01-01', '2018-12-31'),
(1000342, 580477, 10402, '26.00', '2018-01-01', '2018-12-31'),
(1000343, 580382, 10402, '24.00', '2018-01-01', '2018-12-31'),
(1000344, 580375, 10402, '260.00', '2018-01-01', '2018-12-31'),
(1000345, 580383, 10402, '28.00', '2018-01-01', '2018-12-31'),
(1000346, 580384, 10413, '25.00', '2018-01-01', '2018-12-31'),
(1000347, 580385, 10413, '23.00', '2018-01-01', '2018-12-31'),
(1000348, 580386, 10413, '19.00', '2018-01-01', '2018-12-31'),
(1000349, 580387, 10413, '26.00', '2018-01-01', '2018-12-31'),
(1000350, 580389, 10413, '25.00', '2018-01-01', '2018-12-31'),
(1000351, 580390, 10413, '32.00', '2018-01-01', '2018-12-31'),
(1000352, 580391, 10413, '25.00', '2018-01-01', '2018-12-31'),
(1000353, 580482, 10402, '20.00', '2018-01-01', '2018-12-31'),
(1000354, 580392, 10402, '20.00', '2018-01-01', '2018-12-31'),
(1000355, 580393, 10402, '28.00', '2018-01-01', '2018-12-31'),
(1000356, 580481, 10402, '24.00', '2018-01-01', '2018-12-31'),
(1000357, 580478, 10402, '28.00', '2018-01-01', '2018-12-31'),
(1000358, 580475, 10402, '19.00', '2018-01-01', '2018-12-31'),
(1000359, 580479, 10402, '33.00', '2018-01-01', '2018-12-31'),
(1000360, 580380, 10402, '33.00', '2018-01-01', '2018-12-31'),
(1000361, 580394, 10402, '30.00', '2018-01-01', '2018-12-31'),
(1000362, 580474, 10402, '18.00', '2018-01-01', '2018-12-31'),
(1000363, 580397, 10402, '26.00', '2018-01-01', '2018-12-31'),
(1000364, 580398, 10413, '24.00', '2018-01-01', '2018-12-31'),
(1000365, 580399, 10413, '18.00', '2018-01-01', '2018-12-31'),
(1000366, 580400, 10413, '32.00', '2018-01-01', '2018-12-31'),
(1000367, 580401, 10413, '26.00', '2018-01-01', '2018-12-31'),
(1000368, 580402, 10402, '29.00', '2018-01-01', '2018-12-31'),
(1000369, 580404, 10402, '25.00', '2018-01-01', '2018-12-31'),
(1000370, 580406, 10402, '24.00', '2018-01-01', '2018-12-31'),
(1000371, 580407, 10402, '23.00', '2018-01-01', '2018-12-31'),
(1000372, 580408, 10402, '18.00', '2018-01-01', '2018-12-31'),
(1000373, 580381, 10402, '28.00', '2018-01-01', '2018-12-31'),
(1000374, 580476, 10402, '20.00', '2018-01-01', '2018-12-31'),
(1000375, 580411, 10402, '24.00', '2018-01-01', '2018-12-31'),
(1000376, 580412, 10402, '19.00', '2018-01-01', '2018-12-31'),
(1000377, 580414, 10402, '23.00', '2018-01-01', '2018-12-31'),
(1000378, 580415, 10402, '24.00', '2018-01-01', '2018-12-31'),
(1000379, 580480, 10402, '31.00', '2018-01-01', '2018-12-31'),
(1000380, 580416, 10402, '20.00', '2018-01-01', '2018-12-31'),
(1000381, 580417, 10402, '21.00', '2018-01-01', '2018-12-31'),
(1000382, 580418, 10402, '19.00', '2018-01-01', '2018-12-31'),
(1000383, 580546, 10402, '28.00', '2018-01-01', '2018-12-31'),
(1000384, 580548, 10402, '3.30', '2018-01-01', '2018-12-31'),
(1000385, 580549, 10402, '2.60', '2018-01-01', '2018-12-31'),
(1000386, 580550, 10402, '3.30', '2018-01-01', '2018-12-31'),
(1000387, 580551, 10402, '3.50', '2018-01-01', '2018-12-31'),
(1000388, 580552, 10402, '28.00', '2018-01-01', '2018-12-31'),
(1000389, 580559, 10402, '29.00', '2018-01-01', '2018-12-31'),
(1000390, 580553, 10402, '18.00', '2018-01-01', '2018-12-31'),
(1000391, 580554, 10402, '31.00', '2018-01-01', '2018-12-31'),
(1000392, 580657, 10402, '22.00', '2018-01-01', '2018-12-31'),
(1000393, 580562, 10402, '27.00', '2018-01-01', '2018-12-31'),
(1000394, 580555, 10402, '23.00', '2018-01-01', '2018-12-31'),
(1000395, 580563, 10402, '28.00', '2018-01-01', '2018-12-31'),
(1000396, 580564, 10402, '3.30', '2018-01-01', '2018-12-31'),
(1000397, 580565, 10402, '1.90', '2018-01-01', '2018-12-31'),
(1000398, 580566, 10402, '2.50', '2018-01-01', '2018-12-31'),
(1000399, 580567, 10402, '3.50', '2018-01-01', '2018-12-31'),
(1000400, 580569, 10402, '1.90', '2018-01-01', '2018-12-31'),
(1000401, 580570, 10402, '1.20', '2018-01-01', '2018-12-31'),
(1000402, 580571, 10402, '3.40', '2018-01-01', '2018-12-31'),
(1000403, 580662, 10402, '19.00', '2018-01-01', '2018-12-31'),
(1000404, 580572, 10402, '27.00', '2018-01-01', '2018-12-31'),
(1000405, 580573, 10402, '31.00', '2018-01-01', '2018-12-31'),
(1000406, 580661, 10402, '22.00', '2018-01-01', '2018-12-31'),
(1000407, 580658, 10402, '32.00', '2018-01-01', '2018-12-31'),
(1000408, 580655, 10402, '20.00', '2018-01-01', '2018-12-31'),
(1000409, 580659, 10402, '23.00', '2018-01-01', '2018-12-31'),
(1000410, 580560, 10402, '33.00', '2018-01-01', '2018-12-31'),
(1000411, 580574, 10402, '29.00', '2018-01-01', '2018-12-31'),
(1000412, 580654, 10402, '25.00', '2018-01-01', '2018-12-31'),
(1000413, 580577, 10402, '21.00', '2018-01-01', '2018-12-31'),
(1000414, 580578, 10402, '2.30', '2018-01-01', '2018-12-31'),
(1000415, 580579, 10402, '3.40', '2018-01-01', '2018-12-31'),
(1000416, 580580, 10402, '2.90', '2018-01-01', '2018-12-31'),
(1000417, 580581, 10402, '2.60', '2018-01-01', '2018-12-31'),
(1000418, 580582, 10402, '24.00', '2018-01-01', '2018-12-31'),
(1000419, 580584, 10402, '21.00', '2018-01-01', '2018-12-31'),
(1000420, 580586, 10402, '22.00', '2018-01-01', '2018-12-31'),
(1000421, 580587, 10402, '27.00', '2018-01-01', '2018-12-31'),
(1000422, 580588, 10402, '20.00', '2018-01-01', '2018-12-31'),
(1000423, 580561, 10402, '25.00', '2018-01-01', '2018-12-31'),
(1000424, 580656, 10402, '32.00', '2018-01-01', '2018-12-31'),
(1000425, 580685, 10402, '33.00', '2018-01-01', '2018-12-31'),
(1000426, 580686, 10402, '20.00', '2018-01-01', '2018-12-31'),
(1000427, 580687, 10402, '18.00', '2018-01-01', '2018-12-31'),
(1000428, 580688, 10402, '26.00', '2018-01-01', '2018-12-31'),
(1000429, 580689, 10402, '21.00', '2018-01-01', '2018-12-31'),
(1000430, 580690, 10402, '26.00', '2018-01-01', '2018-12-31'),
(1000431, 580691, 10402, '19.00', '2018-01-01', '2018-12-31'),
(1000432, 580692, 10402, '32.00', '2018-01-01', '2018-12-31'),
(1000433, 580693, 10402, '19.00', '2018-01-01', '2018-12-31'),
(1000434, 580694, 10402, '26.00', '2018-01-01', '2018-12-31'),
(1000435, 580695, 10402, '25.00', '2018-01-01', '2018-12-31'),
(1000436, 580696, 10402, '27.00', '2018-01-01', '2018-12-31'),
(1000437, 580697, 10402, '31.00', '2018-01-01', '2018-12-31'),
(1000438, 580698, 10402, '33.00', '2018-01-01', '2018-12-31'),
(1000439, 580699, 10402, '20.00', '2018-01-01', '2018-12-31'),
(1000440, 580700, 10402, '22.00', '2018-01-01', '2018-12-31'),
(1000441, 580701, 10402, '18.00', '2018-01-01', '2018-12-31'),
(1000442, 580702, 10402, '20.00', '2018-01-01', '2018-12-31'),
(1000443, 580703, 10402, '32.00', '2018-01-01', '2018-12-31'),
(1000444, 580704, 10402, '27.00', '2018-01-01', '2018-12-31'),
(1000445, 580705, 10402, '18.00', '2018-01-01', '2018-12-31'),
(1000446, 580706, 10402, '18.00', '2018-01-01', '2018-12-31'),
(1000447, 580707, 10402, '18.00', '2018-01-01', '2018-12-31'),
(1000448, 580708, 10402, '19.00', '2018-01-01', '2018-12-31'),
(1000449, 580709, 10402, '28.00', '2018-01-01', '2018-12-31'),
(1000450, 580710, 10402, '31.00', '2018-01-01', '2018-12-31'),
(1000451, 580714, 10402, '30.00', '2018-01-01', '2018-12-31'),
(1000452, 580715, 10402, '30.00', '2018-01-01', '2018-12-31'),
(1000453, 580716, 10402, '29.00', '2018-01-01', '2018-12-31'),
(1000454, 580711, 10402, '20.00', '2018-01-01', '2018-12-31'),
(1000455, 580712, 10402, '31.00', '2018-01-01', '2018-12-31'),
(1000456, 580713, 10402, '19.00', '2018-01-01', '2018-12-31'),
(1000457, 580717, 10402, '28.00', '2018-01-01', '2018-12-31'),
(1000458, 580718, 10402, '21.00', '2018-01-01', '2018-12-31'),
(1000459, 580719, 10402, '32.00', '2018-01-01', '2018-12-31'),
(1000460, 580720, 10402, '23.00', '2018-01-01', '2018-12-31'),
(1000461, 580721, 10402, '29.00', '2018-01-01', '2018-12-31'),
(1000462, 580722, 10402, '28.00', '2018-01-01', '2018-12-31'),
(1000463, 580723, 10402, '29.00', '2018-01-01', '2018-12-31'),
(1000464, 580724, 10402, '26.00', '2018-01-01', '2018-12-31'),
(1000465, 580725, 10402, '24.00', '2018-01-01', '2018-12-31'),
(1000466, 580726, 10402, '28.00', '2018-01-01', '2018-12-31'),
(1000467, 580727, 10402, '30.00', '2018-01-01', '2018-12-31'),
(1000468, 580728, 10402, '21.00', '2018-01-01', '2018-12-31'),
(1000469, 580591, 10402, '27.00', '2018-01-01', '2018-12-31'),
(1000470, 580592, 10402, '24.00', '2018-01-01', '2018-12-31'),
(1000471, 580594, 10402, '26.00', '2018-01-01', '2018-12-31'),
(1000472, 580595, 10402, '32.00', '2018-01-01', '2018-12-31'),
(1000473, 580660, 10402, '29.00', '2018-01-01', '2018-12-31'),
(1000474, 580596, 10402, '25.00', '2018-01-01', '2018-12-31'),
(1000475, 580597, 10402, '32.00', '2018-01-01', '2018-12-31'),
(1000476, 580598, 10402, '22.00', '2018-01-01', '2018-12-31'),
(1000477, 580729, 10402, '22.00', '2018-01-01', '2018-12-31'),
(1000478, 580730, 10402, '32.00', '2018-01-01', '2018-12-31'),
(1000479, 580731, 10402, '22.00', '2018-01-01', '2018-12-31'),
(1000480, 580732, 10402, '33.00', '2018-01-01', '2018-12-31'),
(1000481, 580733, 10402, '20.00', '2018-01-01', '2018-12-31'),
(1000482, 580734, 10402, '30.00', '2018-01-01', '2018-12-31'),
(1000483, 580735, 10402, '28.00', '2018-01-01', '2018-12-31'),
(1000484, 580736, 10402, '33.00', '2018-01-01', '2018-12-31'),
(1000485, 580737, 10402, '25.00', '2018-01-01', '2018-12-31'),
(1000486, 580738, 10402, '21.00', '2018-01-01', '2018-12-31'),
(1000487, 580739, 10402, '20.00', '2018-01-01', '2018-12-31'),
(1000488, 580740, 10402, '33.00', '2018-01-01', '2018-12-31'),
(1000489, 580252, 10402, '3485.00', '2019-01-01', '2019-12-31'),
(1000490, 580253, 10402, '10451.00', '2019-01-01', '2019-12-31'),
(1000491, 580254, 10402, '9354.00', '2019-01-01', '2019-12-31'),
(1000492, 580255, 10402, '12542.00', '2019-01-01', '2019-12-31'),
(1000493, 580256, 10402, '9641.00', '2019-01-01', '2019-12-31'),
(1000494, 580257, 10402, '8085.00', '2019-01-01', '2019-12-31'),
(1000495, 580258, 10402, '8621.00', '2019-01-01', '2019-12-31'),
(1000496, 580259, 10402, '8307.00', '2019-01-01', '2019-12-31'),
(1000497, 580260, 10402, '7718.00', '2019-01-01', '2019-12-31'),
(1000498, 580261, 10402, '9361.00', '2019-01-01', '2019-12-31'),
(1000499, 580262, 10402, '10071.00', '2019-01-01', '2019-12-31'),
(1000500, 580263, 10402, '8614.00', '2019-01-01', '2019-12-31'),
(1000501, 580264, 10402, '8873.00', '2019-01-01', '2019-12-31'),
(1000502, 580265, 10402, '5892.00', '2019-01-01', '2019-12-31'),
(1000503, 580266, 10402, '6442.00', '2019-01-01', '2019-12-31'),
(1000504, 580267, 10402, '5728.00', '2019-01-01', '2019-12-31'),
(1000505, 580268, 10402, '5755.00', '2019-01-01', '2019-12-31'),
(1000506, 580269, 10402, '824.00', '2019-01-01', '2019-12-31'),
(1000507, 580270, 10402, '1051.00', '2019-01-01', '2019-12-31'),
(1000508, 580271, 10402, '1545.00', '2019-01-01', '2019-12-31'),
(1000509, 580272, 10402, '1545.00', '2019-01-01', '2019-12-31'),
(1000510, 580273, 10402, '3466.00', '2019-01-01', '2019-12-31'),
(1000511, 580274, 10402, '4330.00', '2019-01-01', '2019-12-31'),
(1000512, 580275, 10402, '3497.00', '2019-01-01', '2019-12-31'),
(1000513, 580276, 10402, '3539.00', '2019-01-01', '2019-12-31'),
(1000514, 580277, 10402, '618.00', '2019-01-01', '2019-12-31'),
(1000515, 580278, 10402, '824.00', '2019-01-01', '2019-12-31'),
(1000516, 580279, 10402, '1051.00', '2019-01-01', '2019-12-31'),
(1000517, 580280, 10402, '1051.00', '2019-01-01', '2019-12-31'),
(1000518, 580281, 10402, '6915.00', '2019-01-01', '2019-12-31'),
(1000519, 580282, 10402, '5156.00', '2019-01-01', '2019-12-31'),
(1000520, 580283, 10402, '7189.00', '2019-01-01', '2019-12-31'),
(1000521, 580284, 10402, '5245.00', '2019-01-01', '2019-12-31'),
(1000522, 580285, 10402, '7621.00', '2019-01-01', '2019-12-31'),
(1000523, 580286, 10402, '6772.00', '2019-01-01', '2019-12-31'),
(1000524, 580287, 10402, '8208.00', '2019-01-01', '2019-12-31'),
(1000525, 580288, 10402, '9562.00', '2019-01-01', '2019-12-31'),
(1000526, 580289, 10402, '8123.00', '2019-01-01', '2019-12-31'),
(1000527, 580290, 10402, '7631.00', '2019-01-01', '2019-12-31'),
(1000528, 580291, 10402, '8585.00', '2019-01-01', '2019-12-31'),
(1000529, 580292, 10402, '7657.00', '2019-01-01', '2019-12-31'),
(1000530, 580293, 10402, '6036.00', '2019-01-01', '2019-12-31'),
(1000531, 580294, 10402, '5520.00', '2019-01-01', '2019-12-31'),
(1000532, 580295, 10402, '5812.00', '2019-01-01', '2019-12-31'),
(1000533, 580296, 10402, '5459.00', '2019-01-01', '2019-12-31'),
(1000534, 580297, 10402, '14816.00', '2019-01-01', '2019-12-31'),
(1000535, 580298, 10402, '12494.00', '2019-01-01', '2019-12-31'),
(1000536, 580299, 10402, '10338.00', '2019-01-01', '2019-12-31'),
(1000537, 580300, 10402, '12473.00', '2019-01-01', '2019-12-31'),
(1000538, 580301, 10402, '3548.00', '2019-01-01', '2019-12-31'),
(1000539, 580302, 10402, '3328.00', '2019-01-01', '2019-12-31'),
(1000540, 580303, 10402, '4081.00', '2019-01-01', '2019-12-31'),
(1000541, 580304, 10402, '3172.00', '2019-01-01', '2019-12-31'),
(1000542, 580305, 10402, '4982.00', '2019-01-01', '2019-12-31'),
(1000543, 580306, 10402, '3828.00', '2019-01-01', '2019-12-31'),
(1000544, 580307, 10402, '4172.00', '2019-01-01', '2019-12-31'),
(1000545, 580308, 10402, '4621.00', '2019-01-01', '2019-12-31'),
(1000546, 580309, 10402, '4772.00', '2019-01-01', '2019-12-31'),
(1000547, 580311, 10402, '4013.00', '2019-01-01', '2019-12-31'),
(1000548, 580312, 10402, '4711.00', '2019-01-01', '2019-12-31'),
(1000549, 580420, 10402, '4236.00', '2019-01-01', '2019-12-31'),
(1000550, 580421, 10402, '4041.00', '2019-01-01', '2019-12-31'),
(1000551, 580422, 10402, '3905.00', '2019-01-01', '2019-12-31'),
(1000552, 580423, 10402, '4717.00', '2019-01-01', '2019-12-31'),
(1000553, 580424, 10402, '3687.00', '2019-01-01', '2019-12-31'),
(1000554, 580459, 10402, '1236.00', '2019-01-01', '2019-12-31'),
(1000555, 580460, 10402, '824.00', '2019-01-01', '2019-12-31'),
(1000556, 580462, 10402, '1236.00', '2019-01-01', '2019-12-31'),
(1000557, 580493, 10402, '8174.00', '2019-01-01', '2019-12-31'),
(1000558, 580494, 10402, '9494.00', '2019-01-01', '2019-12-31'),
(1000559, 580495, 10402, '7907.00', '2019-01-01', '2019-12-31'),
(1000560, 580496, 10402, '8388.00', '2019-01-01', '2019-12-31'),
(1000561, 580497, 10402, '7563.00', '2019-01-01', '2019-12-31'),
(1000562, 580498, 10402, '7584.00', '2019-01-01', '2019-12-31'),
(1000563, 580499, 10402, '6259.00', '2019-01-01', '2019-12-31'),
(1000564, 580500, 10402, '7369.00', '2019-01-01', '2019-12-31'),
(1000565, 580545, 10402, '353.50', '2019-01-01', '2019-12-31'),
(1000566, 580568, 10402, '277.75', '2019-01-01', '2019-12-31'),
(1000567, 580575, 10402, '161.60', '2019-01-01', '2019-12-31'),
(1000568, 580576, 10402, '454.50', '2019-01-01', '2019-12-31'),
(1000569, 580583, 10402, '257.55', '2019-01-01', '2019-12-31'),
(1000570, 580585, 10402, '126.25', '2019-01-01', '2019-12-31'),
(1000571, 580589, 10402, '151.50', '2019-01-01', '2019-12-31'),
(1000572, 580590, 10402, '757.50', '2019-01-01', '2019-12-31'),
(1000573, 580593, 10402, '676.70', '2019-01-01', '2019-12-31'),
(1000574, 580599, 10402, '353.50', '2019-01-01', '2019-12-31'),
(1000575, 580600, 10402, '4670.00', '2019-01-01', '2019-12-31'),
(1000576, 580601, 10402, '3204.00', '2019-01-01', '2019-12-31'),
(1000577, 580602, 10402, '4120.00', '2019-01-01', '2019-12-31'),
(1000578, 580603, 10402, '5150.00', '2019-01-01', '2019-12-31'),
(1000579, 580604, 10402, '4120.00', '2019-01-01', '2019-12-31'),
(1000580, 580638, 10402, '618.00', '2019-01-01', '2019-12-31'),
(1000581, 580639, 10402, '1288.00', '2019-01-01', '2019-12-31'),
(1000582, 580640, 10402, '875.50', '2019-01-01', '2019-12-31'),
(1000583, 580641, 10402, '618.00', '2019-01-01', '2019-12-31'),
(1000584, 580642, 10402, '1288.00', '2019-01-01', '2019-12-31'),
(1000585, 580643, 10402, '412.00', '2019-01-01', '2019-12-31'),
(1000586, 580644, 10402, '360.50', '2019-01-01', '2019-12-31'),
(1000587, 580645, 10402, '669.50', '2019-01-01', '2019-12-31'),
(1000588, 580646, 10402, '2524.00', '2019-01-01', '2019-12-31'),
(1000589, 580647, 10402, '3090.00', '2019-01-01', '2019-12-31'),
(1000590, 580648, 10402, '412.00', '2019-01-01', '2019-12-31'),
(1000591, 580649, 10402, '360.50', '2019-01-01', '2019-12-31'),
(1000592, 580650, 10402, '669.50', '2019-01-01', '2019-12-31'),
(1000593, 580651, 10402, '412.00', '2019-01-01', '2019-12-31'),
(1000594, 580652, 10402, '360.50', '2019-01-01', '2019-12-31'),
(1000595, 580653, 10402, '669.50', '2019-01-01', '2019-12-31'),
(1000596, 580663, 10402, '2600.00', '2019-01-01', '2019-12-31'),
(1000597, 580664, 10402, '3016.00', '2019-01-01', '2019-12-31'),
(1000598, 580665, 10402, '3640.00', '2019-01-01', '2019-12-31'),
(1000599, 580666, 10402, '4160.00', '2019-01-01', '2019-12-31'),
(1000600, 580667, 10402, '4680.00', '2019-01-01', '2019-12-31'),
(1000601, 580668, 10402, '5200.00', '2019-01-01', '2019-12-31'),
(1000602, 580367, 10404, '176.75', '2019-01-01', '2019-12-31'),
(1000603, 580457, 10404, '123.60', '2019-01-01', '2019-12-31'),
(1000604, 580452, 10404, '139.05', '2019-01-01', '2019-12-31'),
(1000605, 580453, 10404, '118.45', '2019-01-01', '2019-12-31'),
(1000606, 580456, 10404, '92.70', '2019-01-01', '2019-12-31'),
(1000607, 580448, 10404, '159.65', '2019-01-01', '2019-12-31'),
(1000608, 580444, 10404, '133.90', '2019-01-01', '2019-12-31'),
(1000609, 580449, 10404, '123.60', '2019-01-01', '2019-12-31'),
(1000610, 580445, 10404, '164.80', '2019-01-01', '2019-12-31'),
(1000611, 580450, 10404, '133.90', '2019-01-01', '2019-12-31'),
(1000612, 580446, 10404, '108.15', '2019-01-01', '2019-12-31'),
(1000613, 580451, 10404, '159.65', '2019-01-01', '2019-12-31'),
(1000614, 580447, 10404, '97.85', '2019-01-01', '2019-12-31'),
(1000615, 580454, 10404, '113.30', '2019-01-01', '2019-12-31'),
(1000616, 580455, 10404, '128.75', '2019-01-01', '2019-12-31'),
(1000617, 580376, 10402, '10.10', '2019-01-01', '2019-12-31'),
(1000618, 580377, 10402, '12.12', '2019-01-01', '2019-12-31'),
(1000619, 580378, 10402, '15.15', '2019-01-01', '2019-12-31'),
(1000620, 580321, 10409, '318.15', '2019-01-01', '2019-12-31'),
(1000621, 580322, 10409, '309.06', '2019-01-01', '2019-12-31'),
(1000622, 580323, 10409, '309.06', '2019-01-01', '2019-12-31'),
(1000623, 580324, 10409, '281.79', '2019-01-01', '2019-12-31'),
(1000624, 580325, 10409, '327.24', '2019-01-01', '2019-12-31'),
(1000625, 580326, 10409, '327.24', '2019-01-01', '2019-12-31'),
(1000626, 580327, 10409, '327.24', '2019-01-01', '2019-12-31'),
(1000627, 580328, 10409, '327.24', '2019-01-01', '2019-12-31'),
(1000628, 580329, 10409, '327.24', '2019-01-01', '2019-12-31'),
(1000629, 580330, 10409, '336.33', '2019-01-01', '2019-12-31'),
(1000630, 580331, 10409, '309.06', '2019-01-01', '2019-12-31'),
(1000631, 580332, 10409, '309.06', '2019-01-01', '2019-12-31'),
(1000632, 580333, 10409, '309.06', '2019-01-01', '2019-12-31'),
(1000633, 580334, 10409, '318.15', '2019-01-01', '2019-12-31'),
(1000634, 580335, 10409, '290.88', '2019-01-01', '2019-12-31'),
(1000635, 580336, 10409, '281.79', '2019-01-01', '2019-12-31'),
(1000636, 580337, 10409, '309.06', '2019-01-01', '2019-12-31'),
(1000637, 580338, 10409, '336.33', '2019-01-01', '2019-12-31'),
(1000638, 580339, 10409, '299.97', '2019-01-01', '2019-12-31'),
(1000639, 580340, 10409, '336.33', '2019-01-01', '2019-12-31'),
(1000640, 580341, 10409, '309.06', '2019-01-01', '2019-12-31'),
(1000641, 580342, 10409, '318.15', '2019-01-01', '2019-12-31'),
(1000642, 580343, 10409, '290.88', '2019-01-01', '2019-12-31'),
(1000643, 580344, 10409, '318.15', '2019-01-01', '2019-12-31'),
(1000644, 580345, 10409, '336.33', '2019-01-01', '2019-12-31'),
(1000645, 580346, 10409, '318.15', '2019-01-01', '2019-12-31'),
(1000646, 580347, 10409, '272.70', '2019-01-01', '2019-12-31'),
(1000647, 580348, 10409, '336.33', '2019-01-01', '2019-12-31'),
(1000648, 580426, 10406, '2364.00', '2019-01-01', '2019-12-31'),
(1000649, 580429, 10406, '1956.00', '2019-01-01', '2019-12-31'),
(1000650, 580425, 10406, '2154.00', '2019-01-01', '2019-12-31'),
(1000651, 580428, 10406, '2219.00', '2019-01-01', '2019-12-31'),
(1000652, 580427, 10406, '2324.00', '2019-01-01', '2019-12-31'),
(1000653, 580442, 10404, '128.75', '2019-01-01', '2019-12-31'),
(1000654, 580434, 10404, '144.20', '2019-01-01', '2019-12-31'),
(1000655, 580430, 10404, '123.60', '2019-01-01', '2019-12-31'),
(1000656, 580435, 10404, '108.15', '2019-01-01', '2019-12-31'),
(1000657, 580431, 10404, '128.75', '2019-01-01', '2019-12-31'),
(1000658, 580436, 10404, '149.35', '2019-01-01', '2019-12-31'),
(1000659, 580432, 10404, '149.35', '2019-01-01', '2019-12-31'),
(1000660, 580437, 10404, '103.00', '2019-01-01', '2019-12-31'),
(1000661, 580433, 10404, '97.85', '2019-01-01', '2019-12-31'),
(1000662, 580440, 10404, '92.70', '2019-01-01', '2019-12-31'),
(1000663, 580441, 10404, '154.50', '2019-01-01', '2019-12-31'),
(1000664, 580443, 10404, '108.15', '2019-01-01', '2019-12-31'),
(1000665, 580438, 10404, '123.60', '2019-01-01', '2019-12-31'),
(1000666, 580439, 10404, '118.45', '2019-01-01', '2019-12-31'),
(1000667, 580349, 10401, '18.18', '2019-01-01', '2019-12-31'),
(1000668, 580350, 10401, '18.18', '2019-01-01', '2019-12-31'),
(1000669, 580351, 10401, '16.16', '2019-01-01', '2019-12-31'),
(1000670, 580352, 10401, '16.16', '2019-01-01', '2019-12-31'),
(1000671, 580353, 10401, '15.15', '2019-01-01', '2019-12-31'),
(1000672, 580354, 10401, '18.18', '2019-01-01', '2019-12-31'),
(1000673, 580355, 10401, '20.20', '2019-01-01', '2019-12-31'),
(1000674, 580356, 10401, '15.15', '2019-01-01', '2019-12-31'),
(1000675, 580357, 10401, '17.17', '2019-01-01', '2019-12-31'),
(1000676, 580358, 10401, '16.16', '2019-01-01', '2019-12-31'),
(1000677, 580359, 10401, '16.16', '2019-01-01', '2019-12-31'),
(1000678, 580360, 10401, '19.19', '2019-01-01', '2019-12-31'),
(1000679, 580361, 10401, '16.16', '2019-01-01', '2019-12-31'),
(1000680, 580362, 10401, '15.15', '2019-01-01', '2019-12-31'),
(1000681, 580363, 10401, '14.14', '2019-01-01', '2019-12-31'),
(1000682, 580364, 10401, '14.14', '2019-01-01', '2019-12-31'),
(1000683, 580547, 10414, '60.60', '2019-01-01', '2019-12-31'),
(1000684, 580637, 10405, '288.40', '2019-01-01', '2019-12-31'),
(1000685, 580632, 10405, '329.60', '2019-01-01', '2019-12-31'),
(1000686, 580633, 10405, '298.70', '2019-01-01', '2019-12-31'),
(1000687, 580636, 10405, '288.40', '2019-01-01', '2019-12-31'),
(1000688, 580628, 10405, '216.30', '2019-01-01', '2019-12-31'),
(1000689, 580624, 10405, '298.70', '2019-01-01', '2019-12-31'),
(1000690, 580629, 10405, '247.20', '2019-01-01', '2019-12-31'),
(1000691, 580625, 10405, '185.40', '2019-01-01', '2019-12-31'),
(1000692, 580630, 10405, '329.60', '2019-01-01', '2019-12-31'),
(1000693, 580626, 10405, '226.60', '2019-01-01', '2019-12-31'),
(1000694, 580631, 10405, '247.20', '2019-01-01', '2019-12-31'),
(1000695, 580627, 10405, '226.60', '2019-01-01', '2019-12-31'),
(1000696, 580634, 10405, '298.70', '2019-01-01', '2019-12-31'),
(1000697, 580635, 10405, '329.60', '2019-01-01', '2019-12-31'),
(1000698, 580556, 10406, '30.30', '2019-01-01', '2019-12-31'),
(1000699, 580557, 10406, '36.36', '2019-01-01', '2019-12-31'),
(1000700, 580558, 10406, '45.45', '2019-01-01', '2019-12-31'),
(1000701, 580501, 10415, '31.31', '2019-01-01', '2019-12-31'),
(1000702, 580502, 10415, '33.33', '2019-01-01', '2019-12-31'),
(1000703, 580503, 10415, '31.31', '2019-01-01', '2019-12-31'),
(1000704, 580504, 10415, '30.30', '2019-01-01', '2019-12-31'),
(1000705, 580505, 10415, '30.30', '2019-01-01', '2019-12-31'),
(1000706, 580506, 10415, '36.36', '2019-01-01', '2019-12-31'),
(1000707, 580507, 10415, '30.30', '2019-01-01', '2019-12-31'),
(1000708, 580508, 10415, '36.36', '2019-01-01', '2019-12-31'),
(1000709, 580509, 10415, '36.36', '2019-01-01', '2019-12-31'),
(1000710, 580510, 10415, '34.34', '2019-01-01', '2019-12-31'),
(1000711, 580511, 10415, '34.34', '2019-01-01', '2019-12-31'),
(1000712, 580512, 10415, '36.36', '2019-01-01', '2019-12-31'),
(1000713, 580513, 10415, '30.30', '2019-01-01', '2019-12-31'),
(1000714, 580514, 10415, '33.33', '2019-01-01', '2019-12-31'),
(1000715, 580483, 10404, '162.75', '2019-01-01', '2019-12-31'),
(1000716, 580484, 10404, '162.75', '2019-01-01', '2019-12-31'),
(1000717, 580485, 10404, '152.25', '2019-01-01', '2019-12-31'),
(1000718, 580486, 10404, '173.25', '2019-01-01', '2019-12-31'),
(1000719, 580487, 10404, '120.75', '2019-01-01', '2019-12-31'),
(1000720, 580488, 10404, '173.25', '2019-01-01', '2019-12-31'),
(1000721, 580489, 10404, '99.75', '2019-01-01', '2019-12-31'),
(1000722, 580490, 10404, '94.50', '2019-01-01', '2019-12-31'),
(1000723, 580491, 10404, '126.00', '2019-01-01', '2019-12-31'),
(1000724, 580492, 10404, '105.00', '2019-01-01', '2019-12-31'),
(1000725, 580515, 10401, '35.35', '2019-01-01', '2019-12-31'),
(1000726, 580516, 10401, '34.34', '2019-01-01', '2019-12-31'),
(1000727, 580517, 10401, '37.37', '2019-01-01', '2019-12-31'),
(1000728, 580518, 10401, '37.37', '2019-01-01', '2019-12-31'),
(1000729, 580519, 10401, '32.32', '2019-01-01', '2019-12-31'),
(1000730, 580520, 10401, '34.34', '2019-01-01', '2019-12-31'),
(1000731, 580521, 10401, '35.35', '2019-01-01', '2019-12-31'),
(1000732, 580522, 10401, '37.37', '2019-01-01', '2019-12-31'),
(1000733, 580523, 10401, '31.31', '2019-01-01', '2019-12-31'),
(1000734, 580524, 10401, '34.34', '2019-01-01', '2019-12-31'),
(1000735, 580525, 10401, '30.30', '2019-01-01', '2019-12-31'),
(1000736, 580526, 10401, '35.35', '2019-01-01', '2019-12-31'),
(1000737, 580527, 10401, '32.32', '2019-01-01', '2019-12-31'),
(1000738, 580528, 10401, '31.31', '2019-01-01', '2019-12-31'),
(1000739, 580606, 10406, '1937.00', '2019-01-01', '2019-12-31'),
(1000740, 580609, 10406, '2318.00', '2019-01-01', '2019-12-31'),
(1000741, 580605, 10406, '1873.00', '2019-01-01', '2019-12-31'),
(1000742, 580608, 10406, '2228.00', '2019-01-01', '2019-12-31'),
(1000743, 580607, 10406, '2460.00', '2019-01-01', '2019-12-31'),
(1000744, 580622, 10405, '329.60', '2019-01-01', '2019-12-31'),
(1000745, 580614, 10405, '319.30', '2019-01-01', '2019-12-31'),
(1000746, 580610, 10405, '278.10', '2019-01-01', '2019-12-31'),
(1000747, 580615, 10405, '236.90', '2019-01-01', '2019-12-31'),
(1000748, 580611, 10405, '329.60', '2019-01-01', '2019-12-31'),
(1000749, 580616, 10405, '309.00', '2019-01-01', '2019-12-31'),
(1000750, 580612, 10405, '195.70', '2019-01-01', '2019-12-31'),
(1000751, 580617, 10405, '267.80', '2019-01-01', '2019-12-31'),
(1000752, 580613, 10405, '329.60', '2019-01-01', '2019-12-31'),
(1000753, 580620, 10405, '216.30', '2019-01-01', '2019-12-31'),
(1000754, 580621, 10405, '236.90', '2019-01-01', '2019-12-31'),
(1000755, 580623, 10405, '206.00', '2019-01-01', '2019-12-31'),
(1000756, 580618, 10405, '247.20', '2019-01-01', '2019-12-31'),
(1000757, 580619, 10405, '236.90', '2019-01-01', '2019-12-31'),
(1000758, 580669, 10406, '2175.00', '2019-01-01', '2019-12-31'),
(1000759, 580670, 10406, '1953.00', '2019-01-01', '2019-12-31'),
(1000760, 580671, 10406, '1878.00', '2019-01-01', '2019-12-31'),
(1000761, 580672, 10406, '2028.00', '2019-01-01', '2019-12-31'),
(1000762, 580673, 10406, '2287.00', '2019-01-01', '2019-12-31'),
(1000763, 580674, 10406, '2490.00', '2019-01-01', '2019-12-31'),
(1000764, 580675, 10406, '2059.00', '2019-01-01', '2019-12-31'),
(1000765, 580676, 10406, '2493.00', '2019-01-01', '2019-12-31'),
(1000766, 580677, 10406, '2412.00', '2019-01-01', '2019-12-31'),
(1000767, 580678, 10406, '2050.00', '2019-01-01', '2019-12-31'),
(1000768, 580679, 10406, '2274.00', '2019-01-01', '2019-12-31'),
(1000769, 580680, 10406, '2368.00', '2019-01-01', '2019-12-31'),
(1000770, 580529, 10400, '121.20', '2019-01-01', '2019-12-31'),
(1000771, 580530, 10400, '90.90', '2019-01-01', '2019-12-31'),
(1000772, 580531, 10400, '121.20', '2019-01-01', '2019-12-31'),
(1000773, 580532, 10400, '96.96', '2019-01-01', '2019-12-31'),
(1000774, 580533, 10400, '96.96', '2019-01-01', '2019-12-31'),
(1000775, 580534, 10400, '109.08', '2019-01-01', '2019-12-31'),
(1000776, 580535, 10400, '121.20', '2019-01-01', '2019-12-31'),
(1000777, 580536, 10400, '103.02', '2019-01-01', '2019-12-31'),
(1000778, 580537, 10400, '103.02', '2019-01-01', '2019-12-31'),
(1000779, 580538, 10400, '103.02', '2019-01-01', '2019-12-31'),
(1000780, 580539, 10400, '121.20', '2019-01-01', '2019-12-31'),
(1000781, 580540, 10400, '121.20', '2019-01-01', '2019-12-31'),
(1000782, 580541, 10400, '96.96', '2019-01-01', '2019-12-31'),
(1000783, 580542, 10400, '121.20', '2019-01-01', '2019-12-31'),
(1000784, 580763, 10404, '123.60', '2019-01-01', '2019-12-31'),
(1000785, 580753, 10404, '123.60', '2019-01-01', '2019-12-31'),
(1000786, 580761, 10404, '144.20', '2019-01-01', '2019-12-31'),
(1000787, 580758, 10404, '169.95', '2019-01-01', '2019-12-31'),
(1000788, 580755, 10404, '133.90', '2019-01-01', '2019-12-31'),
(1000789, 580757, 10404, '123.60', '2019-01-01', '2019-12-31'),
(1000790, 580765, 10404, '159.65', '2019-01-01', '2019-12-31'),
(1000791, 580751, 10404, '97.85', '2019-01-01', '2019-12-31'),
(1000792, 580754, 10404, '144.20', '2019-01-01', '2019-12-31'),
(1000793, 580756, 10404, '159.65', '2019-01-01', '2019-12-31'),
(1000794, 580762, 10404, '144.20', '2019-01-01', '2019-12-31'),
(1000795, 580759, 10404, '92.70', '2019-01-01', '2019-12-31'),
(1000796, 580764, 10404, '97.85', '2019-01-01', '2019-12-31'),
(1000797, 580752, 10404, '123.60', '2019-01-01', '2019-12-31'),
(1000798, 580760, 10404, '159.65', '2019-01-01', '2019-12-31'),
(1000799, 580766, 10404, '123.60', '2019-01-01', '2019-12-31'),
(1000800, 580749, 10404, '128.75', '2019-01-01', '2019-12-31'),
(1000801, 580746, 10404, '103.00', '2019-01-01', '2019-12-31'),
(1000802, 580748, 10404, '92.70', '2019-01-01', '2019-12-31'),
(1000803, 580745, 10404, '128.75', '2019-01-01', '2019-12-31');
INSERT INTO `listas_de_precios` (`lista_de_precios_id`, `producto_id`, `formato_id`, `precio_unitario`, `fecha_inicio`, `fecha_fin`) VALUES
(1000804, 580767, 10404, '108.15', '2019-01-01', '2019-12-31'),
(1000805, 580772, 10404, '154.50', '2019-01-01', '2019-12-31'),
(1000806, 580744, 10404, '133.90', '2019-01-01', '2019-12-31'),
(1000807, 580768, 10404, '113.30', '2019-01-01', '2019-12-31'),
(1000808, 580741, 10404, '113.30', '2019-01-01', '2019-12-31'),
(1000809, 580750, 10404, '97.85', '2019-01-01', '2019-12-31'),
(1000810, 580771, 10404, '133.90', '2019-01-01', '2019-12-31'),
(1000811, 580770, 10404, '118.45', '2019-01-01', '2019-12-31'),
(1000812, 580742, 10404, '118.45', '2019-01-01', '2019-12-31'),
(1000813, 580769, 10404, '113.30', '2019-01-01', '2019-12-31'),
(1000814, 580747, 10404, '128.75', '2019-01-01', '2019-12-31'),
(1000815, 580743, 10404, '164.80', '2019-01-01', '2019-12-31'),
(1000816, 580543, 10400, '78.78', '2019-01-01', '2019-12-31'),
(1000817, 580544, 10400, '78.78', '2019-01-01', '2019-12-31'),
(1000818, 580681, 10406, '2028.00', '2019-01-01', '2019-12-31'),
(1000819, 580682, 10406, '2044.00', '2019-01-01', '2019-12-31'),
(1000820, 580683, 10406, '2184.00', '2019-01-01', '2019-12-31'),
(1000821, 580684, 10406, '2340.00', '2019-01-01', '2019-12-31'),
(1000822, 580366, 10402, '22.22', '2019-01-01', '2019-12-31'),
(1000823, 580368, 10413, '22.22', '2019-01-01', '2019-12-31'),
(1000824, 580369, 10413, '29.29', '2019-01-01', '2019-12-31'),
(1000825, 580370, 10413, '21.21', '2019-01-01', '2019-12-31'),
(1000826, 580371, 10413, '19.19', '2019-01-01', '2019-12-31'),
(1000827, 580372, 10402, '29.29', '2019-01-01', '2019-12-31'),
(1000828, 580379, 10402, '30.30', '2019-01-01', '2019-12-31'),
(1000829, 580373, 10402, '30.30', '2019-01-01', '2019-12-31'),
(1000830, 580374, 10402, '29.29', '2019-01-01', '2019-12-31'),
(1000831, 580477, 10402, '26.78', '2019-01-01', '2019-12-31'),
(1000832, 580382, 10402, '24.24', '2019-01-01', '2019-12-31'),
(1000833, 580375, 10402, '262.60', '2019-01-01', '2019-12-31'),
(1000834, 580383, 10402, '28.28', '2019-01-01', '2019-12-31'),
(1000835, 580384, 10413, '25.25', '2019-01-01', '2019-12-31'),
(1000836, 580385, 10413, '23.23', '2019-01-01', '2019-12-31'),
(1000837, 580386, 10413, '19.19', '2019-01-01', '2019-12-31'),
(1000838, 580387, 10413, '26.26', '2019-01-01', '2019-12-31'),
(1000839, 580389, 10413, '25.25', '2019-01-01', '2019-12-31'),
(1000840, 580390, 10413, '32.32', '2019-01-01', '2019-12-31'),
(1000841, 580391, 10413, '25.25', '2019-01-01', '2019-12-31'),
(1000842, 580482, 10402, '20.60', '2019-01-01', '2019-12-31'),
(1000843, 580392, 10402, '20.20', '2019-01-01', '2019-12-31'),
(1000844, 580393, 10402, '28.28', '2019-01-01', '2019-12-31'),
(1000845, 580481, 10402, '24.72', '2019-01-01', '2019-12-31'),
(1000846, 580478, 10402, '28.84', '2019-01-01', '2019-12-31'),
(1000847, 580475, 10402, '19.57', '2019-01-01', '2019-12-31'),
(1000848, 580479, 10402, '33.99', '2019-01-01', '2019-12-31'),
(1000849, 580380, 10402, '33.33', '2019-01-01', '2019-12-31'),
(1000850, 580394, 10402, '30.30', '2019-01-01', '2019-12-31'),
(1000851, 580474, 10402, '18.54', '2019-01-01', '2019-12-31'),
(1000852, 580397, 10402, '26.26', '2019-01-01', '2019-12-31'),
(1000853, 580398, 10413, '24.24', '2019-01-01', '2019-12-31'),
(1000854, 580399, 10413, '18.18', '2019-01-01', '2019-12-31'),
(1000855, 580400, 10413, '32.32', '2019-01-01', '2019-12-31'),
(1000856, 580401, 10413, '26.26', '2019-01-01', '2019-12-31'),
(1000857, 580402, 10402, '29.29', '2019-01-01', '2019-12-31'),
(1000858, 580404, 10402, '25.25', '2019-01-01', '2019-12-31'),
(1000859, 580406, 10402, '24.24', '2019-01-01', '2019-12-31'),
(1000860, 580407, 10402, '23.23', '2019-01-01', '2019-12-31'),
(1000861, 580408, 10402, '18.18', '2019-01-01', '2019-12-31'),
(1000862, 580381, 10402, '28.28', '2019-01-01', '2019-12-31'),
(1000863, 580476, 10402, '20.60', '2019-01-01', '2019-12-31'),
(1000864, 580411, 10402, '24.24', '2019-01-01', '2019-12-31'),
(1000865, 580412, 10402, '19.19', '2019-01-01', '2019-12-31'),
(1000866, 580414, 10402, '23.23', '2019-01-01', '2019-12-31'),
(1000867, 580415, 10402, '24.24', '2019-01-01', '2019-12-31'),
(1000868, 580480, 10402, '31.93', '2019-01-01', '2019-12-31'),
(1000869, 580416, 10402, '20.20', '2019-01-01', '2019-12-31'),
(1000870, 580417, 10402, '21.21', '2019-01-01', '2019-12-31'),
(1000871, 580418, 10402, '19.19', '2019-01-01', '2019-12-31'),
(1000872, 580546, 10402, '28.28', '2019-01-01', '2019-12-31'),
(1000873, 580548, 10402, '3.33', '2019-01-01', '2019-12-31'),
(1000874, 580549, 10402, '2.63', '2019-01-01', '2019-12-31'),
(1000875, 580550, 10402, '3.33', '2019-01-01', '2019-12-31'),
(1000876, 580551, 10402, '3.54', '2019-01-01', '2019-12-31'),
(1000877, 580552, 10402, '28.28', '2019-01-01', '2019-12-31'),
(1000878, 580559, 10402, '29.29', '2019-01-01', '2019-12-31'),
(1000879, 580553, 10402, '18.18', '2019-01-01', '2019-12-31'),
(1000880, 580554, 10402, '31.31', '2019-01-01', '2019-12-31'),
(1000881, 580657, 10402, '22.66', '2019-01-01', '2019-12-31'),
(1000882, 580562, 10402, '27.27', '2019-01-01', '2019-12-31'),
(1000883, 580555, 10402, '23.23', '2019-01-01', '2019-12-31'),
(1000884, 580563, 10402, '28.28', '2019-01-01', '2019-12-31'),
(1000885, 580564, 10402, '3.33', '2019-01-01', '2019-12-31'),
(1000886, 580565, 10402, '1.92', '2019-01-01', '2019-12-31'),
(1000887, 580566, 10402, '2.53', '2019-01-01', '2019-12-31'),
(1000888, 580567, 10402, '3.54', '2019-01-01', '2019-12-31'),
(1000889, 580569, 10402, '1.92', '2019-01-01', '2019-12-31'),
(1000890, 580570, 10402, '1.21', '2019-01-01', '2019-12-31'),
(1000891, 580571, 10402, '3.43', '2019-01-01', '2019-12-31'),
(1000892, 580662, 10402, '19.57', '2019-01-01', '2019-12-31'),
(1000893, 580572, 10402, '27.27', '2019-01-01', '2019-12-31'),
(1000894, 580573, 10402, '31.31', '2019-01-01', '2019-12-31'),
(1000895, 580661, 10402, '22.66', '2019-01-01', '2019-12-31'),
(1000896, 580658, 10402, '32.96', '2019-01-01', '2019-12-31'),
(1000897, 580655, 10402, '20.60', '2019-01-01', '2019-12-31'),
(1000898, 580659, 10402, '23.69', '2019-01-01', '2019-12-31'),
(1000899, 580560, 10402, '33.33', '2019-01-01', '2019-12-31'),
(1000900, 580574, 10402, '29.29', '2019-01-01', '2019-12-31'),
(1000901, 580654, 10402, '25.75', '2019-01-01', '2019-12-31'),
(1000902, 580577, 10402, '21.21', '2019-01-01', '2019-12-31'),
(1000903, 580578, 10402, '2.32', '2019-01-01', '2019-12-31'),
(1000904, 580579, 10402, '3.43', '2019-01-01', '2019-12-31'),
(1000905, 580580, 10402, '2.93', '2019-01-01', '2019-12-31'),
(1000906, 580581, 10402, '2.63', '2019-01-01', '2019-12-31'),
(1000907, 580582, 10402, '24.24', '2019-01-01', '2019-12-31'),
(1000908, 580584, 10402, '21.21', '2019-01-01', '2019-12-31'),
(1000909, 580586, 10402, '22.22', '2019-01-01', '2019-12-31'),
(1000910, 580587, 10402, '27.27', '2019-01-01', '2019-12-31'),
(1000911, 580588, 10402, '20.20', '2019-01-01', '2019-12-31'),
(1000912, 580561, 10402, '25.25', '2019-01-01', '2019-12-31'),
(1000913, 580656, 10402, '32.96', '2019-01-01', '2019-12-31'),
(1000914, 580685, 10402, '34.32', '2019-01-01', '2019-12-31'),
(1000915, 580686, 10402, '20.80', '2019-01-01', '2019-12-31'),
(1000916, 580687, 10402, '18.72', '2019-01-01', '2019-12-31'),
(1000917, 580688, 10402, '27.04', '2019-01-01', '2019-12-31'),
(1000918, 580689, 10402, '21.84', '2019-01-01', '2019-12-31'),
(1000919, 580690, 10402, '27.04', '2019-01-01', '2019-12-31'),
(1000920, 580691, 10402, '19.76', '2019-01-01', '2019-12-31'),
(1000921, 580692, 10402, '33.28', '2019-01-01', '2019-12-31'),
(1000922, 580693, 10402, '19.76', '2019-01-01', '2019-12-31'),
(1000923, 580694, 10402, '27.04', '2019-01-01', '2019-12-31'),
(1000924, 580695, 10402, '26.00', '2019-01-01', '2019-12-31'),
(1000925, 580696, 10402, '28.08', '2019-01-01', '2019-12-31'),
(1000926, 580697, 10402, '32.24', '2019-01-01', '2019-12-31'),
(1000927, 580698, 10402, '34.32', '2019-01-01', '2019-12-31'),
(1000928, 580699, 10402, '20.80', '2019-01-01', '2019-12-31'),
(1000929, 580700, 10402, '22.88', '2019-01-01', '2019-12-31'),
(1000930, 580701, 10402, '18.72', '2019-01-01', '2019-12-31'),
(1000931, 580702, 10402, '20.80', '2019-01-01', '2019-12-31'),
(1000932, 580703, 10402, '33.28', '2019-01-01', '2019-12-31'),
(1000933, 580704, 10402, '28.08', '2019-01-01', '2019-12-31'),
(1000934, 580705, 10402, '18.72', '2019-01-01', '2019-12-31'),
(1000935, 580706, 10402, '18.72', '2019-01-01', '2019-12-31'),
(1000936, 580707, 10402, '18.72', '2019-01-01', '2019-12-31'),
(1000937, 580708, 10402, '19.76', '2019-01-01', '2019-12-31'),
(1000938, 580709, 10402, '29.12', '2019-01-01', '2019-12-31'),
(1000939, 580710, 10402, '32.24', '2019-01-01', '2019-12-31'),
(1000940, 580714, 10402, '31.20', '2019-01-01', '2019-12-31'),
(1000941, 580715, 10402, '31.20', '2019-01-01', '2019-12-31'),
(1000942, 580716, 10402, '30.16', '2019-01-01', '2019-12-31'),
(1000943, 580711, 10402, '20.80', '2019-01-01', '2019-12-31'),
(1000944, 580712, 10402, '32.24', '2019-01-01', '2019-12-31'),
(1000945, 580713, 10402, '19.76', '2019-01-01', '2019-12-31'),
(1000946, 580717, 10402, '29.12', '2019-01-01', '2019-12-31'),
(1000947, 580718, 10402, '21.84', '2019-01-01', '2019-12-31'),
(1000948, 580719, 10402, '33.28', '2019-01-01', '2019-12-31'),
(1000949, 580720, 10402, '23.92', '2019-01-01', '2019-12-31'),
(1000950, 580721, 10402, '30.16', '2019-01-01', '2019-12-31'),
(1000951, 580722, 10402, '29.12', '2019-01-01', '2019-12-31'),
(1000952, 580723, 10402, '30.16', '2019-01-01', '2019-12-31'),
(1000953, 580724, 10402, '27.04', '2019-01-01', '2019-12-31'),
(1000954, 580725, 10402, '24.96', '2019-01-01', '2019-12-31'),
(1000955, 580726, 10402, '29.12', '2019-01-01', '2019-12-31'),
(1000956, 580727, 10402, '31.20', '2019-01-01', '2019-12-31'),
(1000957, 580728, 10402, '21.84', '2019-01-01', '2019-12-31'),
(1000958, 580591, 10402, '27.27', '2019-01-01', '2019-12-31'),
(1000959, 580592, 10402, '24.24', '2019-01-01', '2019-12-31'),
(1000960, 580594, 10402, '26.26', '2019-01-01', '2019-12-31'),
(1000961, 580595, 10402, '32.32', '2019-01-01', '2019-12-31'),
(1000962, 580660, 10402, '29.87', '2019-01-01', '2019-12-31'),
(1000963, 580596, 10402, '25.25', '2019-01-01', '2019-12-31'),
(1000964, 580597, 10402, '32.32', '2019-01-01', '2019-12-31'),
(1000965, 580598, 10402, '22.22', '2019-01-01', '2019-12-31'),
(1000966, 580729, 10402, '22.88', '2019-01-01', '2019-12-31'),
(1000967, 580730, 10402, '33.28', '2019-01-01', '2019-12-31'),
(1000968, 580731, 10402, '22.88', '2019-01-01', '2019-12-31'),
(1000969, 580732, 10402, '34.32', '2019-01-01', '2019-12-31'),
(1000970, 580733, 10402, '20.80', '2019-01-01', '2019-12-31'),
(1000971, 580734, 10402, '31.20', '2019-01-01', '2019-12-31'),
(1000972, 580735, 10402, '29.12', '2019-01-01', '2019-12-31'),
(1000973, 580736, 10402, '34.32', '2019-01-01', '2019-12-31'),
(1000974, 580737, 10402, '26.00', '2019-01-01', '2019-12-31'),
(1000975, 580738, 10402, '21.84', '2019-01-01', '2019-12-31'),
(1000976, 580739, 10402, '20.80', '2019-01-01', '2019-12-31'),
(1000977, 580740, 10402, '34.32', '2019-01-01', '2019-12-31'),
(1000978, 580252, 10402, '3502.00', '2020-01-01', '2020-12-31'),
(1000979, 580253, 10402, '10869.00', '2020-01-01', '2020-12-31'),
(1000980, 580254, 10402, '9728.00', '2020-01-01', '2020-12-31'),
(1000981, 580255, 10402, '13044.00', '2020-01-01', '2020-12-31'),
(1000982, 580256, 10402, '10027.00', '2020-01-01', '2020-12-31'),
(1000983, 580257, 10402, '8206.00', '2020-01-01', '2020-12-31'),
(1000984, 580258, 10402, '8750.00', '2020-01-01', '2020-12-31'),
(1000985, 580259, 10402, '8432.00', '2020-01-01', '2020-12-31'),
(1000986, 580260, 10402, '7834.00', '2020-01-01', '2020-12-31'),
(1000987, 580261, 10402, '9408.00', '2020-01-01', '2020-12-31'),
(1000988, 580262, 10402, '10121.00', '2020-01-01', '2020-12-31'),
(1000989, 580263, 10402, '8657.00', '2020-01-01', '2020-12-31'),
(1000990, 580264, 10402, '8917.00', '2020-01-01', '2020-12-31'),
(1000991, 580265, 10402, '5951.00', '2020-01-01', '2020-12-31'),
(1000992, 580266, 10402, '6506.00', '2020-01-01', '2020-12-31'),
(1000993, 580267, 10402, '5785.00', '2020-01-01', '2020-12-31'),
(1000994, 580268, 10402, '5813.00', '2020-01-01', '2020-12-31'),
(1000995, 580269, 10402, '848.72', '2020-01-01', '2020-12-31'),
(1000996, 580270, 10402, '1083.00', '2020-01-01', '2020-12-31'),
(1000997, 580271, 10402, '1591.00', '2020-01-01', '2020-12-31'),
(1000998, 580272, 10402, '1591.00', '2020-01-01', '2020-12-31'),
(1000999, 580273, 10402, '3570.00', '2020-01-01', '2020-12-31'),
(1001000, 580274, 10402, '4460.00', '2020-01-01', '2020-12-31'),
(1001001, 580275, 10402, '3602.00', '2020-01-01', '2020-12-31'),
(1001002, 580276, 10402, '3645.00', '2020-01-01', '2020-12-31'),
(1001003, 580277, 10402, '636.54', '2020-01-01', '2020-12-31'),
(1001004, 580278, 10402, '848.72', '2020-01-01', '2020-12-31'),
(1001005, 580279, 10402, '1083.00', '2020-01-01', '2020-12-31'),
(1001006, 580280, 10402, '1083.00', '2020-01-01', '2020-12-31'),
(1001007, 580281, 10402, '7122.00', '2020-01-01', '2020-12-31'),
(1001008, 580282, 10402, '5311.00', '2020-01-01', '2020-12-31'),
(1001009, 580283, 10402, '7405.00', '2020-01-01', '2020-12-31'),
(1001010, 580284, 10402, '5402.00', '2020-01-01', '2020-12-31'),
(1001011, 580285, 10402, '7678.00', '2020-01-01', '2020-12-31'),
(1001012, 580286, 10402, '6823.00', '2020-01-01', '2020-12-31'),
(1001013, 580287, 10402, '8270.00', '2020-01-01', '2020-12-31'),
(1001014, 580288, 10402, '9634.00', '2020-01-01', '2020-12-31'),
(1001015, 580289, 10402, '8204.00', '2020-01-01', '2020-12-31'),
(1001016, 580290, 10402, '7707.00', '2020-01-01', '2020-12-31'),
(1001017, 580291, 10402, '8671.00', '2020-01-01', '2020-12-31'),
(1001018, 580292, 10402, '7734.00', '2020-01-01', '2020-12-31'),
(1001019, 580293, 10402, '6157.00', '2020-01-01', '2020-12-31'),
(1001020, 580294, 10402, '5630.00', '2020-01-01', '2020-12-31'),
(1001021, 580295, 10402, '5928.00', '2020-01-01', '2020-12-31'),
(1001022, 580296, 10402, '5568.00', '2020-01-01', '2020-12-31'),
(1001023, 580297, 10402, '14816.00', '2020-01-01', '2020-12-31'),
(1001024, 580298, 10402, '12494.00', '2020-01-01', '2020-12-31'),
(1001025, 580299, 10402, '10338.00', '2020-01-01', '2020-12-31'),
(1001026, 580300, 10402, '12473.00', '2020-01-01', '2020-12-31'),
(1001027, 580301, 10402, '3637.00', '2020-01-01', '2020-12-31'),
(1001028, 580302, 10402, '3411.00', '2020-01-01', '2020-12-31'),
(1001029, 580303, 10402, '4183.00', '2020-01-01', '2020-12-31'),
(1001030, 580304, 10402, '3251.00', '2020-01-01', '2020-12-31'),
(1001031, 580305, 10402, '5082.00', '2020-01-01', '2020-12-31'),
(1001032, 580306, 10402, '3905.00', '2020-01-01', '2020-12-31'),
(1001033, 580307, 10402, '4255.00', '2020-01-01', '2020-12-31'),
(1001034, 580308, 10402, '4713.00', '2020-01-01', '2020-12-31'),
(1001035, 580309, 10402, '4867.00', '2020-01-01', '2020-12-31'),
(1001036, 580311, 10402, '4093.00', '2020-01-01', '2020-12-31'),
(1001037, 580312, 10402, '4805.00', '2020-01-01', '2020-12-31'),
(1001038, 580420, 10402, '4342.00', '2020-01-01', '2020-12-31'),
(1001039, 580421, 10402, '4142.00', '2020-01-01', '2020-12-31'),
(1001040, 580422, 10402, '4003.00', '2020-01-01', '2020-12-31'),
(1001041, 580423, 10402, '4835.00', '2020-01-01', '2020-12-31'),
(1001042, 580424, 10402, '3779.00', '2020-01-01', '2020-12-31'),
(1001043, 580459, 10402, '1267.00', '2020-01-01', '2020-12-31'),
(1001044, 580460, 10402, '844.60', '2020-01-01', '2020-12-31'),
(1001045, 580462, 10402, '1267.00', '2020-01-01', '2020-12-31'),
(1001046, 580493, 10402, '8215.00', '2020-01-01', '2020-12-31'),
(1001047, 580494, 10402, '9541.00', '2020-01-01', '2020-12-31'),
(1001048, 580495, 10402, '7947.00', '2020-01-01', '2020-12-31'),
(1001049, 580496, 10402, '8430.00', '2020-01-01', '2020-12-31'),
(1001050, 580497, 10402, '7620.00', '2020-01-01', '2020-12-31'),
(1001051, 580498, 10402, '7641.00', '2020-01-01', '2020-12-31'),
(1001052, 580499, 10402, '6306.00', '2020-01-01', '2020-12-31'),
(1001053, 580500, 10402, '7424.00', '2020-01-01', '2020-12-31'),
(1001054, 580545, 10402, '355.27', '2020-01-01', '2020-12-31'),
(1001055, 580568, 10402, '279.14', '2020-01-01', '2020-12-31'),
(1001056, 580575, 10402, '162.41', '2020-01-01', '2020-12-31'),
(1001057, 580576, 10402, '456.77', '2020-01-01', '2020-12-31'),
(1001058, 580583, 10402, '258.84', '2020-01-01', '2020-12-31'),
(1001059, 580585, 10402, '126.88', '2020-01-01', '2020-12-31'),
(1001060, 580589, 10402, '152.26', '2020-01-01', '2020-12-31'),
(1001061, 580590, 10402, '761.29', '2020-01-01', '2020-12-31'),
(1001062, 580593, 10402, '680.08', '2020-01-01', '2020-12-31'),
(1001063, 580599, 10402, '355.27', '2020-01-01', '2020-12-31'),
(1001064, 580600, 10402, '4787.00', '2020-01-01', '2020-12-31'),
(1001065, 580601, 10402, '3284.00', '2020-01-01', '2020-12-31'),
(1001066, 580602, 10402, '4223.00', '2020-01-01', '2020-12-31'),
(1001067, 580603, 10402, '5279.00', '2020-01-01', '2020-12-31'),
(1001068, 580604, 10402, '4223.00', '2020-01-01', '2020-12-31'),
(1001069, 580638, 10402, '633.45', '2020-01-01', '2020-12-31'),
(1001070, 580639, 10402, '1320.00', '2020-01-01', '2020-12-31'),
(1001071, 580640, 10402, '897.39', '2020-01-01', '2020-12-31'),
(1001072, 580641, 10402, '633.45', '2020-01-01', '2020-12-31'),
(1001073, 580642, 10402, '1320.00', '2020-01-01', '2020-12-31'),
(1001074, 580643, 10402, '422.30', '2020-01-01', '2020-12-31'),
(1001075, 580644, 10402, '369.51', '2020-01-01', '2020-12-31'),
(1001076, 580645, 10402, '686.24', '2020-01-01', '2020-12-31'),
(1001077, 580646, 10402, '2587.00', '2020-01-01', '2020-12-31'),
(1001078, 580647, 10402, '3167.00', '2020-01-01', '2020-12-31'),
(1001079, 580648, 10402, '422.30', '2020-01-01', '2020-12-31'),
(1001080, 580649, 10402, '369.51', '2020-01-01', '2020-12-31'),
(1001081, 580650, 10402, '686.24', '2020-01-01', '2020-12-31'),
(1001082, 580651, 10402, '422.30', '2020-01-01', '2020-12-31'),
(1001083, 580652, 10402, '369.51', '2020-01-01', '2020-12-31'),
(1001084, 580653, 10402, '686.24', '2020-01-01', '2020-12-31'),
(1001085, 580663, 10402, '2652.00', '2020-01-01', '2020-12-31'),
(1001086, 580664, 10402, '3076.00', '2020-01-01', '2020-12-31'),
(1001087, 580665, 10402, '3713.00', '2020-01-01', '2020-12-31'),
(1001088, 580666, 10402, '4243.00', '2020-01-01', '2020-12-31'),
(1001089, 580667, 10402, '4774.00', '2020-01-01', '2020-12-31'),
(1001090, 580668, 10402, '5304.00', '2020-01-01', '2020-12-31'),
(1001091, 580367, 10404, '177.63', '2020-01-01', '2020-12-31'),
(1001092, 580457, 10404, '126.69', '2020-01-01', '2020-12-31'),
(1001093, 580452, 10404, '142.53', '2020-01-01', '2020-12-31'),
(1001094, 580453, 10404, '121.41', '2020-01-01', '2020-12-31'),
(1001095, 580456, 10404, '95.02', '2020-01-01', '2020-12-31'),
(1001096, 580448, 10404, '163.64', '2020-01-01', '2020-12-31'),
(1001097, 580444, 10404, '137.25', '2020-01-01', '2020-12-31'),
(1001098, 580449, 10404, '126.69', '2020-01-01', '2020-12-31'),
(1001099, 580445, 10404, '168.92', '2020-01-01', '2020-12-31'),
(1001100, 580450, 10404, '137.25', '2020-01-01', '2020-12-31'),
(1001101, 580446, 10404, '110.85', '2020-01-01', '2020-12-31'),
(1001102, 580451, 10404, '163.64', '2020-01-01', '2020-12-31'),
(1001103, 580447, 10404, '100.30', '2020-01-01', '2020-12-31'),
(1001104, 580454, 10404, '116.13', '2020-01-01', '2020-12-31'),
(1001105, 580455, 10404, '131.97', '2020-01-01', '2020-12-31'),
(1001106, 580376, 10402, '10.15', '2020-01-01', '2020-12-31'),
(1001107, 580377, 10402, '12.18', '2020-01-01', '2020-12-31'),
(1001108, 580378, 10402, '15.23', '2020-01-01', '2020-12-31'),
(1001109, 580321, 10409, '319.74', '2020-01-01', '2020-12-31'),
(1001110, 580322, 10409, '310.61', '2020-01-01', '2020-12-31'),
(1001111, 580323, 10409, '310.61', '2020-01-01', '2020-12-31'),
(1001112, 580324, 10409, '283.20', '2020-01-01', '2020-12-31'),
(1001113, 580325, 10409, '328.88', '2020-01-01', '2020-12-31'),
(1001114, 580326, 10409, '328.88', '2020-01-01', '2020-12-31'),
(1001115, 580327, 10409, '328.88', '2020-01-01', '2020-12-31'),
(1001116, 580328, 10409, '328.88', '2020-01-01', '2020-12-31'),
(1001117, 580329, 10409, '328.88', '2020-01-01', '2020-12-31'),
(1001118, 580330, 10409, '338.01', '2020-01-01', '2020-12-31'),
(1001119, 580331, 10409, '310.61', '2020-01-01', '2020-12-31'),
(1001120, 580332, 10409, '310.61', '2020-01-01', '2020-12-31'),
(1001121, 580333, 10409, '310.61', '2020-01-01', '2020-12-31'),
(1001122, 580334, 10409, '319.74', '2020-01-01', '2020-12-31'),
(1001123, 580335, 10409, '292.33', '2020-01-01', '2020-12-31'),
(1001124, 580336, 10409, '283.20', '2020-01-01', '2020-12-31'),
(1001125, 580337, 10409, '310.61', '2020-01-01', '2020-12-31'),
(1001126, 580338, 10409, '338.01', '2020-01-01', '2020-12-31'),
(1001127, 580339, 10409, '301.47', '2020-01-01', '2020-12-31'),
(1001128, 580340, 10409, '338.01', '2020-01-01', '2020-12-31'),
(1001129, 580341, 10409, '310.61', '2020-01-01', '2020-12-31'),
(1001130, 580342, 10409, '319.74', '2020-01-01', '2020-12-31'),
(1001131, 580343, 10409, '292.33', '2020-01-01', '2020-12-31'),
(1001132, 580344, 10409, '319.74', '2020-01-01', '2020-12-31'),
(1001133, 580345, 10409, '338.01', '2020-01-01', '2020-12-31'),
(1001134, 580346, 10409, '319.74', '2020-01-01', '2020-12-31'),
(1001135, 580347, 10409, '274.06', '2020-01-01', '2020-12-31'),
(1001136, 580348, 10409, '338.01', '2020-01-01', '2020-12-31'),
(1001137, 580426, 10406, '2423.00', '2020-01-01', '2020-12-31'),
(1001138, 580429, 10406, '2005.00', '2020-01-01', '2020-12-31'),
(1001139, 580425, 10406, '2208.00', '2020-01-01', '2020-12-31'),
(1001140, 580428, 10406, '2274.00', '2020-01-01', '2020-12-31'),
(1001141, 580427, 10406, '2382.00', '2020-01-01', '2020-12-31'),
(1001142, 580442, 10404, '131.97', '2020-01-01', '2020-12-31'),
(1001143, 580434, 10404, '147.81', '2020-01-01', '2020-12-31'),
(1001144, 580430, 10404, '126.69', '2020-01-01', '2020-12-31'),
(1001145, 580435, 10404, '110.85', '2020-01-01', '2020-12-31'),
(1001146, 580431, 10404, '131.97', '2020-01-01', '2020-12-31'),
(1001147, 580436, 10404, '153.08', '2020-01-01', '2020-12-31'),
(1001148, 580432, 10404, '153.08', '2020-01-01', '2020-12-31'),
(1001149, 580437, 10404, '105.58', '2020-01-01', '2020-12-31'),
(1001150, 580433, 10404, '100.30', '2020-01-01', '2020-12-31'),
(1001151, 580440, 10404, '95.02', '2020-01-01', '2020-12-31'),
(1001152, 580441, 10404, '158.36', '2020-01-01', '2020-12-31'),
(1001153, 580443, 10404, '110.85', '2020-01-01', '2020-12-31'),
(1001154, 580438, 10404, '126.69', '2020-01-01', '2020-12-31'),
(1001155, 580439, 10404, '121.41', '2020-01-01', '2020-12-31'),
(1001156, 580349, 10401, '18.27', '2020-01-01', '2020-12-31'),
(1001157, 580350, 10401, '18.27', '2020-01-01', '2020-12-31'),
(1001158, 580351, 10401, '16.24', '2020-01-01', '2020-12-31'),
(1001159, 580352, 10401, '16.24', '2020-01-01', '2020-12-31'),
(1001160, 580353, 10401, '15.23', '2020-01-01', '2020-12-31'),
(1001161, 580354, 10401, '18.27', '2020-01-01', '2020-12-31'),
(1001162, 580355, 10401, '20.30', '2020-01-01', '2020-12-31'),
(1001163, 580356, 10401, '15.23', '2020-01-01', '2020-12-31'),
(1001164, 580357, 10401, '17.26', '2020-01-01', '2020-12-31'),
(1001165, 580358, 10401, '16.24', '2020-01-01', '2020-12-31'),
(1001166, 580359, 10401, '16.24', '2020-01-01', '2020-12-31'),
(1001167, 580360, 10401, '19.29', '2020-01-01', '2020-12-31'),
(1001168, 580361, 10401, '16.24', '2020-01-01', '2020-12-31'),
(1001169, 580362, 10401, '15.23', '2020-01-01', '2020-12-31'),
(1001170, 580363, 10401, '14.21', '2020-01-01', '2020-12-31'),
(1001171, 580364, 10401, '14.21', '2020-01-01', '2020-12-31'),
(1001172, 580547, 10414, '60.90', '2020-01-01', '2020-12-31'),
(1001173, 580637, 10405, '295.61', '2020-01-01', '2020-12-31'),
(1001174, 580632, 10405, '337.84', '2020-01-01', '2020-12-31'),
(1001175, 580633, 10405, '306.17', '2020-01-01', '2020-12-31'),
(1001176, 580636, 10405, '295.61', '2020-01-01', '2020-12-31'),
(1001177, 580628, 10405, '221.71', '2020-01-01', '2020-12-31'),
(1001178, 580624, 10405, '306.17', '2020-01-01', '2020-12-31'),
(1001179, 580629, 10405, '253.38', '2020-01-01', '2020-12-31'),
(1001180, 580625, 10405, '190.04', '2020-01-01', '2020-12-31'),
(1001181, 580630, 10405, '337.84', '2020-01-01', '2020-12-31'),
(1001182, 580626, 10405, '232.27', '2020-01-01', '2020-12-31'),
(1001183, 580631, 10405, '253.38', '2020-01-01', '2020-12-31'),
(1001184, 580627, 10405, '232.27', '2020-01-01', '2020-12-31'),
(1001185, 580634, 10405, '306.17', '2020-01-01', '2020-12-31'),
(1001186, 580635, 10405, '337.84', '2020-01-01', '2020-12-31'),
(1001187, 580556, 10406, '30.45', '2020-01-01', '2020-12-31'),
(1001188, 580557, 10406, '36.54', '2020-01-01', '2020-12-31'),
(1001189, 580558, 10406, '45.68', '2020-01-01', '2020-12-31'),
(1001190, 580501, 10415, '31.47', '2020-01-01', '2020-12-31'),
(1001191, 580502, 10415, '33.50', '2020-01-01', '2020-12-31'),
(1001192, 580503, 10415, '31.47', '2020-01-01', '2020-12-31'),
(1001193, 580504, 10415, '30.45', '2020-01-01', '2020-12-31'),
(1001194, 580505, 10415, '30.45', '2020-01-01', '2020-12-31'),
(1001195, 580506, 10415, '36.54', '2020-01-01', '2020-12-31'),
(1001196, 580507, 10415, '30.45', '2020-01-01', '2020-12-31'),
(1001197, 580508, 10415, '36.54', '2020-01-01', '2020-12-31'),
(1001198, 580509, 10415, '36.54', '2020-01-01', '2020-12-31'),
(1001199, 580510, 10415, '34.51', '2020-01-01', '2020-12-31'),
(1001200, 580511, 10415, '34.51', '2020-01-01', '2020-12-31'),
(1001201, 580512, 10415, '36.54', '2020-01-01', '2020-12-31'),
(1001202, 580513, 10415, '30.45', '2020-01-01', '2020-12-31'),
(1001203, 580514, 10415, '33.50', '2020-01-01', '2020-12-31'),
(1001204, 580483, 10404, '169.26', '2020-01-01', '2020-12-31'),
(1001205, 580484, 10404, '169.26', '2020-01-01', '2020-12-31'),
(1001206, 580485, 10404, '158.34', '2020-01-01', '2020-12-31'),
(1001207, 580486, 10404, '180.18', '2020-01-01', '2020-12-31'),
(1001208, 580487, 10404, '125.58', '2020-01-01', '2020-12-31'),
(1001209, 580488, 10404, '180.18', '2020-01-01', '2020-12-31'),
(1001210, 580489, 10404, '103.74', '2020-01-01', '2020-12-31'),
(1001211, 580490, 10404, '98.28', '2020-01-01', '2020-12-31'),
(1001212, 580491, 10404, '131.04', '2020-01-01', '2020-12-31'),
(1001213, 580492, 10404, '109.20', '2020-01-01', '2020-12-31'),
(1001214, 580515, 10401, '35.53', '2020-01-01', '2020-12-31'),
(1001215, 580516, 10401, '34.51', '2020-01-01', '2020-12-31'),
(1001216, 580517, 10401, '37.56', '2020-01-01', '2020-12-31'),
(1001217, 580518, 10401, '37.56', '2020-01-01', '2020-12-31'),
(1001218, 580519, 10401, '32.48', '2020-01-01', '2020-12-31'),
(1001219, 580520, 10401, '34.51', '2020-01-01', '2020-12-31'),
(1001220, 580521, 10401, '35.53', '2020-01-01', '2020-12-31'),
(1001221, 580522, 10401, '37.56', '2020-01-01', '2020-12-31'),
(1001222, 580523, 10401, '31.47', '2020-01-01', '2020-12-31'),
(1001223, 580524, 10401, '34.51', '2020-01-01', '2020-12-31'),
(1001224, 580525, 10401, '30.45', '2020-01-01', '2020-12-31'),
(1001225, 580526, 10401, '35.53', '2020-01-01', '2020-12-31'),
(1001226, 580527, 10401, '32.48', '2020-01-01', '2020-12-31'),
(1001227, 580528, 10401, '31.47', '2020-01-01', '2020-12-31'),
(1001228, 580606, 10406, '1985.00', '2020-01-01', '2020-12-31'),
(1001229, 580609, 10406, '2376.00', '2020-01-01', '2020-12-31'),
(1001230, 580605, 10406, '1920.00', '2020-01-01', '2020-12-31'),
(1001231, 580608, 10406, '2284.00', '2020-01-01', '2020-12-31'),
(1001232, 580607, 10406, '2522.00', '2020-01-01', '2020-12-31'),
(1001233, 580622, 10405, '337.84', '2020-01-01', '2020-12-31'),
(1001234, 580614, 10405, '327.28', '2020-01-01', '2020-12-31'),
(1001235, 580610, 10405, '285.05', '2020-01-01', '2020-12-31'),
(1001236, 580615, 10405, '242.82', '2020-01-01', '2020-12-31'),
(1001237, 580611, 10405, '337.84', '2020-01-01', '2020-12-31'),
(1001238, 580616, 10405, '316.73', '2020-01-01', '2020-12-31'),
(1001239, 580612, 10405, '200.59', '2020-01-01', '2020-12-31'),
(1001240, 580617, 10405, '274.50', '2020-01-01', '2020-12-31'),
(1001241, 580613, 10405, '337.84', '2020-01-01', '2020-12-31'),
(1001242, 580620, 10405, '221.71', '2020-01-01', '2020-12-31'),
(1001243, 580621, 10405, '242.82', '2020-01-01', '2020-12-31'),
(1001244, 580623, 10405, '211.15', '2020-01-01', '2020-12-31'),
(1001245, 580618, 10405, '253.38', '2020-01-01', '2020-12-31'),
(1001246, 580619, 10405, '242.82', '2020-01-01', '2020-12-31'),
(1001247, 580669, 10406, '2219.00', '2020-01-01', '2020-12-31'),
(1001248, 580670, 10406, '1992.00', '2020-01-01', '2020-12-31'),
(1001249, 580671, 10406, '1916.00', '2020-01-01', '2020-12-31'),
(1001250, 580672, 10406, '2069.00', '2020-01-01', '2020-12-31'),
(1001251, 580673, 10406, '2333.00', '2020-01-01', '2020-12-31'),
(1001252, 580674, 10406, '2540.00', '2020-01-01', '2020-12-31'),
(1001253, 580675, 10406, '2100.00', '2020-01-01', '2020-12-31'),
(1001254, 580676, 10406, '2543.00', '2020-01-01', '2020-12-31'),
(1001255, 580677, 10406, '2460.00', '2020-01-01', '2020-12-31'),
(1001256, 580678, 10406, '2091.00', '2020-01-01', '2020-12-31'),
(1001257, 580679, 10406, '2319.00', '2020-01-01', '2020-12-31'),
(1001258, 580680, 10406, '2415.00', '2020-01-01', '2020-12-31'),
(1001259, 580529, 10400, '121.81', '2020-01-01', '2020-12-31'),
(1001260, 580530, 10400, '91.35', '2020-01-01', '2020-12-31'),
(1001261, 580531, 10400, '121.81', '2020-01-01', '2020-12-31'),
(1001262, 580532, 10400, '97.44', '2020-01-01', '2020-12-31'),
(1001263, 580533, 10400, '97.44', '2020-01-01', '2020-12-31'),
(1001264, 580534, 10400, '109.63', '2020-01-01', '2020-12-31'),
(1001265, 580535, 10400, '121.81', '2020-01-01', '2020-12-31'),
(1001266, 580536, 10400, '103.54', '2020-01-01', '2020-12-31'),
(1001267, 580537, 10400, '103.54', '2020-01-01', '2020-12-31'),
(1001268, 580538, 10400, '103.54', '2020-01-01', '2020-12-31'),
(1001269, 580539, 10400, '121.81', '2020-01-01', '2020-12-31'),
(1001270, 580540, 10400, '121.81', '2020-01-01', '2020-12-31'),
(1001271, 580541, 10400, '97.44', '2020-01-01', '2020-12-31'),
(1001272, 580542, 10400, '121.81', '2020-01-01', '2020-12-31'),
(1001273, 580763, 10404, '127.31', '2020-01-01', '2020-12-31'),
(1001274, 580753, 10404, '127.31', '2020-01-01', '2020-12-31'),
(1001275, 580761, 10404, '148.53', '2020-01-01', '2020-12-31'),
(1001276, 580758, 10404, '175.05', '2020-01-01', '2020-12-31'),
(1001277, 580755, 10404, '137.92', '2020-01-01', '2020-12-31'),
(1001278, 580757, 10404, '127.31', '2020-01-01', '2020-12-31'),
(1001279, 580765, 10404, '164.44', '2020-01-01', '2020-12-31'),
(1001280, 580751, 10404, '100.79', '2020-01-01', '2020-12-31'),
(1001281, 580754, 10404, '148.53', '2020-01-01', '2020-12-31'),
(1001282, 580756, 10404, '164.44', '2020-01-01', '2020-12-31'),
(1001283, 580762, 10404, '148.53', '2020-01-01', '2020-12-31'),
(1001284, 580759, 10404, '95.48', '2020-01-01', '2020-12-31'),
(1001285, 580764, 10404, '100.79', '2020-01-01', '2020-12-31'),
(1001286, 580752, 10404, '127.31', '2020-01-01', '2020-12-31'),
(1001287, 580760, 10404, '164.44', '2020-01-01', '2020-12-31'),
(1001288, 580766, 10404, '127.31', '2020-01-01', '2020-12-31'),
(1001289, 580749, 10404, '132.61', '2020-01-01', '2020-12-31'),
(1001290, 580746, 10404, '106.09', '2020-01-01', '2020-12-31'),
(1001291, 580748, 10404, '95.48', '2020-01-01', '2020-12-31'),
(1001292, 580745, 10404, '132.61', '2020-01-01', '2020-12-31'),
(1001293, 580767, 10404, '111.39', '2020-01-01', '2020-12-31'),
(1001294, 580772, 10404, '159.14', '2020-01-01', '2020-12-31'),
(1001295, 580744, 10404, '137.92', '2020-01-01', '2020-12-31'),
(1001296, 580768, 10404, '116.70', '2020-01-01', '2020-12-31'),
(1001297, 580741, 10404, '116.70', '2020-01-01', '2020-12-31'),
(1001298, 580750, 10404, '100.79', '2020-01-01', '2020-12-31'),
(1001299, 580771, 10404, '137.92', '2020-01-01', '2020-12-31'),
(1001300, 580770, 10404, '122.00', '2020-01-01', '2020-12-31'),
(1001301, 580742, 10404, '122.00', '2020-01-01', '2020-12-31'),
(1001302, 580769, 10404, '116.70', '2020-01-01', '2020-12-31'),
(1001303, 580747, 10404, '132.61', '2020-01-01', '2020-12-31'),
(1001304, 580743, 10404, '169.74', '2020-01-01', '2020-12-31'),
(1001305, 580543, 10400, '79.17', '2020-01-01', '2020-12-31'),
(1001306, 580544, 10400, '79.17', '2020-01-01', '2020-12-31'),
(1001307, 580681, 10406, '2069.00', '2020-01-01', '2020-12-31'),
(1001308, 580682, 10406, '2085.00', '2020-01-01', '2020-12-31'),
(1001309, 580683, 10406, '2228.00', '2020-01-01', '2020-12-31'),
(1001310, 580684, 10406, '2387.00', '2020-01-01', '2020-12-31'),
(1001311, 580366, 10402, '22.33', '2020-01-01', '2020-12-31'),
(1001312, 580368, 10413, '22.33', '2020-01-01', '2020-12-31'),
(1001313, 580369, 10413, '29.44', '2020-01-01', '2020-12-31'),
(1001314, 580370, 10413, '21.32', '2020-01-01', '2020-12-31'),
(1001315, 580371, 10413, '19.29', '2020-01-01', '2020-12-31'),
(1001316, 580372, 10402, '29.44', '2020-01-01', '2020-12-31'),
(1001317, 580379, 10402, '30.45', '2020-01-01', '2020-12-31'),
(1001318, 580373, 10402, '30.45', '2020-01-01', '2020-12-31'),
(1001319, 580374, 10402, '29.44', '2020-01-01', '2020-12-31'),
(1001320, 580477, 10402, '27.45', '2020-01-01', '2020-12-31'),
(1001321, 580382, 10402, '24.36', '2020-01-01', '2020-12-31'),
(1001322, 580375, 10402, '263.91', '2020-01-01', '2020-12-31'),
(1001323, 580383, 10402, '28.42', '2020-01-01', '2020-12-31'),
(1001324, 580384, 10413, '25.38', '2020-01-01', '2020-12-31'),
(1001325, 580385, 10413, '23.35', '2020-01-01', '2020-12-31'),
(1001326, 580386, 10413, '19.29', '2020-01-01', '2020-12-31'),
(1001327, 580387, 10413, '26.39', '2020-01-01', '2020-12-31'),
(1001328, 580389, 10413, '25.38', '2020-01-01', '2020-12-31'),
(1001329, 580390, 10413, '32.48', '2020-01-01', '2020-12-31'),
(1001330, 580391, 10413, '25.38', '2020-01-01', '2020-12-31'),
(1001331, 580482, 10402, '21.12', '2020-01-01', '2020-12-31'),
(1001332, 580392, 10402, '20.30', '2020-01-01', '2020-12-31'),
(1001333, 580393, 10402, '28.42', '2020-01-01', '2020-12-31'),
(1001334, 580481, 10402, '25.34', '2020-01-01', '2020-12-31'),
(1001335, 580478, 10402, '29.56', '2020-01-01', '2020-12-31'),
(1001336, 580475, 10402, '20.06', '2020-01-01', '2020-12-31'),
(1001337, 580479, 10402, '34.84', '2020-01-01', '2020-12-31'),
(1001338, 580380, 10402, '33.50', '2020-01-01', '2020-12-31'),
(1001339, 580394, 10402, '30.45', '2020-01-01', '2020-12-31'),
(1001340, 580474, 10402, '19.00', '2020-01-01', '2020-12-31'),
(1001341, 580397, 10402, '26.39', '2020-01-01', '2020-12-31'),
(1001342, 580398, 10413, '24.36', '2020-01-01', '2020-12-31'),
(1001343, 580399, 10413, '18.27', '2020-01-01', '2020-12-31'),
(1001344, 580400, 10413, '32.48', '2020-01-01', '2020-12-31'),
(1001345, 580401, 10413, '26.39', '2020-01-01', '2020-12-31'),
(1001346, 580402, 10402, '29.44', '2020-01-01', '2020-12-31'),
(1001347, 580404, 10402, '25.38', '2020-01-01', '2020-12-31'),
(1001348, 580406, 10402, '24.36', '2020-01-01', '2020-12-31'),
(1001349, 580407, 10402, '23.35', '2020-01-01', '2020-12-31'),
(1001350, 580408, 10402, '18.27', '2020-01-01', '2020-12-31'),
(1001351, 580381, 10402, '28.42', '2020-01-01', '2020-12-31'),
(1001352, 580476, 10402, '21.12', '2020-01-01', '2020-12-31'),
(1001353, 580411, 10402, '24.36', '2020-01-01', '2020-12-31'),
(1001354, 580412, 10402, '19.29', '2020-01-01', '2020-12-31'),
(1001355, 580414, 10402, '23.35', '2020-01-01', '2020-12-31'),
(1001356, 580415, 10402, '24.36', '2020-01-01', '2020-12-31'),
(1001357, 580480, 10402, '32.73', '2020-01-01', '2020-12-31'),
(1001358, 580416, 10402, '20.30', '2020-01-01', '2020-12-31'),
(1001359, 580417, 10402, '21.32', '2020-01-01', '2020-12-31'),
(1001360, 580418, 10402, '19.29', '2020-01-01', '2020-12-31'),
(1001361, 580546, 10402, '28.42', '2020-01-01', '2020-12-31'),
(1001362, 580548, 10402, '3.35', '2020-01-01', '2020-12-31'),
(1001363, 580549, 10402, '2.64', '2020-01-01', '2020-12-31'),
(1001364, 580550, 10402, '3.35', '2020-01-01', '2020-12-31'),
(1001365, 580551, 10402, '3.56', '2020-01-01', '2020-12-31'),
(1001366, 580552, 10402, '28.42', '2020-01-01', '2020-12-31'),
(1001367, 580559, 10402, '29.44', '2020-01-01', '2020-12-31'),
(1001368, 580553, 10402, '18.27', '2020-01-01', '2020-12-31'),
(1001369, 580554, 10402, '31.47', '2020-01-01', '2020-12-31'),
(1001370, 580657, 10402, '23.23', '2020-01-01', '2020-12-31'),
(1001371, 580562, 10402, '27.41', '2020-01-01', '2020-12-31'),
(1001372, 580555, 10402, '23.35', '2020-01-01', '2020-12-31'),
(1001373, 580563, 10402, '28.42', '2020-01-01', '2020-12-31'),
(1001374, 580564, 10402, '3.35', '2020-01-01', '2020-12-31'),
(1001375, 580565, 10402, '1.93', '2020-01-01', '2020-12-31'),
(1001376, 580566, 10402, '2.54', '2020-01-01', '2020-12-31'),
(1001377, 580567, 10402, '3.56', '2020-01-01', '2020-12-31'),
(1001378, 580569, 10402, '1.93', '2020-01-01', '2020-12-31'),
(1001379, 580570, 10402, '1.22', '2020-01-01', '2020-12-31'),
(1001380, 580571, 10402, '3.45', '2020-01-01', '2020-12-31'),
(1001381, 580662, 10402, '20.06', '2020-01-01', '2020-12-31'),
(1001382, 580572, 10402, '27.41', '2020-01-01', '2020-12-31'),
(1001383, 580573, 10402, '31.47', '2020-01-01', '2020-12-31'),
(1001384, 580661, 10402, '23.23', '2020-01-01', '2020-12-31'),
(1001385, 580658, 10402, '33.78', '2020-01-01', '2020-12-31'),
(1001386, 580655, 10402, '21.12', '2020-01-01', '2020-12-31'),
(1001387, 580659, 10402, '24.28', '2020-01-01', '2020-12-31'),
(1001388, 580560, 10402, '33.50', '2020-01-01', '2020-12-31'),
(1001389, 580574, 10402, '29.44', '2020-01-01', '2020-12-31'),
(1001390, 580654, 10402, '26.39', '2020-01-01', '2020-12-31'),
(1001391, 580577, 10402, '21.32', '2020-01-01', '2020-12-31'),
(1001392, 580578, 10402, '2.33', '2020-01-01', '2020-12-31'),
(1001393, 580579, 10402, '3.45', '2020-01-01', '2020-12-31'),
(1001394, 580580, 10402, '2.94', '2020-01-01', '2020-12-31'),
(1001395, 580581, 10402, '2.64', '2020-01-01', '2020-12-31'),
(1001396, 580582, 10402, '24.36', '2020-01-01', '2020-12-31'),
(1001397, 580584, 10402, '21.32', '2020-01-01', '2020-12-31'),
(1001398, 580586, 10402, '22.33', '2020-01-01', '2020-12-31'),
(1001399, 580587, 10402, '27.41', '2020-01-01', '2020-12-31'),
(1001400, 580588, 10402, '20.30', '2020-01-01', '2020-12-31'),
(1001401, 580561, 10402, '25.38', '2020-01-01', '2020-12-31'),
(1001402, 580656, 10402, '33.78', '2020-01-01', '2020-12-31'),
(1001403, 580685, 10402, '35.01', '2020-01-01', '2020-12-31'),
(1001404, 580686, 10402, '21.22', '2020-01-01', '2020-12-31'),
(1001405, 580687, 10402, '19.09', '2020-01-01', '2020-12-31'),
(1001406, 580688, 10402, '27.58', '2020-01-01', '2020-12-31'),
(1001407, 580689, 10402, '22.28', '2020-01-01', '2020-12-31'),
(1001408, 580690, 10402, '27.58', '2020-01-01', '2020-12-31'),
(1001409, 580691, 10402, '20.16', '2020-01-01', '2020-12-31'),
(1001410, 580692, 10402, '33.95', '2020-01-01', '2020-12-31'),
(1001411, 580693, 10402, '20.16', '2020-01-01', '2020-12-31'),
(1001412, 580694, 10402, '27.58', '2020-01-01', '2020-12-31'),
(1001413, 580695, 10402, '26.52', '2020-01-01', '2020-12-31'),
(1001414, 580696, 10402, '28.64', '2020-01-01', '2020-12-31'),
(1001415, 580697, 10402, '32.88', '2020-01-01', '2020-12-31'),
(1001416, 580698, 10402, '35.01', '2020-01-01', '2020-12-31'),
(1001417, 580699, 10402, '21.22', '2020-01-01', '2020-12-31'),
(1001418, 580700, 10402, '23.34', '2020-01-01', '2020-12-31'),
(1001419, 580701, 10402, '19.09', '2020-01-01', '2020-12-31'),
(1001420, 580702, 10402, '21.22', '2020-01-01', '2020-12-31'),
(1001421, 580703, 10402, '33.95', '2020-01-01', '2020-12-31'),
(1001422, 580704, 10402, '28.64', '2020-01-01', '2020-12-31'),
(1001423, 580705, 10402, '19.09', '2020-01-01', '2020-12-31'),
(1001424, 580706, 10402, '19.09', '2020-01-01', '2020-12-31'),
(1001425, 580707, 10402, '19.09', '2020-01-01', '2020-12-31'),
(1001426, 580708, 10402, '20.16', '2020-01-01', '2020-12-31'),
(1001427, 580709, 10402, '29.70', '2020-01-01', '2020-12-31'),
(1001428, 580710, 10402, '32.88', '2020-01-01', '2020-12-31'),
(1001429, 580714, 10402, '31.82', '2020-01-01', '2020-12-31'),
(1001430, 580715, 10402, '31.82', '2020-01-01', '2020-12-31'),
(1001431, 580716, 10402, '30.76', '2020-01-01', '2020-12-31'),
(1001432, 580711, 10402, '21.22', '2020-01-01', '2020-12-31'),
(1001433, 580712, 10402, '32.88', '2020-01-01', '2020-12-31'),
(1001434, 580713, 10402, '20.16', '2020-01-01', '2020-12-31'),
(1001435, 580717, 10402, '29.70', '2020-01-01', '2020-12-31'),
(1001436, 580718, 10402, '22.28', '2020-01-01', '2020-12-31'),
(1001437, 580719, 10402, '33.95', '2020-01-01', '2020-12-31'),
(1001438, 580720, 10402, '24.40', '2020-01-01', '2020-12-31'),
(1001439, 580721, 10402, '30.76', '2020-01-01', '2020-12-31'),
(1001440, 580722, 10402, '29.70', '2020-01-01', '2020-12-31'),
(1001441, 580723, 10402, '30.76', '2020-01-01', '2020-12-31'),
(1001442, 580724, 10402, '27.58', '2020-01-01', '2020-12-31'),
(1001443, 580725, 10402, '25.46', '2020-01-01', '2020-12-31'),
(1001444, 580726, 10402, '29.70', '2020-01-01', '2020-12-31'),
(1001445, 580727, 10402, '31.82', '2020-01-01', '2020-12-31'),
(1001446, 580728, 10402, '22.28', '2020-01-01', '2020-12-31'),
(1001447, 580591, 10402, '27.41', '2020-01-01', '2020-12-31'),
(1001448, 580592, 10402, '24.36', '2020-01-01', '2020-12-31'),
(1001449, 580594, 10402, '26.39', '2020-01-01', '2020-12-31'),
(1001450, 580595, 10402, '32.48', '2020-01-01', '2020-12-31'),
(1001451, 580660, 10402, '30.62', '2020-01-01', '2020-12-31'),
(1001452, 580596, 10402, '25.38', '2020-01-01', '2020-12-31'),
(1001453, 580597, 10402, '32.48', '2020-01-01', '2020-12-31'),
(1001454, 580598, 10402, '22.33', '2020-01-01', '2020-12-31'),
(1001455, 580729, 10402, '23.34', '2020-01-01', '2020-12-31'),
(1001456, 580730, 10402, '33.95', '2020-01-01', '2020-12-31'),
(1001457, 580731, 10402, '23.34', '2020-01-01', '2020-12-31'),
(1001458, 580732, 10402, '35.01', '2020-01-01', '2020-12-31'),
(1001459, 580733, 10402, '21.22', '2020-01-01', '2020-12-31'),
(1001460, 580734, 10402, '31.82', '2020-01-01', '2020-12-31'),
(1001461, 580735, 10402, '29.70', '2020-01-01', '2020-12-31'),
(1001462, 580736, 10402, '35.01', '2020-01-01', '2020-12-31'),
(1001463, 580737, 10402, '26.52', '2020-01-01', '2020-12-31'),
(1001464, 580738, 10402, '22.28', '2020-01-01', '2020-12-31'),
(1001465, 580739, 10402, '21.22', '2020-01-01', '2020-12-31'),
(1001466, 580740, 10402, '35.01', '2020-01-01', '2020-12-31');

-- --------------------------------------------------------

--
-- Estructura de tabla para la tabla `marcas`
--

CREATE TABLE `marcas` (
  `marca_id` int(11) NOT NULL,
  `nombre_marca` varchar(40) COLLATE utf8mb4_spanish_ci DEFAULT NULL
) ENGINE=InnoDB DEFAULT CHARSET=utf8mb4 COLLATE=utf8mb4_spanish_ci;

--
-- Volcado de datos para la tabla `marcas`
--

INSERT INTO `marcas` (`marca_id`, `nombre_marca`) VALUES
(9, 'Productos Contables'),
(10, 'Altech'),
(11, 'Unicorn'),
(12, 'Printalis'),
(13, 'Cellonix'),
(14, 'Graphtek'),
(15, 'Vissio'),
(16, 'Bideojet'),
(17, 'AlfaDot'),
(18, 'Sell Punts'),
(19, 'Niobio'),
(20, 'Moon'),
(21, 'Satto'),
(22, 'Cebra');

-- --------------------------------------------------------

--
-- Estructura de tabla para la tabla `objetivos_comerciales`
--

CREATE TABLE `objetivos_comerciales` (
  `objetivo_comercial_id` int(11) NOT NULL,
  `comercial_id` int(11) DEFAULT NULL,
  `valor_objetivo` decimal(8,2) DEFAULT NULL,
  `fecha_inicio` date DEFAULT NULL,
  `fecha_fin` date DEFAULT NULL
) ENGINE=InnoDB DEFAULT CHARSET=utf8mb4 COLLATE=utf8mb4_spanish_ci;

--
-- Volcado de datos para la tabla `objetivos_comerciales`
--

INSERT INTO `objetivos_comerciales` (`objetivo_comercial_id`, `comercial_id`, `valor_objetivo`, `fecha_inicio`, `fecha_fin`) VALUES
(200, 20, '500000.00', '2018-01-01', '2018-12-31'),
(201, 21, '550000.00', '2018-01-01', '2018-12-31'),
(202, 22, '650000.00', '2018-01-01', '2018-12-31'),
(203, 23, '650000.00', '2018-01-01', '2018-12-31'),
(204, 24, '500000.00', '2018-01-01', '2018-12-31'),
(205, 25, '500000.00', '2018-01-01', '2018-12-31'),
(206, 26, '500000.00', '2018-01-01', '2018-12-31'),
(207, 27, '500000.00', '2018-01-01', '2018-12-31'),
(208, 28, '500000.00', '2018-01-01', '2018-12-31'),
(209, 29, '500000.00', '2018-01-01', '2018-12-31'),
(210, 30, '350000.00', '2018-01-01', '2018-12-31');

-- --------------------------------------------------------

--
-- Estructura de tabla para la tabla `pedidos`
--

CREATE TABLE `pedidos` (
  `pedido_id` int(11) NOT NULL,
  `cliente_id` int(11) DEFAULT NULL,
  `forma_de_pago_id` int(11) DEFAULT NULL,
  `empleado_id` int(11) DEFAULT NULL,
  `direccion_facturacion` int(11) DEFAULT NULL,
  `direccion_entrega` int(11) DEFAULT NULL,
  `fecha_pedido` date DEFAULT NULL
) ENGINE=InnoDB DEFAULT CHARSET=utf8mb4 COLLATE=utf8mb4_spanish_ci;

--
-- Volcado de datos para la tabla `pedidos`
--

INSERT INTO `pedidos` (`pedido_id`, `cliente_id`, `forma_de_pago_id`, `empleado_id`, `direccion_facturacion`, `direccion_entrega`, `fecha_pedido`) VALUES
(2995, 100571, 600003, 125, 20101, 20102, '2018-01-03'),
(2996, 100612, 600003, 121, 20183, 20184, '2018-01-03'),
(2997, 100567, 600002, 125, 20093, 20094, '2018-01-05'),
(2998, 100551, 600003, 121, 20061, 20062, '2018-01-09'),
(2999, 100703, 600003, 125, 20366, 20367, '2018-01-09'),
(3000, 100672, 600001, 116, 20304, 20305, '2018-01-09'),
(3001, 100609, 600003, 125, 20177, 20178, '2018-01-10'),
(3002, 100673, 600007, 115, 20306, 20307, '2018-01-16'),
(3003, 100535, 600003, 121, 20029, 20030, '2018-01-16'),
(3004, 100702, 600003, 127, 20364, 20365, '2018-01-17'),
(3005, 100625, 600003, 125, 20210, 20211, '2018-01-18'),
(3006, 100540, 600002, 127, 20039, 20040, '2018-01-18'),
(3007, 100556, 600004, 125, 20071, 20072, '2018-01-19'),
(3008, 100715, 600003, 121, 20390, 20391, '2018-01-22'),
(3009, 100677, 600003, 127, 20314, 20315, '2018-01-23'),
(3010, 100674, 600001, 115, 20308, 20309, '2018-01-23'),
(3011, 100594, 600003, 125, 20147, 20148, '2018-01-24'),
(3012, 100522, 600003, 125, 20002, 20003, '2018-01-24'),
(3013, 100635, 600003, 125, 20230, 20231, '2018-01-29'),
(3014, 100675, 600007, 116, 20310, 20311, '2018-01-30'),
(3015, 100548, 600002, 127, 20055, 20056, '2018-02-01'),
(3016, 100529, 600004, 125, 20016, 20017, '2018-02-01'),
(3017, 100598, 600004, 121, 20155, 20156, '2018-02-01'),
(3018, 100572, 600007, 116, 20103, 20104, '2018-02-05'),
(3019, 100665, 600003, 127, 20290, 20291, '2018-02-05'),
(3020, 100571, 600003, 121, 20101, 20102, '2018-02-05'),
(3021, 100545, 600003, 121, 20049, 20050, '2018-02-06'),
(3022, 100676, 600012, 115, 20312, 20313, '2018-02-06'),
(3023, 100615, 600004, 121, 20189, 20190, '2018-02-07'),
(3024, 100530, 600003, 121, 20018, 20020, '2018-02-07'),
(3025, 100572, 600004, 127, 20103, 20104, '2018-02-08'),
(3026, 100534, 600003, 125, 20027, 20028, '2018-02-12'),
(3027, 100579, 600004, 125, 20117, 20118, '2018-02-12'),
(3028, 100533, 600004, 125, 20025, 20026, '2018-02-12'),
(3029, 100682, 600003, 125, 20324, 20325, '2018-02-12'),
(3030, 100715, 600011, 116, 20390, 20391, '2018-02-13'),
(3031, 100538, 600003, 125, 20035, 20036, '2018-02-13'),
(3032, 100677, 600007, 110, 20314, 20315, '2018-02-13'),
(3033, 100704, 600003, 121, 20368, 20369, '2018-02-15'),
(3034, 100582, 600002, 125, 20123, 20124, '2018-02-16'),
(3035, 100678, 600007, 134, 20316, 20317, '2018-02-20'),
(3036, 100660, 600003, 125, 20280, 20281, '2018-02-20'),
(3037, 100703, 600003, 125, 20366, 20367, '2018-02-20'),
(3038, 100548, 600003, 127, 20055, 20056, '2018-02-20'),
(3039, 100601, 600003, 125, 20161, 20162, '2018-02-21'),
(3040, 100522, 600003, 125, 20002, 20003, '2018-02-22'),
(3041, 100705, 600003, 127, 20370, 20371, '2018-02-22'),
(3042, 100603, 600002, 127, 20165, 20166, '2018-02-23'),
(3043, 100709, 600003, 121, 20378, 20379, '2018-02-23'),
(3044, 100661, 600003, 121, 20282, 20283, '2018-02-26'),
(3045, 100669, 600003, 125, 20298, 20299, '2018-02-26'),
(3046, 100572, 600003, 125, 20103, 20104, '2018-02-26'),
(3047, 100700, 600002, 121, 20360, 20361, '2018-02-27'),
(3048, 100679, 600012, 124, 20318, 20319, '2018-02-27'),
(3049, 100561, 600003, 121, 20081, 20082, '2018-02-28'),
(3050, 100578, 600003, 127, 20115, 20116, '2018-03-01'),
(3051, 100599, 600003, 125, 20157, 20158, '2018-03-02'),
(3052, 100530, 600003, 125, 20018, 20020, '2018-03-02'),
(3053, 100544, 600003, 121, 20047, 20048, '2018-03-05'),
(3054, 100678, 600004, 121, 20316, 20317, '2018-03-06'),
(3055, 100710, 600003, 121, 20380, 20381, '2018-03-06'),
(3056, 100725, 600003, 125, 20410, 20411, '2018-03-06'),
(3057, 100680, 600010, 115, 20320, 20321, '2018-03-06'),
(3058, 100591, 600002, 125, 20141, 20142, '2018-03-07'),
(3059, 100681, 600011, 114, 20322, 20323, '2018-03-13'),
(3060, 100586, 600004, 127, 20131, 20132, '2018-03-14'),
(3061, 100573, 600010, 115, 20105, 20106, '2018-03-20'),
(3062, 100529, 600003, 127, 20016, 20017, '2018-03-20'),
(3063, 100682, 600010, 109, 20324, 20325, '2018-03-20'),
(3064, 100547, 600004, 125, 20053, 20054, '2018-03-20'),
(3065, 100656, 600004, 125, 20272, 20273, '2018-03-22'),
(3066, 100605, 600010, 109, 20169, 20170, '2018-03-23'),
(3067, 100708, 600003, 121, 20376, 20377, '2018-03-26'),
(3068, 100720, 600004, 121, 20400, 20401, '2018-03-27'),
(3069, 100683, 600001, 134, 20326, 20327, '2018-03-27'),
(3070, 100557, 600003, 127, 20073, 20074, '2018-03-27'),
(3071, 100591, 600004, 125, 20141, 20142, '2018-04-03'),
(3072, 100684, 600009, 109, 20328, 20329, '2018-04-03'),
(3073, 100556, 600003, 121, 20071, 20072, '2018-04-03'),
(3074, 100646, 600003, 125, 20252, 20253, '2018-04-03'),
(3075, 100621, 600010, 124, 20201, 20202, '2018-04-04'),
(3076, 100632, 600003, 127, 20224, 20225, '2018-04-04'),
(3077, 100595, 600004, 127, 20149, 20150, '2018-04-05'),
(3078, 100617, 600002, 121, 20193, 20194, '2018-04-05'),
(3079, 100590, 600004, 125, 20139, 20140, '2018-04-05'),
(3080, 100702, 600003, 127, 20364, 20365, '2018-04-06'),
(3081, 100573, 600003, 121, 20105, 20106, '2018-04-09'),
(3082, 100610, 600003, 125, 20179, 20180, '2018-04-10'),
(3083, 100685, 600011, 135, 20330, 20331, '2018-04-10'),
(3084, 100615, 600002, 121, 20189, 20190, '2018-04-10'),
(3085, 100591, 600004, 125, 20141, 20142, '2018-04-16'),
(3086, 100711, 600003, 125, 20382, 20383, '2018-04-17'),
(3087, 100598, 600003, 121, 20155, 20156, '2018-04-17'),
(3088, 100686, 600012, 134, 20332, 20333, '2018-04-17'),
(3089, 100577, 600004, 121, 20113, 20114, '2018-04-17'),
(3090, 100570, 600003, 121, 20099, 20100, '2018-04-19'),
(3091, 100547, 600003, 121, 20053, 20054, '2018-04-19'),
(3092, 100542, 600003, 127, 20043, 20044, '2018-04-20'),
(3093, 100599, 600003, 121, 20157, 20158, '2018-04-23'),
(3094, 100556, 600004, 125, 20071, 20072, '2018-04-23'),
(3095, 100687, 600007, 114, 20334, 20335, '2018-04-24'),
(3096, 100583, 600011, 115, 20125, 20126, '2018-04-24'),
(3097, 100530, 600003, 121, 20018, 20020, '2018-04-24'),
(3098, 100651, 600003, 127, 20262, 20263, '2018-04-26'),
(3099, 100563, 600003, 121, 20085, 20086, '2018-04-30'),
(3100, 100595, 600003, 121, 20149, 20150, '2018-05-01'),
(3101, 100688, 600001, 116, 20336, 20337, '2018-05-01'),
(3102, 100543, 600002, 125, 20045, 20046, '2018-05-02'),
(3103, 100671, 600004, 125, 20302, 20303, '2018-05-03'),
(3104, 100594, 600003, 121, 20147, 20148, '2018-05-03'),
(3105, 100550, 600002, 121, 20059, 20060, '2018-05-08'),
(3106, 100552, 600003, 125, 20063, 20064, '2018-05-08'),
(3107, 100624, 600004, 125, 20207, 20209, '2018-05-08'),
(3108, 100635, 600004, 121, 20230, 20231, '2018-05-08'),
(3109, 100689, 600012, 119, 20338, 20339, '2018-05-08'),
(3110, 100528, 600004, 121, 20014, 20015, '2018-05-10'),
(3111, 100550, 600003, 125, 20059, 20060, '2018-05-11'),
(3112, 100622, 600003, 121, 20203, 20204, '2018-05-14'),
(3113, 100572, 600004, 125, 20103, 20104, '2018-05-14'),
(3114, 100704, 600003, 121, 20368, 20369, '2018-05-15'),
(3115, 100690, 600010, 135, 20340, 20341, '2018-05-15'),
(3116, 100625, 600004, 125, 20210, 20211, '2018-05-16'),
(3117, 100710, 600003, 121, 20380, 20381, '2018-05-17'),
(3118, 100695, 600003, 125, 20350, 20351, '2018-05-17'),
(3119, 100552, 600002, 121, 20063, 20064, '2018-05-17'),
(3120, 100567, 600003, 121, 20093, 20094, '2018-05-17'),
(3121, 100535, 600002, 121, 20029, 20030, '2018-05-17'),
(3122, 100673, 600003, 121, 20306, 20307, '2018-05-18'),
(3123, 100716, 600002, 127, 20392, 20393, '2018-05-18'),
(3124, 100638, 600003, 127, 20236, 20237, '2018-05-22'),
(3125, 100672, 600003, 127, 20304, 20305, '2018-05-22'),
(3126, 100705, 600003, 125, 20370, 20371, '2018-05-22'),
(3127, 100700, 600003, 127, 20360, 20361, '2018-05-22'),
(3128, 100691, 600001, 110, 20342, 20343, '2018-05-22'),
(3129, 100712, 600003, 121, 20384, 20385, '2018-05-22'),
(3130, 100587, 600003, 125, 20133, 20134, '2018-05-24'),
(3131, 100716, 600011, 109, 20392, 20393, '2018-05-24'),
(3132, 100592, 600003, 121, 20143, 20144, '2018-05-24'),
(3133, 100629, 600004, 127, 20218, 20219, '2018-05-25'),
(3134, 100630, 600003, 121, 20220, 20221, '2018-05-25'),
(3135, 100602, 600007, 115, 20163, 20164, '2018-05-29'),
(3136, 100692, 600010, 135, 20344, 20345, '2018-05-29'),
(3137, 100522, 600003, 121, 20002, 20003, '2018-05-31'),
(3138, 100654, 600002, 121, 20268, 20269, '2018-05-31'),
(3139, 100616, 600003, 121, 20191, 20192, '2018-06-04'),
(3140, 100693, 600001, 114, 20346, 20347, '2018-06-05'),
(3141, 100600, 600002, 121, 20159, 20160, '2018-06-07'),
(3142, 100624, 600003, 121, 20207, 20209, '2018-06-07'),
(3143, 100560, 600001, 115, 20079, 20080, '2018-06-08'),
(3144, 100641, 600003, 127, 20242, 20243, '2018-06-08'),
(3145, 100679, 600002, 125, 20318, 20319, '2018-06-08'),
(3146, 100694, 600001, 115, 20348, 20349, '2018-06-12'),
(3147, 100697, 600004, 121, 20354, 20355, '2018-06-12'),
(3148, 100715, 600004, 125, 20390, 20391, '2018-06-18'),
(3149, 100567, 600003, 125, 20093, 20094, '2018-06-18'),
(3150, 100547, 600002, 121, 20053, 20054, '2018-06-18'),
(3151, 100525, 600003, 121, 20008, 20009, '2018-06-19'),
(3152, 100548, 600003, 127, 20055, 20056, '2018-06-19'),
(3153, 100701, 600003, 121, 20362, 20363, '2018-06-19'),
(3154, 100695, 600008, 134, 20350, 20351, '2018-06-19'),
(3155, 100696, 600010, 109, 20352, 20353, '2018-06-26'),
(3156, 100581, 600003, 125, 20121, 20122, '2018-06-28'),
(3157, 100618, 600003, 125, 20195, 20196, '2018-07-02'),
(3158, 100672, 600003, 121, 20304, 20305, '2018-07-02'),
(3159, 100697, 600011, 109, 20354, 20355, '2018-07-03'),
(3160, 100720, 600003, 125, 20400, 20401, '2018-07-03'),
(3161, 100635, 600010, 114, 20230, 20231, '2018-07-05'),
(3162, 100674, 600003, 125, 20308, 20309, '2018-07-05'),
(3163, 100550, 600003, 121, 20059, 20060, '2018-07-05'),
(3164, 100531, 600004, 125, 20021, 20022, '2018-07-09'),
(3165, 100585, 600004, 121, 20129, 20130, '2018-07-10'),
(3166, 100698, 600012, 116, 20356, 20357, '2018-07-10'),
(3167, 100595, 600003, 125, 20149, 20150, '2018-07-10'),
(3168, 100584, 600003, 127, 20127, 20128, '2018-07-11'),
(3169, 100628, 600003, 125, 20216, 20217, '2018-07-16'),
(3170, 100706, 600003, 127, 20372, 20373, '2018-07-17'),
(3171, 100699, 600012, 114, 20358, 20359, '2018-07-17'),
(3172, 100611, 600003, 121, 20181, 20182, '2018-07-18'),
(3173, 100602, 600003, 125, 20163, 20164, '2018-07-19'),
(3174, 100543, 600003, 121, 20045, 20046, '2018-07-19'),
(3175, 100585, 600011, 124, 20129, 20130, '2018-07-20'),
(3176, 100642, 600003, 125, 20244, 20245, '2018-07-20'),
(3177, 100621, 600003, 127, 20201, 20202, '2018-07-23'),
(3178, 100543, 600002, 121, 20045, 20046, '2018-07-24'),
(3179, 100700, 600010, 114, 20360, 20361, '2018-07-24'),
(3180, 100558, 600002, 121, 20075, 20076, '2018-07-26'),
(3181, 100585, 600003, 125, 20129, 20130, '2018-07-26'),
(3182, 100545, 600003, 127, 20049, 20050, '2018-07-26'),
(3183, 100713, 600004, 125, 20386, 20387, '2018-07-30'),
(3184, 100627, 600003, 125, 20214, 20215, '2018-07-31'),
(3185, 100701, 600001, 141, 20362, 20363, '2018-07-31'),
(3186, 100549, 600003, 125, 20057, 20058, '2018-07-31'),
(3187, 100702, 600003, 121, 20364, 20365, '2018-07-31'),
(3188, 100703, 600003, 125, 20366, 20367, '2018-08-02'),
(3189, 100566, 600003, 125, 20091, 20092, '2018-08-02'),
(3190, 100687, 600003, 121, 20334, 20335, '2018-08-02'),
(3191, 100685, 600003, 121, 20330, 20331, '2018-08-03'),
(3192, 100605, 600004, 121, 20169, 20170, '2018-08-06'),
(3193, 100717, 600003, 121, 20394, 20395, '2018-08-07'),
(3194, 100579, 600004, 127, 20117, 20118, '2018-08-07'),
(3195, 100702, 600007, 115, 20364, 20365, '2018-08-07'),
(3196, 100703, 600011, 134, 20366, 20367, '2018-08-14'),
(3197, 100627, 600004, 127, 20214, 20215, '2018-08-17'),
(3198, 100581, 600004, 125, 20121, 20122, '2018-08-20'),
(3199, 100714, 600003, 127, 20388, 20389, '2018-08-21'),
(3200, 100605, 600003, 121, 20169, 20170, '2018-08-21'),
(3201, 100704, 600011, 135, 20368, 20369, '2018-08-21'),
(3202, 100636, 600003, 121, 20232, 20233, '2018-08-23'),
(3203, 100679, 600002, 127, 20318, 20319, '2018-08-23'),
(3204, 100623, 600002, 125, 20205, 20206, '2018-08-23'),
(3205, 100626, 600002, 121, 20212, 20213, '2018-08-24'),
(3206, 100643, 600002, 121, 20246, 20247, '2018-08-24'),
(3207, 100628, 600003, 121, 20216, 20217, '2018-08-24'),
(3208, 100718, 600004, 125, 20396, 20397, '2018-08-27'),
(3209, 100705, 600011, 134, 20370, 20371, '2018-08-28'),
(3210, 100573, 600002, 121, 20105, 20106, '2018-08-29'),
(3211, 100560, 600003, 125, 20079, 20080, '2018-08-29'),
(3212, 100637, 600002, 127, 20234, 20235, '2018-08-30'),
(3213, 100708, 600003, 127, 20376, 20377, '2018-08-30'),
(3214, 100528, 600003, 127, 20014, 20015, '2018-08-31'),
(3215, 100570, 600003, 125, 20099, 20100, '2018-08-31'),
(3216, 100721, 600003, 127, 20402, 20403, '2018-09-03'),
(3217, 100706, 600001, 134, 20372, 20373, '2018-09-04'),
(3218, 100719, 600002, 121, 20398, 20399, '2018-09-04'),
(3219, 100651, 600003, 121, 20262, 20263, '2018-09-06'),
(3220, 100579, 600004, 125, 20117, 20118, '2018-09-07'),
(3221, 100662, 600003, 125, 20284, 20285, '2018-09-07'),
(3222, 100540, 600003, 125, 20039, 20040, '2018-09-10'),
(3223, 100552, 600003, 121, 20063, 20064, '2018-09-10'),
(3224, 100707, 600010, 115, 20374, 20375, '2018-09-11'),
(3225, 100582, 600003, 125, 20123, 20124, '2018-09-12'),
(3226, 100562, 600011, 114, 20083, 20084, '2018-09-13'),
(3227, 100582, 600001, 116, 20123, 20124, '2018-09-17'),
(3228, 100721, 600002, 125, 20402, 20403, '2018-09-18'),
(3229, 100708, 600012, 134, 20376, 20377, '2018-09-18'),
(3230, 100606, 600003, 121, 20171, 20172, '2018-09-18'),
(3231, 100608, 600003, 125, 20175, 20176, '2018-09-19'),
(3232, 100560, 600003, 125, 20079, 20080, '2018-09-20'),
(3233, 100654, 600002, 127, 20268, 20269, '2018-09-20'),
(3234, 100535, 600003, 125, 20029, 20030, '2018-09-25'),
(3235, 100631, 600003, 121, 20222, 20223, '2018-09-25'),
(3236, 100709, 600008, 115, 20378, 20379, '2018-09-25'),
(3237, 100697, 600003, 125, 20354, 20355, '2018-09-25'),
(3238, 100615, 600002, 127, 20189, 20190, '2018-09-27'),
(3239, 100670, 600007, 135, 20300, 20301, '2018-10-01'),
(3240, 100710, 600009, 114, 20380, 20381, '2018-10-02'),
(3241, 100594, 600003, 121, 20147, 20148, '2018-10-02'),
(3242, 100620, 600003, 121, 20199, 20200, '2018-10-03'),
(3243, 100589, 600003, 121, 20137, 20138, '2018-10-04'),
(3244, 100525, 600004, 127, 20008, 20009, '2018-10-09'),
(3245, 100711, 600012, 115, 20382, 20383, '2018-10-09'),
(3246, 100540, 600002, 121, 20039, 20040, '2018-10-09'),
(3247, 100663, 600004, 127, 20286, 20287, '2018-10-10'),
(3248, 100649, 600004, 127, 20258, 20259, '2018-10-10'),
(3249, 100529, 600002, 121, 20016, 20017, '2018-10-11'),
(3250, 100723, 600004, 125, 20406, 20407, '2018-10-11'),
(3251, 100701, 600003, 125, 20362, 20363, '2018-10-16'),
(3252, 100542, 600003, 121, 20043, 20044, '2018-10-16'),
(3253, 100712, 600011, 115, 20384, 20385, '2018-10-16'),
(3254, 100652, 600003, 121, 20264, 20265, '2018-10-18'),
(3255, 100577, 600003, 121, 20113, 20114, '2018-10-19'),
(3256, 100713, 600009, 134, 20386, 20387, '2018-10-23'),
(3257, 100712, 600003, 127, 20384, 20385, '2018-10-25'),
(3258, 100571, 600003, 127, 20101, 20102, '2018-10-25'),
(3259, 100583, 600003, 127, 20125, 20126, '2018-10-25'),
(3260, 100533, 600002, 127, 20025, 20026, '2018-10-26'),
(3261, 100724, 600002, 127, 20408, 20409, '2018-10-30'),
(3262, 100714, 600009, 115, 20388, 20389, '2018-10-30'),
(3263, 100713, 600010, 134, 20386, 20387, '2018-10-31'),
(3264, 100692, 600003, 127, 20344, 20345, '2018-10-31'),
(3265, 100651, 600004, 125, 20262, 20263, '2018-11-01'),
(3266, 100622, 600004, 121, 20203, 20204, '2018-11-01'),
(3267, 100715, 600008, 116, 20390, 20391, '2018-11-06'),
(3268, 100553, 600003, 127, 20065, 20066, '2018-11-06'),
(3269, 100687, 600003, 121, 20334, 20335, '2018-11-06'),
(3270, 100711, 600004, 125, 20382, 20383, '2018-11-08'),
(3271, 100675, 600003, 125, 20310, 20311, '2018-11-08'),
(3272, 100716, 600007, 109, 20392, 20393, '2018-11-13'),
(3273, 100722, 600003, 121, 20404, 20405, '2018-11-15'),
(3274, 100717, 600010, 110, 20394, 20395, '2018-11-16'),
(3275, 100697, 600004, 125, 20354, 20355, '2018-11-16'),
(3276, 100559, 600002, 121, 20077, 20078, '2018-11-19'),
(3277, 100676, 600004, 125, 20312, 20313, '2018-11-19'),
(3278, 100717, 600012, 110, 20394, 20395, '2018-11-20'),
(3279, 100619, 600002, 125, 20197, 20198, '2018-11-20'),
(3280, 100700, 600002, 121, 20360, 20361, '2018-11-21'),
(3281, 100642, 600003, 121, 20244, 20245, '2018-11-21'),
(3282, 100577, 600003, 121, 20113, 20114, '2018-11-22'),
(3283, 100533, 600003, 125, 20025, 20026, '2018-11-22'),
(3284, 100528, 600012, 141, 20014, 20015, '2018-11-22'),
(3285, 100527, 600003, 125, 20012, 20013, '2018-11-22'),
(3286, 100626, 600002, 127, 20212, 20213, '2018-11-27'),
(3287, 100718, 600009, 114, 20396, 20397, '2018-11-27'),
(3288, 100570, 600003, 127, 20099, 20100, '2018-11-27'),
(3289, 100712, 600003, 127, 20384, 20385, '2018-11-28'),
(3290, 100701, 600003, 125, 20362, 20363, '2018-11-29'),
(3291, 100654, 600004, 121, 20268, 20269, '2018-12-03'),
(3292, 100525, 600004, 125, 20008, 20009, '2018-12-04'),
(3293, 100719, 600012, 119, 20398, 20399, '2018-12-04'),
(3294, 100566, 600003, 121, 20091, 20092, '2018-12-04'),
(3295, 100687, 600003, 127, 20334, 20335, '2018-12-05'),
(3296, 100552, 600010, 115, 20063, 20064, '2018-12-06'),
(3297, 100675, 600003, 121, 20310, 20311, '2018-12-06'),
(3298, 100581, 600002, 125, 20121, 20122, '2018-12-07'),
(3299, 100653, 600003, 125, 20266, 20267, '2018-12-10'),
(3300, 100718, 600004, 125, 20396, 20397, '2018-12-10'),
(3301, 100714, 600012, 115, 20388, 20389, '2018-12-11'),
(3302, 100598, 600004, 125, 20155, 20156, '2018-12-11'),
(3303, 100720, 600001, 109, 20400, 20401, '2018-12-11'),
(3304, 100549, 600003, 127, 20057, 20058, '2018-12-11'),
(3305, 100582, 600010, 116, 20123, 20124, '2018-12-13'),
(3306, 100545, 600004, 121, 20049, 20050, '2018-12-17'),
(3307, 100721, 600012, 109, 20402, 20403, '2018-12-18'),
(3308, 100549, 600003, 127, 20057, 20058, '2018-12-19'),
(3309, 100709, 600003, 125, 20378, 20379, '2018-12-20'),
(3310, 100583, 600002, 121, 20125, 20126, '2018-12-20'),
(3311, 100566, 600003, 121, 20091, 20092, '2018-12-27'),
(3312, 100542, 600004, 127, 20043, 20044, '2018-12-27'),
(3313, 100629, 600003, 125, 20218, 20219, '2018-12-27'),
(3314, 100707, 600003, 121, 20374, 20375, '2018-12-28'),
(3315, 100702, 600004, 125, 20364, 20365, '2018-12-28');

-- --------------------------------------------------------

--
-- Estructura de tabla para la tabla `productos`
--

CREATE TABLE `productos` (
  `producto_id` int(11) NOT NULL,
  `familia_producto_id` int(11) DEFAULT NULL,
  `marca_id` int(11) DEFAULT NULL,
  `tipo_producto_id` int(11) DEFAULT NULL,
  `codigo_producto` varchar(50) COLLATE utf8mb4_spanish_ci DEFAULT NULL,
  `descripcion_producto` varchar(50) COLLATE utf8mb4_spanish_ci DEFAULT NULL,
  `observaciones` text COLLATE utf8mb4_spanish_ci DEFAULT NULL
) ENGINE=InnoDB DEFAULT CHARSET=utf8mb4 COLLATE=utf8mb4_spanish_ci;

--
-- Volcado de datos para la tabla `productos`
--

INSERT INTO `productos` (`producto_id`, `familia_producto_id`, `marca_id`, `tipo_producto_id`, `codigo_producto`, `descripcion_producto`, `observaciones`) VALUES
(580250, 100000, 9, 100, 'CONT-001', 'Apunte Contable', 'Marrón también.'),
(580252, 100001, 12, 101, '1500-X', 'Printalis 1500 Series', 'Impresora CIJ'),
(580253, 100005, 10, 101, 'AP-1339', 'AP 1000 Series Printer', 'Altech, P&A Printer'),
(580254, 100005, 10, 101, 'AP-1641', 'AP 1000 Series Printer', 'Altech, P&A Printer'),
(580255, 100005, 10, 101, 'AP-1686', 'AP 1000 Series Printer', 'Altech, P&A Printer'),
(580256, 100005, 10, 101, 'AP-1853', 'AP 1000 Series Printer', 'Altech, P&A Printer'),
(580257, 100002, 11, 101, 'US-2288', 'US 2000 Series Printer', 'Unicorn, VIJ Printer'),
(580258, 100002, 11, 101, 'US-2467', 'US 2000 Series Printer', 'Unicorn, VIJ Printer'),
(580259, 100002, 11, 101, 'US-2598', 'US 2000 Series Printer', 'Unicorn, VIJ Printer'),
(580260, 100002, 11, 101, 'US-2711', 'US 2000 Series Printer', 'Unicorn, VIJ Printer'),
(580261, 100001, 12, 101, 'PX-3245', 'PX 3000 Series Printer', 'Printalis, CIJ Printer'),
(580262, 100001, 12, 101, 'PX-3409', 'PX 3000 Series Printer', 'Printalis, CIJ Printer'),
(580263, 100001, 12, 101, 'PX-3465', 'PX 3000 Series Printer', 'Printalis, CIJ Printer'),
(580264, 100001, 12, 101, 'PX-3592', 'PX 3000 Series Printer', 'Printalis, CIJ Printer'),
(580265, 100007, 13, 101, 'CX-4283', 'CX 4000 Series Printer', 'Cellonix, DOD Printer'),
(580266, 100007, 13, 101, 'CX-4677', 'CX 4000 Series Printer', 'Cellonix, DOD Printer'),
(580267, 100007, 13, 101, 'CX-4789', 'CX 4000 Series Printer', 'Cellonix, DOD Printer'),
(580268, 100007, 13, 101, 'CX-4802', 'CX 4000 Series Printer', 'Cellonix, DOD Printer'),
(580269, 100004, 14, 104, 'GX-5254 T', 'GX 5000 Series Touchpad', 'Graphtek, TIJ Printer'),
(580270, 100004, 14, 104, 'GX-5344 TP', 'GX 5000 Series Touch Panel', 'Graphtek, TIJ Printer'),
(580271, 100004, 14, 104, 'GX-5372 TS', 'GX 5000 Series Touch Screen', 'Graphtek, TIJ Printer'),
(580272, 100004, 14, 104, 'GX-5741 TS', 'GX 5000 Series Touch Screen', 'Graphtek, TIJ Printer'),
(580273, 100004, 14, 101, 'GX-5254', 'GX 5000 Series Printer', 'Graphtek, TIJ Printer'),
(580274, 100004, 14, 101, 'GX-5344', 'GX 5000 Series Printer', 'Graphtek, TIJ Printer'),
(580275, 100004, 14, 101, 'GX-5372', 'GX 5000 Series Printer', 'Graphtek, TIJ Printer'),
(580276, 100004, 14, 101, 'GX-5741', 'GX 5000 Series Printer', 'Graphtek, TIJ Printer'),
(580277, 100004, 15, 104, 'VX-6484 T', 'VX 6000 Series Touchpad', 'Vissio, TIJ Printer'),
(580278, 100004, 15, 104, 'VX-6693 TP', 'VX 6000 Series Touch Panel', 'Vissio, TIJ Printer'),
(580279, 100004, 15, 104, 'VX-6781 TS', 'VX 6000 Series Touch Screen', 'Vissio, TIJ Printer'),
(580280, 100004, 15, 104, 'VX-6784 TS', 'VX 6000 Series Touch Screen', 'Vissio, TIJ Printer'),
(580281, 100004, 15, 101, 'VX-6484', 'VX 6000 Series Printer', 'Vissio, TIJ Printer'),
(580282, 100004, 15, 101, 'VX-6693', 'VX 6000 Series Printer', 'Vissio, TIJ Printer'),
(580283, 100004, 15, 101, 'VX-6781', 'VX 6000 Series Printer', 'Vissio, TIJ Printer'),
(580284, 100004, 15, 101, 'VX-6784', 'VX 6000 Series Printer', 'Vissio, TIJ Printer'),
(580285, 100001, 16, 101, 'BX-7337', 'BX 7000 Series Printer', 'Bideojet, CIJ Printer'),
(580286, 100001, 16, 101, 'BX-7432', 'BX 7000 Series Printer', 'Bideojet, CIJ Printer'),
(580287, 100001, 16, 101, 'BX-7654', 'BX 7000 Series Printer', 'Bideojet, CIJ Printer'),
(580288, 100001, 16, 101, 'BX-7656', 'BX 7000 Series Printer', 'Bideojet, CIJ Printer'),
(580289, 100003, 17, 101, 'ALF-8204', 'ALF 8000 Series Printer', 'AlfaDot, PIJ Printer'),
(580290, 100003, 17, 101, 'ALF-8325', 'ALF 8000 Series Printer', 'AlfaDot, PIJ Printer'),
(580291, 100003, 17, 101, 'ALF-8347', 'ALF 8000 Series Printer', 'AlfaDot, PIJ Printer'),
(580292, 100003, 17, 101, 'ALF-8535', 'ALF 8000 Series Printer', 'AlfaDot, PIJ Printer'),
(580293, 100007, 18, 101, 'SP-842', 'SP 800 Series Printer', 'Sell Punts, DOD Printer'),
(580294, 100007, 18, 101, 'SP-867', 'SP 800 Series Printer', 'Sell Punts, DOD Printer'),
(580295, 100007, 18, 101, 'SP-870', 'SP 800 Series Printer', 'Sell Punts, DOD Printer'),
(580296, 100007, 18, 101, 'SP-874', 'SP 800 Series Printer', 'Sell Punts, DOD Printer'),
(580297, 100008, 19, 101, 'NI-742', 'NI 700 Series Printer', 'Niobio, LAS Printer'),
(580298, 100008, 19, 101, 'NI-755', 'NI 700 Series Printer', 'Niobio, LAS Printer'),
(580299, 100008, 19, 101, 'NI-756', 'NI 700 Series Printer', 'Niobio, LAS Printer'),
(580300, 100008, 19, 101, 'NI-780', 'NI 700 Series Printer', 'Niobio, LAS Printer'),
(580301, 100006, 20, 101, 'MO-629', 'MO 600 Series Printer', 'Moon, TTO Printer'),
(580302, 100006, 20, 101, 'MO-654', 'MO 600 Series Printer', 'Moon, TTO Printer'),
(580303, 100006, 20, 101, 'MO-655', 'MO 600 Series Printer', 'Moon, TTO Printer'),
(580304, 100006, 20, 101, 'MO-683', 'MO 600 Series Printer', 'Moon, TTO Printer'),
(580305, 100005, 21, 101, 'SA-543', 'SA 500 Series Printer', 'Satto, P&A Printer'),
(580306, 100005, 21, 101, 'SA-547', 'SA 500 Series Printer', 'Satto, P&A Printer'),
(580307, 100005, 21, 101, 'SA-585', 'SA 500 Series Printer', 'Satto, P&A Printer'),
(580308, 100005, 21, 101, 'SA-588', 'SA 500 Series Printer', 'Satto, P&A Printer'),
(580309, 100005, 22, 101, 'CEX-4425', 'CEX 4400 Series Printer', 'Cebra, P&A Printer'),
(580311, 100005, 22, 101, 'CEX-4436', 'CEX 4400 Series Printer', 'Cebra, P&A Printer'),
(580312, 100005, 22, 101, 'CEX-4441', 'CEX 4400 Series Printer', 'Cebra, P&A Printer'),
(580321, 100001, 12, 102, 'IN-1001-BK', '1001 Black fast dry ink', 'Base Alcohol'),
(580322, 100001, 12, 102, 'IN-1002-BK', '1002 Black fast dry ink', 'Base Alcohol'),
(580323, 100001, 12, 102, 'IN-1003-BK', '1003 Black fast dry ink', 'Base Alcohol'),
(580324, 100001, 12, 102, 'IN-1004-BK', '1004 Black fast dry ink', 'Base Alcohol'),
(580325, 100001, 12, 102, 'IN-1005-BK', '1005 Black fast dry ink', 'Base Alcohol'),
(580326, 100001, 12, 102, 'IN-2001-BK', '2001 Black fast dry ink', 'Base MEK'),
(580327, 100001, 12, 102, 'IN-2002-BK', '2002 Black fast dry ink', 'Base MEK'),
(580328, 100001, 12, 102, 'IN-2003-BK', '2003 Black fast dry ink', 'Base MEK'),
(580329, 100001, 12, 102, 'IN-2004-BK', '2004 Black fast dry ink', 'Base MEK'),
(580330, 100001, 12, 102, 'IN-2011-BL', '2011 Blue fast dry ink', 'Base MEK'),
(580331, 100001, 12, 102, 'IN-2020-BK', '2020 Black fast dry ink', 'Base MEK'),
(580332, 100001, 12, 102, 'IN-2022-BL', '2022 Blue fast dry ink', 'Base MEK'),
(580333, 100001, 12, 102, 'IN-2023-BL', '2023 Blue fast dry ink', 'Base MEK'),
(580334, 100001, 12, 102, 'IN-2024-BL', '2024 Blue fast dry ink', 'Base MEK'),
(580335, 100001, 12, 102, 'MC-1001-BK', 'Make-up 1001', '1001'),
(580336, 100001, 12, 102, 'MC-1002-BK', 'Make-up 1002', '1002'),
(580337, 100001, 12, 102, 'MC-1003-BK', 'Make-up 1003', '1003'),
(580338, 100001, 12, 102, 'MC-1004-BK', 'Make-up 1004', '1004'),
(580339, 100001, 12, 102, 'MC-1005-BK', 'Make-up 1005', '1005'),
(580340, 100001, 12, 102, 'MC-2001-BK', 'Make-up 2001', '2001'),
(580341, 100001, 12, 102, 'MC-2002-BK', 'Make-up 2002', '2002'),
(580342, 100001, 12, 102, 'MC-2003-BK', 'Make-up 2003', '2003'),
(580343, 100001, 12, 102, 'MC-2004-BK', 'Make-up 2004', '2004'),
(580344, 100001, 12, 102, 'MC-2011-BL', 'Make-up 2011', '2011'),
(580345, 100001, 12, 102, 'MC-2020-BK', 'Make-up 2020', '2020'),
(580346, 100001, 12, 102, 'MC-2022-BL', 'Make-up 2022', '2022'),
(580347, 100001, 12, 102, 'MC-2023-BL', 'Make-up 2023', '2023'),
(580348, 100001, 12, 102, 'MC-2024-BL', 'Make-up 2024', '2024'),
(580349, 100001, 12, 102, 'SL-1001-BK', 'Solvent 1001', '1001'),
(580350, 100001, 12, 102, 'SL-1002-BK', 'Solvent 1002', '1002'),
(580351, 100001, 12, 102, 'SL-1003-BK', 'Solvent 1003', '1003'),
(580352, 100001, 12, 102, 'SL-1004-BK', 'Solvent 1004', '1004'),
(580353, 100001, 12, 102, 'SL-1005-BK', 'Solvent 1005', '1005'),
(580354, 100001, 12, 102, 'SL-2001-BK', 'Solvent 2001', '2001'),
(580355, 100001, 12, 102, 'SL-2002-BK', 'Solvent 2002', '2002'),
(580356, 100001, 12, 102, 'SL-2003-BK', 'Solvent 2003', '2003'),
(580357, 100001, 12, 102, 'SL-2004-BK', 'Solvent 2004', '2004'),
(580358, 100001, 12, 102, 'SL-2011-BL', 'Solvent 2011', '2011'),
(580359, 100001, 12, 102, 'SL-2020-BK', 'Solvent 2020', '2020'),
(580360, 100001, 12, 102, 'SL-2022-BL', 'Solvent 2022', '2022'),
(580361, 100001, 12, 102, 'SL-2023-BL', 'Solvent 2023', '2023'),
(580362, 100001, 12, 102, 'SL-2024-BL', 'Solvent 2024', '2024'),
(580363, 100001, 12, 102, 'WL-1000', 'Wash', '1000'),
(580364, 100001, 12, 102, 'WL-2000', 'Wash', '2000'),
(580366, 100001, 12, 103, 'ADJ-15092', 'Adjusting Shaft', ''),
(580367, 100001, 12, 102, 'AIR-19402', 'Air Filter', 'Paper'),
(580368, 100001, 12, 103, 'BOL-21295', 'Bolt M3', ''),
(580369, 100001, 12, 103, 'BOL-30860', 'Bolt M5', ''),
(580370, 100001, 12, 103, 'BOL-45182', 'Bolt M4', ''),
(580371, 100001, 12, 103, 'BOL-56610', 'Bolt M7', ''),
(580372, 100001, 12, 103, 'CAM-57222', 'Cam', ''),
(580373, 100001, 12, 103, 'DEF-56025', 'Deflector', ''),
(580374, 100001, 12, 103, 'DOO-38076', 'Door Assy', ''),
(580375, 100001, 12, 103, 'FIL-15236', 'Filter Kit', '3 unidades'),
(580376, 100001, 12, 102, 'FIL-17875', 'Filter 5 µm', 'Plastic'),
(580377, 100001, 12, 102, 'FIL-38046', 'Filter 10 µm', 'Plastic'),
(580378, 100001, 12, 102, 'FIL-48837', 'Filter 15 µm', 'Plastic'),
(580379, 100001, 12, 103, 'DAM-73927', 'Damper Module', ''),
(580380, 100001, 12, 103, 'MAI-29573', 'Main filter', ''),
(580381, 100001, 12, 103, 'PRE-59609', 'Pressure Regulator', ''),
(580382, 100001, 12, 103, 'DRY-21349', 'Dryer', ''),
(580383, 100001, 12, 103, 'FIT-28329', 'Fitting', ''),
(580384, 100001, 12, 103, 'FLA-26601', 'Flat-Ring 2 Mm', 'Teflón'),
(580385, 100001, 12, 103, 'FLA-28180', 'Flat-Ring 10 Mm', 'Teflón'),
(580386, 100001, 12, 103, 'FLA-44612', 'Flat-Ring 4 Mm', 'Teflón'),
(580387, 100001, 12, 103, 'FLA-97270', 'Flat-Ring 3 Mm', 'Teflón'),
(580389, 100001, 12, 103, 'FUS-26243', 'Fuse 250V 1A', ''),
(580390, 100001, 12, 103, 'FUS-50808', 'Fuse 250V 2A', ''),
(580391, 100001, 12, 103, 'FUS-79577', 'Fuse 250V 1.5A', ''),
(580392, 100001, 12, 103, 'INK-70378', 'Ink Pump, 24V', ''),
(580393, 100001, 12, 103, 'LCD-95404', 'Lcd Assy', ''),
(580394, 100001, 12, 103, 'MAL-27764', 'Male Plug', ''),
(580397, 100001, 12, 103, 'NUT-84217', 'Nut Hex Full St M2', ''),
(580398, 100001, 12, 103, 'O-R-49865', 'O-Ring 2 Mm', 'Silicon'),
(580399, 100001, 12, 103, 'O-R-63024', 'O-Ring 3 Mm', 'Silicon'),
(580400, 100001, 12, 103, 'O-R-70981', 'O-Ring 4 Mm', 'Silicon'),
(580401, 100001, 12, 103, 'O-R-85403', 'O-Ring 10 Mm', 'Silicon'),
(580402, 100001, 12, 103, 'PET-75761', 'PE Tubbing 1/4\" Od X 10M ', ''),
(580404, 100001, 12, 103, 'PIP-75609', 'Pipping', ''),
(580406, 100001, 12, 103, 'POW-50699', 'Power Supply Tx Series', ''),
(580407, 100001, 12, 103, 'POW-68612', 'Power Supply Lx Series', ''),
(580408, 100001, 12, 103, 'PRE-59608', 'Pressure Sensor', ''),
(580411, 100001, 12, 103, 'SOL-40759', 'Solenoid 12V', ''),
(580412, 100001, 12, 103, 'SOL-86347', 'Solenoid Valve, 12V', ''),
(580414, 100001, 12, 103, 'SPR-43519', 'Spring 3/16\" Swing-Arm', ''),
(580415, 100001, 12, 103, 'SPR-43520', 'Spring. 60 PSI', ''),
(580416, 100001, 12, 103, 'TUB-84248', 'Tubbing PTFE 1/8\"', ''),
(580417, 100001, 12, 103, 'VER-93759', 'Vertical Asjusting Screw', ''),
(580418, 100001, 12, 103, 'VIS-92403', 'Viscometer', ''),
(580420, 100006, 20, 101, 'SmartCode 120', 'Moon TTO Printer', ''),
(580421, 100006, 20, 101, 'SmartCode 250', 'Moon TTO Printer', ''),
(580422, 100006, 20, 101, 'SmartCode 1280', 'Moon TTO Printer', ''),
(580423, 100006, 20, 101, 'TTO 5000', 'Moon Thermal Transfer Printer', ''),
(580424, 100006, 20, 101, 'TTO 2500', 'Monn Thermal Transfer Printer', ''),
(580425, 100006, 20, 102, 'Printhead 1/2\"', 'PH 1/2\" for SmartCode 120', ''),
(580426, 100006, 20, 102, 'Printhead 1\"', 'PH 1\" for SmartCode 250', ''),
(580427, 100006, 20, 102, 'Printhead 5\"', 'PH 5\" for SmartCode 1280', ''),
(580428, 100006, 20, 102, 'Printhead 1/2\" X', 'PH 1\" for TTO 5000', ''),
(580429, 100006, 20, 102, 'Printhead 1\" X', 'PH 1/2\" for TTO 2500', ''),
(580430, 100006, 20, 102, 'RTMF - 30 x 600 ', 'Cinta polietileno negra.  Mixto cera/resina ', 'Mixto cera/resina '),
(580431, 100006, 20, 102, 'RTMF - 40 x 600 ', 'Cinta polietileno negra.  Mixto cera/resina ', 'Mixto cera/resina '),
(580432, 100006, 20, 102, 'RTMF - 45 x 600 ', 'Cinta polietileno negra.  Mixto cera/resina ', 'Mixto cera/resina '),
(580433, 100006, 20, 102, 'RTMF - 55 x 600 ', 'Cinta polietileno negra.  Mixto cera/resina ', 'Mixto cera/resina '),
(580434, 100006, 20, 102, 'RTMF - 30 x 450 ', 'Cinta polietileno negra.  Mixto cera/resina ', 'Mixto cera/resina '),
(580435, 100006, 20, 102, 'RTMF - 40 x 450 ', 'Cinta polietileno negra.  Mixto cera/resina ', 'Mixto cera/resina '),
(580436, 100006, 20, 102, 'RTMF - 45 x 450 ', 'Cinta polietileno negra.  Mixto cera/resina ', 'Mixto cera/resina '),
(580437, 100006, 20, 102, 'RTMF - 55 x 450 ', 'Cinta polietileno negra.  Mixto cera/resina ', 'Mixto cera/resina '),
(580438, 100006, 20, 102, 'RTRF - 30 x 600 ', 'Cinta polietileno negra.  Resina ', 'Resina '),
(580439, 100006, 20, 102, 'RTRF - 55 x 600 ', 'Cinta polietileno negra.  Resina ', 'Resina '),
(580440, 100006, 20, 102, 'RTMFB - 55 x 450 ', 'Cinta polietileno negra.  Mixto cera/resina ', 'Mixto cera/resina '),
(580441, 100006, 20, 102, 'RTMFV - 55 x 450 ', 'Cinta polietileno negra.  Mixto cera/resina ', 'Mixto cera/resina '),
(580442, 100006, 20, 102, 'RTMF - 110 x 450 ', 'Cinta polietileno negra.  Mixto cera/resina ', 'Mixto cera/resina '),
(580443, 100006, 20, 102, 'RTRF - 110 x 450 ', 'Cinta polietileno negra.  Resina ', 'Resina '),
(580444, 100006, 20, 102, 'BTMF - 30 x 600 ', 'Cinta polietileno azul.  Mixto cera/resina ', ''),
(580445, 100006, 20, 102, 'BTMF - 40 x 600 ', 'Cinta polietileno azul.  Mixto cera/resina ', ''),
(580446, 100006, 20, 102, 'BTMF - 45 x 600 ', 'Cinta polietileno azul.  Mixto cera/resina ', ''),
(580447, 100006, 20, 102, 'BTMF - 55 x 600 ', 'Cinta polietileno azul.  Mixto cera/resina ', ''),
(580448, 100006, 20, 102, 'BTMF - 30 x 450 ', 'Cinta polietileno azul.  Mixto cera/resina ', ''),
(580449, 100006, 20, 102, 'BTMF - 40 x 450 ', 'Cinta polietileno azul.  Mixto cera/resina ', ''),
(580450, 100006, 20, 102, 'BTMF - 45 x 450 ', 'Cinta polietileno azul.  Mixto cera/resina ', ''),
(580451, 100006, 20, 102, 'BTMF - 55 x 450 ', 'Cinta polietileno azul.  Mixto cera/resina ', ''),
(580452, 100006, 20, 102, 'BTBF - 30 x 600 ', 'Cinta polietileno azul.  Resina ', ''),
(580453, 100006, 20, 102, 'BTBF - 55 x 600 ', 'Cinta polietileno azul.  Resina ', ''),
(580454, 100006, 20, 102, 'BTMFB - 55 x 450 ', 'Cinta polietileno azul.  Mixto cera/resina ', ''),
(580455, 100006, 20, 102, 'BTMFV - 55 x 450 ', 'Cinta polietileno azul.  Mixto cera/resina ', ''),
(580456, 100006, 20, 102, 'BTMF - 110 x 450 ', 'Cinta polietileno azul.  Mixto cera/resina ', ''),
(580457, 100006, 20, 102, 'BTBF - 110 x 450 ', 'Cinta polietileno azul.  Resina ', ''),
(580459, 100006, 20, 104, 'TS-4500', 'Touch Screen', 'Touch Screen for SmartCode Series'),
(580460, 100006, 20, 104, 'TP-5500', 'Touch Panel', 'Touch Panel for SmartCode Series'),
(580462, 100006, 20, 104, 'TSC-5', 'Touch Screen', ''),
(580474, 100006, 20, 103, 'MOV-75924', 'Movement Roller', ''),
(580475, 100006, 20, 103, 'LOC-25162', 'Locating Roller', ''),
(580476, 100006, 20, 103, 'RUB-32148', 'Rubber Roller', ''),
(580477, 100006, 20, 103, 'DRI-55984', 'Drive Belt', ''),
(580478, 100006, 20, 103, 'LIN-47437', 'Linear Guide Rail', ''),
(580479, 100006, 20, 103, 'MAG-44179', 'Magnet Replacement Kir', ''),
(580480, 100006, 20, 103, 'TIM-18024', 'Timing Belt', ''),
(580481, 100006, 20, 103, 'LEA-28934', 'Lead Cable Assy', ''),
(580482, 100006, 20, 103, 'GAU-29475', 'Gauge, Pressure', ''),
(580483, 100005, 10, 102, 'LAB-1563-T', 'Etiqueta 28 x 15 mm', '2000 uds. Térmica, Int. Ø 40 mm'),
(580484, 100005, 10, 102, 'LAB-1564-T', 'Etiqueta 28 x 20 mm', '2600 uds. Térmica, Int. Ø 40 mm'),
(580485, 100005, 10, 102, 'LAB-1565-T', 'Etiqueta 28 x 25 mm', '3300 uds. Térmica, Int. Ø 40 mm'),
(580486, 100005, 10, 102, 'LAB-1566-T', 'Etiqueta 28 x 10 mm', '1300 uds. Térmica, Int. Ø 40 mm'),
(580487, 100005, 10, 102, 'LAB-1567-T', 'Etiqueta 28 x 35 mm', '4600 uds. Térmica, Int. Ø 40 mm'),
(580488, 100005, 10, 102, 'LAB-1568-W', 'Etiqueta 28 x 15 mm', '2000 uds. Blanca, Int. Ø 40 mm'),
(580489, 100005, 10, 102, 'LAB-1569-W', 'Etiqueta 28 x 20 mm', '2600 uds. Blanca, Int. Ø 40 mm'),
(580490, 100005, 10, 102, 'LAB-1570-W', 'Etiqueta 28 x 25 mm', '3300 uds. Blanca, Int. Ø 40 mm'),
(580491, 100005, 10, 102, 'LAB-1571-W', 'Etiqueta 28 x 10 mm', '1300 uds. Blanca, Int. Ø 40 mm'),
(580492, 100005, 10, 102, 'LAB-1572-W', 'Etiqueta 28 x 35 mm', '4600 uds. Blanca, Int. Ø 40 mm'),
(580493, 100001, 12, 101, '1024TX', 'Printalis Inkjet Printer', ''),
(580494, 100001, 12, 101, '1200LX', 'Printalis Inkjet Printer', ''),
(580495, 100001, 12, 101, '2024TX', 'Printalis Inkjet Printer', ''),
(580496, 100001, 12, 101, '2200LX', 'Printalis Inkjet Printer', ''),
(580497, 100001, 16, 101, 'Essel 2024 XT', 'Bideojet Inkjet Printer', 'Extreme'),
(580498, 100001, 16, 101, 'Essel 2024 XS', 'Bideojet Inkjet Printer', 'Xtra Speed'),
(580499, 100001, 16, 101, 'Essel 2024 ST', 'Bideojet Inkjet Printer', 'Standard'),
(580500, 100001, 16, 101, 'Essel 2024 AD', 'Bideojet Inkjet Printer', 'Advanced'),
(580501, 100001, 12, 102, 'IN-1001-BK', '1001 Black fast dry ink', 'Base Alcohol'),
(580502, 100001, 12, 102, 'IN-1002-BK', '1002 Black fast dry ink', 'Base Alcohol'),
(580503, 100001, 12, 102, 'IN-1003-BK', '1003 Black fast dry ink', 'Base Alcohol'),
(580504, 100001, 12, 102, 'IN-1004-BK', '1004 Black fast dry ink', 'Base Alcohol'),
(580505, 100001, 12, 102, 'IN-1005-BK', '1005 Black fast dry ink', 'Base Alcohol'),
(580506, 100001, 12, 102, 'IN-2001-BK', '2001 Black fast dry ink', 'Base MEK'),
(580507, 100001, 12, 102, 'IN-2002-BK', '2002 Black fast dry ink', 'Base MEK'),
(580508, 100001, 12, 102, 'IN-2003-BK', '2003 Black fast dry ink', 'Base MEK'),
(580509, 100001, 12, 102, 'IN-2004-BK', '2004 Black fast dry ink', 'Base MEK'),
(580510, 100001, 12, 102, 'IN-2011-BL', '2011 Blue fast dry ink', 'Base MEK'),
(580511, 100001, 12, 102, 'IN-2020-BK', '2020 Black fast dry ink', 'Base MEK'),
(580512, 100001, 12, 102, 'IN-2022-BL', '2022 Blue fast dry ink', 'Base MEK'),
(580513, 100001, 12, 102, 'IN-2023-BL', '2023 Blue fast dry ink', 'Base MEK'),
(580514, 100001, 12, 102, 'IN-2024-BL', '2024 Blue fast dry ink', 'Base MEK'),
(580515, 100001, 12, 102, 'MC-1001-BK', 'Make-up 1001', '1001'),
(580516, 100001, 12, 102, 'MC-1002-BK', 'Make-up 1002', '1002'),
(580517, 100001, 12, 102, 'MC-1003-BK', 'Make-up 1003', '1003'),
(580518, 100001, 12, 102, 'MC-1004-BK', 'Make-up 1004', '1004'),
(580519, 100001, 12, 102, 'MC-1005-BK', 'Make-up 1005', '1005'),
(580520, 100001, 12, 102, 'MC-2001-BK', 'Make-up 2001', '2001'),
(580521, 100001, 12, 102, 'MC-2002-BK', 'Make-up 2002', '2002'),
(580522, 100001, 12, 102, 'MC-2003-BK', 'Make-up 2003', '2003'),
(580523, 100001, 12, 102, 'MC-2004-BK', 'Make-up 2004', '2004'),
(580524, 100001, 12, 102, 'MC-2011-BL', 'Make-up 2011', '2011'),
(580525, 100001, 12, 102, 'MC-2020-BK', 'Make-up 2020', '2020'),
(580526, 100001, 12, 102, 'MC-2022-BL', 'Make-up 2022', '2022'),
(580527, 100001, 12, 102, 'MC-2023-BL', 'Make-up 2023', '2023'),
(580528, 100001, 12, 102, 'MC-2024-BL', 'Make-up 2024', '2024'),
(580529, 100001, 12, 102, 'SL-1001-BK', 'Solvent 1001', '1001'),
(580530, 100001, 12, 102, 'SL-1002-BK', 'Solvent 1002', '1002'),
(580531, 100001, 12, 102, 'SL-1003-BK', 'Solvent 1003', '1003'),
(580532, 100001, 12, 102, 'SL-1004-BK', 'Solvent 1004', '1004'),
(580533, 100001, 12, 102, 'SL-1005-BK', 'Solvent 1005', '1005'),
(580534, 100001, 12, 102, 'SL-2001-BK', 'Solvent 2001', '2001'),
(580535, 100001, 12, 102, 'SL-2002-BK', 'Solvent 2002', '2002'),
(580536, 100001, 12, 102, 'SL-2003-BK', 'Solvent 2003', '2003'),
(580537, 100001, 12, 102, 'SL-2004-BK', 'Solvent 2004', '2004'),
(580538, 100001, 12, 102, 'SL-2011-BL', 'Solvent 2011', '2011'),
(580539, 100001, 12, 102, 'SL-2020-BK', 'Solvent 2020', '2020'),
(580540, 100001, 12, 102, 'SL-2022-BL', 'Solvent 2022', '2022'),
(580541, 100001, 12, 102, 'SL-2023-BL', 'Solvent 2023', '2023'),
(580542, 100001, 12, 102, 'SL-2024-BL', 'Solvent 2024', '2024'),
(580543, 100001, 12, 102, 'WL-1000', 'Wash', '1000'),
(580544, 100001, 12, 102, 'WL-2000', 'Wash', '2000'),
(580545, 100001, 12, 104, 'ACT-71915', 'Actuator', ''),
(580546, 100001, 12, 103, 'ADJ-15092', 'Adjusting Shaft', ''),
(580547, 100001, 12, 102, 'AIR-19402', 'Air Filter', 'Paper'),
(580548, 100001, 12, 103, 'BOL-21295', 'Bolt M3', ''),
(580549, 100001, 12, 103, 'BOL-30860', 'Bolt M5', ''),
(580550, 100001, 12, 103, 'BOL-45182', 'Bolt M4', ''),
(580551, 100001, 12, 103, 'BOL-56610', 'Bolt M7', ''),
(580552, 100001, 12, 103, 'CAM-57222', 'Cam', ''),
(580553, 100001, 12, 103, 'DEF-56025', 'Deflector', ''),
(580554, 100001, 12, 103, 'DOO-38076', 'Door Assy', ''),
(580555, 100001, 12, 103, 'FIL-15236', 'Filter Kit', '3 unidades'),
(580556, 100001, 12, 102, 'FIL-17875', 'Filter 5 µm', 'Plastic'),
(580557, 100001, 12, 102, 'FIL-38046', 'Filter 10 µm', 'Plastic'),
(580558, 100001, 12, 102, 'FIL-48837', 'Filter 15 µm', 'Plastic'),
(580559, 100001, 12, 103, 'DAM-73927', 'Damper Module', ''),
(580560, 100001, 12, 103, 'MAI-29573', 'Main filter', ''),
(580561, 100001, 12, 103, 'PRE-59609', 'Pressure Regulator', ''),
(580562, 100001, 12, 103, 'DRY-21349', 'Dryer', ''),
(580563, 100001, 12, 103, 'FIT-28329', 'Fitting', ''),
(580564, 100001, 12, 103, 'FLA-26601', 'Flat-Ring 2 Mm', 'Teflón'),
(580565, 100001, 12, 103, 'FLA-28180', 'Flat-Ring 10 Mm', 'Teflón'),
(580566, 100001, 12, 103, 'FLA-44612', 'Flat-Ring 4 Mm', 'Teflón'),
(580567, 100001, 12, 103, 'FLA-97270', 'Flat-Ring 3 Mm', 'Teflón'),
(580568, 100001, 12, 104, 'FOT-74307', 'Fotocélula De Fibra Optica', ''),
(580569, 100001, 12, 103, 'FUS-26243', 'Fuse 250V 1A', ''),
(580570, 100001, 12, 103, 'FUS-50808', 'Fuse 250V 2A', ''),
(580571, 100001, 12, 103, 'FUS-79577', 'Fuse 250V 1.5A', ''),
(580572, 100001, 12, 103, 'INK-70378', 'Ink Pump, 24V', ''),
(580573, 100001, 12, 103, 'LCD-95404', 'Lcd Assy', ''),
(580574, 100001, 12, 103, 'MAL-27764', 'Male Plug', ''),
(580575, 100001, 12, 104, 'MAS-38863', 'Mastil', ''),
(580576, 100001, 12, 104, 'MES-31422', 'Mesa Soporte Inox', ''),
(580577, 100001, 12, 103, 'NUT-84217', 'Nut Hex Full St M2', ''),
(580578, 100001, 12, 103, 'O-R-49865', 'O-Ring 2 Mm', 'Silicon'),
(580579, 100001, 12, 103, 'O-R-63024', 'O-Ring 3 Mm', 'Silicon'),
(580580, 100001, 12, 103, 'O-R-70981', 'O-Ring 4 Mm', 'Silicon'),
(580581, 100001, 12, 103, 'O-R-85403', 'O-Ring 10 Mm', 'Silicon'),
(580582, 100001, 12, 103, 'PET-75761', 'PE Tubbing 1/4\" Od X 10M ', ''),
(580583, 100001, 12, 104, 'PHO-61241', 'Photocell', ''),
(580584, 100001, 12, 103, 'PIP-75609', 'Pipping', ''),
(580585, 100001, 12, 104, 'POW-21972', 'Power Cable', ''),
(580586, 100001, 12, 103, 'POW-50699', 'Power Supply Tx Series', ''),
(580587, 100001, 12, 103, 'POW-68612', 'Power Supply Lx Series', ''),
(580588, 100001, 12, 103, 'PRE-59608', 'Pressure Sensor', ''),
(580589, 100001, 12, 104, 'SHA-60416', 'Shaft Encoder Wheel', ''),
(580590, 100001, 12, 104, 'SHA-92285', 'Shaft Encoder', ''),
(580591, 100001, 12, 103, 'SOL-40759', 'Solenoid 12V', ''),
(580592, 100001, 12, 103, 'SOL-86347', 'Solenoid Valve, 12V', ''),
(580593, 100001, 12, 104, 'SOP-30885', 'Soporte Printhead', ''),
(580594, 100001, 12, 103, 'SPR-43519', 'Spring 3/16\" Swing-Arm', ''),
(580595, 100001, 12, 103, 'SPR-43520', 'Spring. 60 PSI', ''),
(580596, 100001, 12, 103, 'TUB-84248', 'Tubbing PTFE 1/8\"', ''),
(580597, 100001, 12, 103, 'VER-93759', 'Vertical Asjusting Screw', ''),
(580598, 100001, 12, 103, 'VIS-92403', 'Viscometer', ''),
(580599, 100001, 12, 104, 'WHE-73427', 'Wheels Inox', ''),
(580600, 100006, 20, 101, 'SmartCode 120', 'Moon TTO Printer', ''),
(580601, 100006, 20, 101, 'SmartCode 250', 'Moon TTO Printer', ''),
(580602, 100006, 20, 101, 'SmartCode 1280', 'Moon TTO Printer', ''),
(580603, 100006, 20, 101, 'TTO 5000', 'Moon Thermal Transfer Printer', ''),
(580604, 100006, 20, 101, 'TTO 2500', 'Monn Thermal Transfer Printer', ''),
(580605, 100006, 20, 102, 'Printhead 1/2\"', 'PH 1/2\" for SmartCode 120', ''),
(580606, 100006, 20, 102, 'Printhead 1\"', 'PH 1\" for SmartCode 250', ''),
(580607, 100006, 20, 102, 'Printhead 5\"', 'PH 5\" for SmartCode 1280', ''),
(580608, 100006, 20, 102, 'Printhead 1/2\" X', 'PH 1\" for TTO 5000', ''),
(580609, 100006, 20, 102, 'Printhead 1\" X', 'PH 1/2\" for TTO 2500', ''),
(580610, 100006, 20, 102, 'RTMF - 30 x 600 ', 'Cinta polietileno negra.  Mixto cera/resina ', 'Mixto cera/resina '),
(580611, 100006, 20, 102, 'RTMF - 40 x 600 ', 'Cinta polietileno negra.  Mixto cera/resina ', 'Mixto cera/resina '),
(580612, 100006, 20, 102, 'RTMF - 45 x 600 ', 'Cinta polietileno negra.  Mixto cera/resina ', 'Mixto cera/resina '),
(580613, 100006, 20, 102, 'RTMF - 55 x 600 ', 'Cinta polietileno negra.  Mixto cera/resina ', 'Mixto cera/resina '),
(580614, 100006, 20, 102, 'RTMF - 30 x 450 ', 'Cinta polietileno negra.  Mixto cera/resina ', 'Mixto cera/resina '),
(580615, 100006, 20, 102, 'RTMF - 40 x 450 ', 'Cinta polietileno negra.  Mixto cera/resina ', 'Mixto cera/resina '),
(580616, 100006, 20, 102, 'RTMF - 45 x 450 ', 'Cinta polietileno negra.  Mixto cera/resina ', 'Mixto cera/resina '),
(580617, 100006, 20, 102, 'RTMF - 55 x 450 ', 'Cinta polietileno negra.  Mixto cera/resina ', 'Mixto cera/resina '),
(580618, 100006, 20, 102, 'RTRF - 30 x 600 ', 'Cinta polietileno negra.  Resina ', 'Resina '),
(580619, 100006, 20, 102, 'RTRF - 55 x 600 ', 'Cinta polietileno negra.  Resina ', 'Resina '),
(580620, 100006, 20, 102, 'RTMFB - 55 x 450 ', 'Cinta polietileno negra.  Mixto cera/resina ', 'Mixto cera/resina '),
(580621, 100006, 20, 102, 'RTMFV - 55 x 450 ', 'Cinta polietileno negra.  Mixto cera/resina ', 'Mixto cera/resina '),
(580622, 100006, 20, 102, 'RTMF - 110 x 450 ', 'Cinta polietileno negra.  Mixto cera/resina ', 'Mixto cera/resina '),
(580623, 100006, 20, 102, 'RTRF - 110 x 450 ', 'Cinta polietileno negra.  Resina ', 'Resina '),
(580624, 100006, 20, 102, 'BTMF - 30 x 600 ', 'Cinta polietileno azul.  Mixto cera/resina ', ''),
(580625, 100006, 20, 102, 'BTMF - 40 x 600 ', 'Cinta polietileno azul.  Mixto cera/resina ', ''),
(580626, 100006, 20, 102, 'BTMF - 45 x 600 ', 'Cinta polietileno azul.  Mixto cera/resina ', ''),
(580627, 100006, 20, 102, 'BTMF - 55 x 600 ', 'Cinta polietileno azul.  Mixto cera/resina ', ''),
(580628, 100006, 20, 102, 'BTMF - 30 x 450 ', 'Cinta polietileno azul.  Mixto cera/resina ', ''),
(580629, 100006, 20, 102, 'BTMF - 40 x 450 ', 'Cinta polietileno azul.  Mixto cera/resina ', ''),
(580630, 100006, 20, 102, 'BTMF - 45 x 450 ', 'Cinta polietileno azul.  Mixto cera/resina ', ''),
(580631, 100006, 20, 102, 'BTMF - 55 x 450 ', 'Cinta polietileno azul.  Mixto cera/resina ', ''),
(580632, 100006, 20, 102, 'BTBF - 30 x 600 ', 'Cinta polietileno azul.  Resina ', ''),
(580633, 100006, 20, 102, 'BTBF - 55 x 600 ', 'Cinta polietileno azul.  Resina ', ''),
(580634, 100006, 20, 102, 'BTMFB - 55 x 450 ', 'Cinta polietileno azul.  Mixto cera/resina ', ''),
(580635, 100006, 20, 102, 'BTMFV - 55 x 450 ', 'Cinta polietileno azul.  Mixto cera/resina ', ''),
(580636, 100006, 20, 102, 'BTMF - 110 x 450 ', 'Cinta polietileno azul.  Mixto cera/resina ', ''),
(580637, 100006, 20, 102, 'BTBF - 110 x 450 ', 'Cinta polietileno azul.  Resina ', ''),
(580638, 100006, 20, 104, 'TP-4000', 'Touch Pad', 'Touch Pad for SmartCode Series'),
(580639, 100006, 20, 104, 'TS-4500', 'Touch Screen', 'Touch Screen for SmartCode Series'),
(580640, 100006, 20, 104, 'TP-5500', 'Touch Panel', 'Touch Panel for SmartCode Series'),
(580641, 100006, 20, 104, 'TOP-5', 'Touch Pad', ''),
(580642, 100006, 20, 104, 'TSC-5', 'Touch Screen', ''),
(580643, 100006, 20, 104, 'BRA-38042', 'Bracket 1/2\"', ''),
(580644, 100006, 20, 104, 'BRA-95945', 'Bracket 1\"', ''),
(580645, 100006, 20, 104, 'BRA-65822', 'Bracket 5\"', ''),
(580646, 100006, 20, 104, 'POW-30383', 'Power Supply 24V, 250W', ''),
(580647, 100006, 20, 104, 'POW-74392', 'Power Supply 24V, 500W', ''),
(580648, 100006, 20, 104, 'CAS-84751', 'Casette 1/2\" LH', 'Left Hand'),
(580649, 100006, 20, 104, 'CAS-73091', 'Casette 1\" LH', 'Left Hand'),
(580650, 100006, 20, 104, 'CAS-95277', 'Casette 5\" LH', 'Left Hand'),
(580651, 100006, 20, 104, 'CAS-84752', 'Casette 1/2\" RH', 'Right Hand'),
(580652, 100006, 20, 104, 'CAS-73093', 'Casette 1\" RH', 'Right Hand'),
(580653, 100006, 20, 104, 'CAS-95278', 'Casette 5\" RH', 'Right Hand'),
(580654, 100006, 20, 103, 'MOV-75924', 'Movement Roller', ''),
(580655, 100006, 20, 103, 'LOC-25162', 'Locating Roller', ''),
(580656, 100006, 20, 103, 'RUB-32148', 'Rubber Roller', ''),
(580657, 100006, 20, 103, 'DRI-55984', 'Drive Belt', ''),
(580658, 100006, 20, 103, 'LIN-47437', 'Linear Guide Rail', ''),
(580659, 100006, 20, 103, 'MAG-44179', 'Magnet Replacement Kir', ''),
(580660, 100006, 20, 103, 'TIM-18024', 'Timing Belt', ''),
(580661, 100006, 20, 103, 'LEA-28934', 'Lead Cable Assy', ''),
(580662, 100006, 20, 103, 'GAU-29475', 'Gauge, Pressure', ''),
(580663, 100005, 21, 101, 'Satto S84ex P', 'S84ex', 'Satto Label Printer'),
(580664, 100005, 21, 101, 'Satto S86ex P', 'S846ex', 'Satto Label Printer'),
(580665, 100005, 22, 101, 'ZE50042 P', 'ZE50042', 'Satto Label Printer'),
(580666, 100005, 22, 101, 'ZE50043 P', 'ZE50043 ', 'Satto Label Printer'),
(580667, 100005, 22, 101, 'ZE50062 P', 'ZE50062 ', 'Satto Label Printer'),
(580668, 100005, 22, 101, 'ZE50063 P', 'ZE50063 ', 'Satto Label Printer'),
(580669, 100005, 21, 102, 'Satto S Series - 019- PH', 'Printhead – 203 DPI, 4” (RH/LH) ', 'Part #PHD20-2181-01'),
(580670, 100005, 21, 102, 'Satto S Series - 020- PH', 'Printhead – 203 DPI, 6” ', 'Part #PHD20-2164-01'),
(580671, 100005, 21, 102, 'Satto S Series - 021- PH', 'Printhead – 300 DPI, 4” (RH/LH) ', 'Part #PHD20-2182-01'),
(580672, 100005, 21, 102, 'Satto S Series - 022- PH', 'Printhead – 300 DPI, 6” ', 'Part #PHD20-2195-01'),
(580673, 100005, 21, 102, 'Satto S Series - 023- PH', 'Printhead – 406 DPI, 4” (RH/LH) ', 'Part #PHD20-2208-00'),
(580674, 100005, 21, 102, 'Satto S Series - 024- PH', 'Printhead – 406 DPI, 6” ', 'Part #PHD20-2208-01'),
(580675, 100005, 21, 102, 'Satto S Series - 025- PH', 'Printhead – 600 DPI, 4” (RH/LH) ', 'Part #PHD20-2209-00'),
(580676, 100005, 21, 102, 'Satto S Series - 026- PH', 'Printhead – 600 DPI, 6” ', 'Part #PHD20-2209-01'),
(580677, 100005, 21, 102, 'Satto S84ex - 203- PH', 'Printhead – 203 DPI ', 'Part #R29219000-3'),
(580678, 100005, 21, 102, 'Satto S84ex - 305- PH', 'Printhead – 305 DPI ', 'Part #R29225000-4'),
(580679, 100005, 21, 102, 'Satto S86ex - 203- PH', 'Printhead – 203 DPI ', 'Part #R32975200-5'),
(580680, 100005, 21, 102, 'Satto S86ex - 305- PH', 'Printhead – 305 DPI ', 'Part #R32975300-6'),
(580681, 100005, 22, 102, 'ZE50042- PH', 'Printhead 203 dpi ZE500-4 RH & LH – Standard life ', 'Part #P1046696-0992'),
(580682, 100005, 22, 102, 'ZE50043- PH', 'Printhead 300 dpi ZE500-4 RH & LH – Standard life ', 'Part #P1046696-0161'),
(580683, 100005, 22, 102, 'ZE50062- PH', 'Printhead 203 dpi ZE500-6 RH & LH ', 'Part #P1004236'),
(580684, 100005, 22, 102, 'ZE50063- PH', 'Printhead 300 dpi ZE500-6 RH & LH ', 'Part #P1004237'),
(580685, 100005, 21, 103, 'Satto S Series - 001', '1 Actuator ', 'Part #DSM-12-270-P1-A-B'),
(580686, 100005, 21, 103, 'Satto S Series - 002', '1 Air Assist Tube ', 'Part #PA-NSHFZ-014 '),
(580687, 100005, 21, 103, 'Satto S Series - 003', '1 Applicator Drive Motor ', 'Part #PA-P9e-0207'),
(580688, 100005, 21, 103, 'Satto S Series - 004', '1 B20 Vacuum Fan ', 'Part #5915PC-12T-B20-A00'),
(580689, 100005, 21, 103, 'Satto S Series - 005', '1 Operator Interface ', 'Part #P9-DISP-001'),
(580690, 100005, 21, 103, 'Satto S Series - 006', '1 Product Detect Photoeye ', 'Part #1078478'),
(580691, 100005, 21, 103, 'Satto S Series - 007', '1 Rack Guide assembly ', 'Part #PA-P9e-CF011 Assy'),
(580692, 100005, 21, 103, 'Satto S Series - 008', '1 Servo Motor ', 'Part #PA-P9e-0208'),
(580693, 100005, 21, 103, 'Satto S Series - 009', '1 Solenoid Valve – 2 Position ', 'Part #411A-A0A-JM-JDA0-1LJ'),
(580694, 100005, 21, 103, 'Satto S Series - 010', '1 Solenoid Valve – 3 Position ', 'Part #451A-A0A-JM-JDA0-1LJ'),
(580695, 100005, 21, 103, 'Satto S Series - 011', '1 Take up Motor ', 'Part #SG6I06GA-TA-7'),
(580696, 100005, 21, 103, 'Satto S Series - 012', '1 Take-Up Motor ', 'Part #SG6I06GA-TA-8'),
(580697, 100005, 21, 103, 'Satto S Series - 013', '6 Take-up Belts – Standard Green ', 'Part #PA-TU-11335.C'),
(580698, 100005, 21, 103, 'Satto S Series - 014', 'Belt Timing 184 Teeth 3MM HTD ', 'Part #17-2987-01'),
(580699, 100005, 21, 103, 'Satto S Series - 015', 'Peel Roller Assembly (RH/LH) ', 'Part #15-3019-02'),
(580700, 100005, 21, 103, 'Satto S Series - 016', 'Peel Roller Assembly ', 'Part #15-3019-12'),
(580701, 100005, 21, 103, 'Satto S Series - 017', 'Platen Roller Assembly, Main (RH/LH) ', 'Part #15-3019-01'),
(580702, 100005, 21, 103, 'Satto S Series - 018', 'Platen Roller Assembly, Main ', 'Part #15-3019-11'),
(580703, 100005, 21, 103, 'Satto S Series - 027', 'Take-up Roller Assembly (RH/LH) -', 'Part #15-3019-03'),
(580704, 100005, 21, 103, 'Satto S Series - 028', 'Take-up Roller Assembly ', 'Part #15-3019-13'),
(580705, 100005, 21, 103, 'Satto S84ex - 203 SP - 1', 'Timing Belt ', 'Part #P349282035'),
(580706, 100005, 21, 103, 'Satto S84ex - 203 SP - 2', 'Timing Belt ', 'Part #P462702039'),
(580707, 100005, 21, 103, 'Satto S84ex - 203 SP - 3', 'Timing Belt ', 'Part #P462712033'),
(580708, 100005, 21, 103, 'Satto S84ex - 203 SP - 4', 'Feed Roller ', 'Part #R29175000-7'),
(580709, 100005, 21, 103, 'Satto S84ex - 203 SP - 5', 'Pressure Roller ', 'Part #R29176000-9'),
(580710, 100005, 21, 103, 'Satto S84ex - 203 SP - 6', 'Platen Roller ', 'Part #R29177000-1'),
(580711, 100005, 21, 103, 'Satto S84ex - 305 SP - 7', 'Timing Belt ', 'Part #P349283057'),
(580712, 100005, 21, 103, 'Satto S84ex - 305 SP - 8', 'Timing Belt ', 'Part #P462703051'),
(580713, 100005, 21, 103, 'Satto S84ex - 305 SP - 9', 'Timing Belt ', 'Part #P462713055'),
(580714, 100005, 21, 103, 'Satto S84ex - 305 SP - 10', 'Feed Roller ', 'Part #R29175000-8'),
(580715, 100005, 21, 103, 'Satto S84ex - 305 SP - 11', 'Pressure Roller ', 'Part #R29176000-0'),
(580716, 100005, 21, 103, 'Satto S84ex - 305 SP - 12', 'Platen Roller ', 'Part #R29177000-2'),
(580717, 100005, 21, 103, 'Satto S86ex - 203 SP - 13', 'Timing Belt ', 'Part #P349282036'),
(580718, 100005, 21, 103, 'Satto S86ex - 203 SP - 14', 'Timing Belt ', 'Part #P462702030'),
(580719, 100005, 21, 103, 'Satto S86ex - 203 SP - 15', 'Timing Belt ', 'Part #P462712034'),
(580720, 100005, 21, 103, 'Satto S86ex - 203 SP - 16', 'Platen Roller ', 'Part #R20619000-1'),
(580721, 100005, 21, 103, 'Satto S86ex - 203 SP - 17', 'Pressure Roller ', 'Part #R20628000-3'),
(580722, 100005, 21, 103, 'Satto S86ex - 203 SP - 18', 'Feed Roller ', 'Part #R20634000-5'),
(580723, 100005, 21, 103, 'Satto S86ex - 305 SP - 19', 'Timing Belt ', 'Part #P349283058'),
(580724, 100005, 21, 103, 'Satto S86ex - 305 SP - 20', 'Timing Belt ', 'Part #P462703052'),
(580725, 100005, 21, 103, 'Satto S86ex - 305 SP - 21', 'Timing Belt ', 'Part #P462713056'),
(580726, 100005, 21, 103, 'Satto S86ex - 305 SP - 22', 'Platen Roller ', 'Part #R20619000-2'),
(580727, 100005, 21, 103, 'Satto S86ex - 305 SP - 23', 'Pressure Roller ', 'Part #R20628000-4'),
(580728, 100005, 21, 103, 'Satto S86ex - 305 SP - 24', 'Feed Roller ', 'Part #R20634000-6'),
(580729, 100005, 22, 103, 'ZE50042 SP - 25', 'Pinch/Peel Rollers ', 'Part #P1046696-0592'),
(580730, 100005, 22, 103, 'ZE50042 SP - 26', 'Platen Roller ', 'Part #P1046696-0726'),
(580731, 100005, 22, 103, 'ZE50042 SP - 27', 'Drive Belt ', 'Part #P1046696-1461'),
(580732, 100005, 22, 103, 'ZE50043 SP - 28', 'Pinch/Peel Rollers ', 'Part #P1046696-0593'),
(580733, 100005, 22, 103, 'ZE50043 SP - 29', 'Platen Roller ', 'Part #P1046696-0727'),
(580734, 100005, 22, 103, 'ZE50043 SP - 30', 'Drive Belt ', 'Part #P1046696-1462'),
(580735, 100005, 22, 103, 'ZE50062 SP - 31', 'Pinch/Peel Rollers ', 'Part #P1046696-0604'),
(580736, 100005, 22, 103, 'ZE50062 SP - 32', 'Platen Roller ', 'Part #P1046696-0738'),
(580737, 100005, 22, 103, 'ZE50062 SP - 33', 'Drive Belt ', 'Part #P1046696-1463'),
(580738, 100005, 22, 103, 'ZE50063 SP - 34', 'Pinch/Peel Rollers ', 'Part #P1046696-0605'),
(580739, 100005, 22, 103, 'ZE50063 SP - 35', 'Platen Roller ', 'Part #P1046696-0739'),
(580740, 100005, 22, 103, 'ZE50063 SP - 36', 'Drive Belt ', 'Part #P1046696-1464'),
(580741, 100004, 15, 102, 'TIJ-VX-234-BK', 'Black Thermal Ink', 'Negra'),
(580742, 100004, 15, 102, 'TIJ-VX-276-BK', 'Black Thermal Ink', 'Negra'),
(580743, 100004, 15, 102, 'TIJ-VX-288-BK', 'Black Thermal Ink', 'Negra'),
(580744, 100004, 15, 102, 'TIJ-VX-222-BK', 'Black Thermal Ink', 'Negra'),
(580745, 100004, 15, 102, 'TIJ-VX-215-BK', 'Black Thermal Ink', 'Negra'),
(580746, 100004, 15, 102, 'TIJ-VX-208-BK', 'Black Thermal Ink', 'Negra'),
(580747, 100004, 15, 102, 'TIJ-VX-284-BK', 'Black Thermal Ink', 'Negra'),
(580748, 100004, 15, 102, 'TIJ-VX-212-BK', 'Black Thermal Ink', 'Negra'),
(580749, 100004, 15, 102, 'TIJ-VX-205-BK', 'Black Thermal Ink', 'Negra'),
(580750, 100004, 15, 102, 'TIJ-VX-238-BK', 'Black Thermal Ink', 'Negra'),
(580751, 100004, 14, 102, 'TIJ-GX-348-BK', 'Black Thermal Ink', 'Negra'),
(580752, 100004, 14, 102, 'TIJ-GX-376-BK', 'Black Thermal Ink', 'Negra'),
(580753, 100004, 14, 102, 'TIJ-GX-305-BK', 'Black Thermal Ink', 'Negra'),
(580754, 100004, 14, 102, 'TIJ-GX-351-BK', 'Black Thermal Ink', 'Negra'),
(580755, 100004, 14, 102, 'TIJ-GX-315-BK', 'Black Thermal Ink', 'Negra'),
(580756, 100004, 14, 102, 'TIJ-GX-361-BK', 'Black Thermal Ink', 'Negra'),
(580757, 100004, 14, 102, 'TIJ-GX-316-BK', 'Black Thermal Ink', 'Negra'),
(580758, 100004, 14, 102, 'TIJ-GX-312-BK', 'Black Thermal Ink', 'Negra'),
(580759, 100004, 14, 102, 'TIJ-GX-371-BK', 'Black Thermal Ink', 'Negra'),
(580760, 100004, 14, 102, 'TIJ-GX-380-BK', 'Black Thermal Ink', 'Negra'),
(580761, 100004, 14, 102, 'TIJ-GX-309-BL', 'BLUE', 'Azul'),
(580762, 100004, 14, 102, 'TIJ-GX-368-OR', 'ORANGE', 'Naranja'),
(580763, 100004, 14, 102, 'TIJ-GX-301-WT', 'WHITE', 'Blanca'),
(580764, 100004, 14, 102, 'TIJ-GX-371-GR', 'GREEN', 'Verde'),
(580765, 100004, 14, 102, 'TIJ-GX-339-RD', 'RED', 'Roja'),
(580766, 100004, 14, 102, 'TIJ-GX-391-BR', 'BROWN', 'Marrón'),
(580767, 100004, 15, 102, 'TIJ-VX-217-BL', 'BLUE', 'Azul'),
(580768, 100004, 15, 102, 'TIJ-VX-228-OR', 'ORANGE', 'Naranja'),
(580769, 100004, 15, 102, 'TIJ-VX-281-WT', 'WHITE', 'Blanca'),
(580770, 100004, 15, 102, 'TIJ-VX-273-GR', 'GREEN', 'Verde'),
(580771, 100004, 15, 102, 'TIJ-VX-247-RD', 'RED', 'Roja'),
(580772, 100004, 15, 102, 'TIJ-VX-220-BR', 'BROWN', 'Marrón');

-- --------------------------------------------------------

--
-- Estructura de tabla para la tabla `provincias`
--

CREATE TABLE `provincias` (
  `provincia_id` char(2) COLLATE utf8mb4_spanish_ci NOT NULL,
  `deno_provincia` varchar(40) COLLATE utf8mb4_spanish_ci DEFAULT NULL,
  `nombre_provincia` varchar(40) COLLATE utf8mb4_spanish_ci DEFAULT NULL,
  `comunidad_autonoma` varchar(40) COLLATE utf8mb4_spanish_ci DEFAULT NULL,
  `matricula` char(2) COLLATE utf8mb4_spanish_ci DEFAULT NULL,
  `zona_comercial_id` int(11) DEFAULT NULL
) ENGINE=InnoDB DEFAULT CHARSET=utf8mb4 COLLATE=utf8mb4_spanish_ci;

--
-- Volcado de datos para la tabla `provincias`
--

INSERT INTO `provincias` (`provincia_id`, `deno_provincia`, `nombre_provincia`, `comunidad_autonoma`, `matricula`, `zona_comercial_id`) VALUES
('01', 'Álava', 'ARABA/ALAVA', 'País Vasco', 'VI', 6),
('02', 'Albacete', 'ALBACETE', 'Castilla-La Mancha', 'AB', 1),
('03', 'Alicante', 'ALICANTE', 'Comunidad Valenciana', 'A', 4),
('04', 'Almería', 'ALMERIA', 'Andalucía', 'AL', 8),
('05', 'Ávila', 'AVILA', 'Castilla y León', 'AV', 5),
('06', 'Badajoz', 'BADAJOZ', 'Extremadura', 'BA', 1),
('07', 'Illes Balears', 'ILLES BALEARS', 'Islas Baleares', 'IB', 3),
('08', 'Barcelona', 'BARCELONA', 'Cataluña', 'B', 2),
('09', 'Burgos', 'BURGOS', 'Castilla y León', 'BU', 5),
('10', 'Cáceres', 'CACERES', 'Extremadura', 'CC', 1),
('11', 'Cádiz', 'CADIZ', 'Andalucía', 'CA', 8),
('12', 'Castellón', 'CASTELLON', 'Comunidad Valenciana', 'CS', 4),
('13', 'Ciudad Real', 'CIUDAD REAL', 'Castilla-La Mancha', 'CR', 1),
('14', 'Córdoba', 'CORDOBA', 'Andalucía', 'CO', 8),
('15', 'A Coruña', 'A CORUÑA', 'Galicia', 'C', 9),
('16', 'Cuenca', 'CUENCA', 'Castilla-La Mancha', 'CU', 1),
('17', 'Girona', 'GIRONA', 'Cataluña', 'GI', 2),
('18', 'Granada', 'GRANADA', 'Andalucía', 'GR', 8),
('19', 'Guadalajara', 'GUADALAJARA', 'Castilla-La Mancha', 'GU', 1),
('20', 'Guipúzcoa', 'GIPUZKOA', 'País Vasco', 'SS', 6),
('21', 'Huelva', 'HUELVA', 'Andalucía', 'H', 8),
('22', 'Huesca', 'HUESCA', 'Aragón', 'HU', 7),
('23', 'Jaén', 'JAEN', 'Andalucía', 'J', 8),
('24', 'León', 'LEON', 'Castilla y León', 'LE', 5),
('25', 'Lleida', 'LLEIDA', 'Cataluña', 'L', 3),
('26', 'La Rioja', 'LA RIOJA', 'La Rioja', 'RI', 7),
('27', 'Lugo', 'LUGO', 'Galicia', 'LU', 9),
('28', 'Madrid', 'MADRID', 'Comunidad de Madrid', 'M', 1),
('29', 'Málaga', 'MALAGA', 'Andalucía', 'MA', 8),
('30', 'Murcia', 'MURCIA', 'Región de Murcia', 'MU', 4),
('31', 'Navarra', 'NAVARRA', 'Navarra', 'NA', 7),
('32', 'Ourense', 'OURENSE', 'Galicia', 'OU', 9),
('33', 'Asturias', 'ASTURIAS', 'Asturias', 'AS', 6),
('34', 'Palencia', 'PALENCIA', 'Castilla y León', 'P', 5),
('35', 'Las Palmas', 'LAS PALMAS', 'Canarias', 'GC', 8),
('36', 'Pontevedra', 'PONTEVEDRA', 'Galicia', 'PO', 9),
('37', 'Salamanca', 'SALAMANCA', 'Castilla y León', 'SA', 5),
('38', 'S.C. Tenerife', 'SANTA CRUZ DE TENERIFE', 'Canarias', 'TF', 8),
('39', 'Cantabria', 'CANTABRIA', 'Cantabria', 'S', 6),
('40', 'Segovia', 'SEGOVIA', 'Castilla y León', 'SG', 5),
('41', 'Sevilla', 'SEVILLA', 'Andalucía', 'SE', 8),
('42', 'Soria', 'SORIA', 'Castilla y León', 'SO', 5),
('43', 'Tarragona', 'TARRAGONA', 'Cataluña', 'T', 3),
('44', 'Teruel', 'TERUEL', 'Aragón', 'TE', 7),
('45', 'Toledo', 'TOLEDO', 'Castilla-La Mancha', 'TO', 1),
('46', 'Valencia', 'VALENCIA', 'Comunidad Valenciana', 'V', 4),
('47', 'Valladolid', 'VALLADOLID', 'Castilla y León', 'VA', 5),
('48', 'Vizcaya', 'BIZKAIA', 'País Vasco', 'BI', 6),
('49', 'Zamora', 'ZAMORA', 'Castilla y León', 'ZA', 5),
('50', 'Zaragoza', 'ZARAGOZA', 'Aragón', 'Z', 7),
('51', 'Ceuta', 'CEUTA', 'Ceuta', 'CE', 8),
('52', 'Melilla', 'MELILLA', 'Melilla', 'ML', 8);

-- --------------------------------------------------------

--
-- Estructura de tabla para la tabla `recursos_humanos`
--

CREATE TABLE `recursos_humanos` (
  `empleado_id` int(11) NOT NULL,
  `provincia_id` char(2) COLLATE utf8mb4_spanish_ci DEFAULT NULL,
  `direccion` varchar(100) COLLATE utf8mb4_spanish_ci DEFAULT NULL,
  `poblacion` varchar(45) COLLATE utf8mb4_spanish_ci DEFAULT NULL,
  `codigo_postal` char(5) COLLATE utf8mb4_spanish_ci DEFAULT NULL,
  `dni` char(9) COLLATE utf8mb4_spanish_ci DEFAULT NULL,
  `nss` char(10) COLLATE utf8mb4_spanish_ci DEFAULT NULL,
  `fecha_nacimiento` date DEFAULT NULL,
  `telefono_personal` char(9) COLLATE utf8mb4_spanish_ci DEFAULT NULL,
  `email_personal` varchar(100) COLLATE utf8mb4_spanish_ci DEFAULT NULL,
  `movil_personal` char(9) COLLATE utf8mb4_spanish_ci DEFAULT NULL,
  `fecha_inicio` date DEFAULT NULL,
  `fecha_finalizacion` date DEFAULT NULL,
  `situacion` enum('ACTIVO','BAJA','INACTIVO','OTROS') COLLATE utf8mb4_spanish_ci DEFAULT NULL
) ENGINE=InnoDB DEFAULT CHARSET=utf8mb4 COLLATE=utf8mb4_spanish_ci;

--
-- Volcado de datos para la tabla `recursos_humanos`
--

INSERT INTO `recursos_humanos` (`empleado_id`, `provincia_id`, `direccion`, `poblacion`, `codigo_postal`, `dni`, `nss`, `fecha_nacimiento`, `telefono_personal`, `email_personal`, `movil_personal`, `fecha_inicio`, `fecha_finalizacion`, `situacion`) VALUES
(101, '28', 'C/ Avenida de Colmenar Viejo, 47. 3º A', 'Tres Cantos', '28770', '19503879V', '28/941593', '1962-12-23', '919596928', 'alejandro.sancho@telefonica.es', '609088660', '2015-03-25', NULL, 'ACTIVO'),
(102, '28', 'C/ Concepción, 5. 1º-B', 'Collado Villalba', '28400', '21232849P', '28/869528', '1972-11-22', '915559261', 'p_dominguez@myemail.com', '656387442', '2015-03-31', NULL, 'ACTIVO'),
(103, '28', 'C/ Don José María Fernández de la Hoz, 16. Local-B', 'Madrid', '28046', '08362629J', '28/905194', '1977-05-23', '919548068', 'm_cruz@orange.es', '697462415', '2015-04-08', NULL, 'ACTIVO'),
(104, '28', 'Plazade Colmenar Viejo, 50. 3º-B', 'Madrid', '28033', '09557225N', '28/684165', '1980-02-11', '917376984', 'j_prieto@outlook.com', '698756584', '2015-05-17', NULL, 'ACTIVO'),
(105, '28', 'C/ del Pinar, 27. 2º-B', 'Alcalá de Henares', '28805', '19133550B', '28/803105', '1974-01-01', '914746385', 'a_ferrer@orange.es', '649586239', '2015-05-20', NULL, 'ACTIVO'),
(106, '28', 'C/ Casarrubuelos, 77. 1º-B', 'Madrid', '28031', '18548207H', '28/891276', '1974-06-02', '918601951', 'n_ruiz@mail.net', '656480722', '2015-06-06', NULL, 'ACTIVO'),
(107, '28', 'C/ Parla, 25. 4º-C', 'Madrid', '28046', '26272236A', '28/631877', '1978-05-30', '913742582', 'i_garcia@jazztel.com', '628526538', '2015-07-02', NULL, 'ACTIVO'),
(108, '08', 'Avda. de Barcelona, 15. Bajo-Dcha.', 'Barberà del Vallès', '08210', '06194907H', '08/583643', '1978-01-28', '939021986', 'p_jimenez@vodafone.es', '627215838', '2015-07-04', NULL, 'ACTIVO'),
(109, '28', 'Camino de Matalasgrajas, 54. 4º-Izda.', 'Madrid', '28914', '11866805R', '28/615098', '1971-09-13', '', 's_gallego@orange.es', '611067891', '2015-08-24', NULL, 'ACTIVO'),
(110, '28', 'C/ Pelayo Pérez, 24. 1º-E', 'Madrid', '28042', '16134119X', '28/559018', '1974-06-02', '', 'a_soto@vodafone.es', '613943704', '2015-09-08', NULL, 'ACTIVO'),
(111, '08', 'Avda. de Burgos, 9. 1º-Entrs.', 'Barcelona', '08020', '11355708X', '08/633733', '1980-03-28', '', 'm_jimenez@supercable.es', '668746960', '2015-10-01', NULL, 'ACTIVO'),
(112, '15', 'Barrio de San Miguel, 12. 4º-A', 'A Coruña', '15001', '13738831B', '15/523562', '1976-10-30', '', 'a_hervas@hotmail.com', '668918177', '2015-11-25', NULL, 'ACTIVO'),
(113, '28', 'C/ Móstoles, 60. 2º-Entrs.', 'Madrid', '28032', '21360384P', '28/677568', '1976-06-04', '', 'm_delgado@orange.es', '636817714', '2015-12-13', NULL, 'ACTIVO'),
(114, '15', 'C/ Ablanquejo, 8. 4º-B', 'A Coruña', '15002', '15756736B', '15/943495', '1977-03-10', '', 'j_suarez@lycos.com', '676257114', '2016-01-30', NULL, 'ACTIVO'),
(115, '08', 'Avda. de Cáceres, 6. 2º- ', 'Barcelona', '08021', '22254187P', '08/776600', '1971-06-13', '', 'm_bautista@gmail.com', '639235183', '2016-02-12', NULL, 'ACTIVO'),
(116, '17', 'C/ Alagón, 1. 1º-A', 'Girona', '17001', '01478511W', '17/726194', '1972-07-03', '', 'a_crespo@ono.es', '670234400', '2016-02-12', NULL, 'ACTIVO'),
(117, '09', 'Avda. de Valladolid, 8. 4º-B', 'Burgos', '09001', '07862968G', '09/735683', '1975-12-29', '', 'b_diaz@yahoo.com', '676989548', '2016-02-24', NULL, 'ACTIVO'),
(118, '01', 'Avda. de Badajoz, 9. 1º-B', 'Vitoria', '01012', '01995843H', '01/444169', '1972-10-19', '', 'r_gutierrez@hotmail.com', '630865614', '2016-04-19', NULL, 'ACTIVO'),
(119, '08', 'Avda. de Castilla, 1. 1º-C', 'Barcelona', '08022', '23323377C', '08/642868', '1977-06-02', '', 't_giner@mail.com', '670430694', '2016-11-25', NULL, 'ACTIVO'),
(120, '28', 'C/ Hermanos Riquelme, 5. 1º-A', 'Alcobendas', '28108', '08189666X', '28/865940', '1979-12-15', '', 's_diaz@hotmail.com', '648874504', '2016-11-27', NULL, 'ACTIVO'),
(121, '28', 'C/ Ocho de Marzo, 66. 4º-Izda.', 'Alcobendas', '28100', '01573599P', '28/849039', '1979-10-31', '', 'a_cruz@hotbot.com', '656419231', '2016-12-16', NULL, 'ACTIVO'),
(122, '19', 'C/ Alemania, 3. 3º-A', 'Guadalajara', '19001', '14747750N', '19/557661', '1970-08-30', '', 'c_vilar@msn.com', '610886737', '2016-12-20', NULL, 'ACTIVO'),
(123, '10', 'Avda. el Jardín de Miraltajo, 6. 2º-B', 'Cáceres', '10001', '14754905Z', '10/706082', '1979-12-25', '', 'a_gomez@orange.es', '650514723', '2017-01-29', NULL, 'ACTIVO'),
(124, '09', 'Avda. del Teniente General Gustavo Urrutia, 2. 2º- ', 'Burgos', '09002', '18711696T', '09/740104', '1975-12-15', '', 'a_ruiz@fuzzi.es', '617212185', '2017-02-07', NULL, 'ACTIVO'),
(125, '28', 'Calle de Amadeo Vives, 96. 4º-Entrs.', 'Madrid', '28043', '14544569J', '28/756170', '1978-09-02', '913788000', 'r.gomez1973@yahoo.com', '638637608', '2017-04-12', NULL, 'ACTIVO'),
(126, '28', 'Calle de la Tormenta, 39. 2º- ', 'Madrid', '28031', '05274923B', '28/681875', '1973-05-26', '912917117', 'a.vega1973@ono.es', '693915695', '2017-04-24', NULL, 'ACTIVO'),
(127, '28', 'C/ del Cristo, 8. 4º-B', 'Madrid', '28031', '10167390X', '28/988509', '1980-02-03', '917123936', 'y.gomez2003@hotmail.com', '649714746', '2017-06-03', NULL, 'ACTIVO'),
(128, '28', 'Calle del Hostal, 49. 2º-B', 'Tres Cantos', '28760', '19269520M', '28/842670', '1978-10-01', '911521063', 'l.barrera1988@telefonica.es', '634945343', '2017-06-06', NULL, 'ACTIVO'),
(129, '28', 'Calle del Picazo, 45. 4º-D', 'Madrid', '28036', '01585839N', '28/785145', '1975-11-22', '916158558', 'm.gonzalez1986@net-c.es', '617738460', '2017-06-30', NULL, 'ACTIVO'),
(130, '15', 'C/ Agustinas Recoletas, 7. 3º-A', 'A Coruña', '15003', '29831805T', '15/524264', '1976-10-14', '', 'a.suarez1978@mailx.com', '633377825', '2017-09-07', NULL, 'ACTIVO'),
(131, '28', 'Avenida de Cabilda, 7. 2º- ', 'Madrid', '28040', '15491358F', '28/588796', '1974-02-21', '913947092', 'f.prieto1986@gmail.com', '663557345', '2017-11-01', NULL, 'ACTIVO'),
(132, '28', 'C/ País Vasco, 76. 3º-B', 'Madrid', '28031', '07581259E', '28/497281', '1972-01-01', '914317879', 'l.gimenez1989@aws.com', '656933409', '2017-11-15', NULL, 'ACTIVO'),
(133, '28', 'Avenida de Fuenlabrada, 48. 1º-Entrs.', 'Madrid', '28043', '14701159L', '28/730397', '1971-10-28', '914623309', 'j.garcia1970@msn.com', '677195154', '2017-12-06', NULL, 'ACTIVO'),
(134, '19', 'C/ Cádiz, 2. 2º-D', 'Guadalajara', '19002', '26998726S', '19/772550', '1975-02-08', '', 'm.parra1997@yahoo.com', '689211133', '2017-12-19', NULL, 'ACTIVO'),
(135, '10', 'Avda. Río Tajo, 12. 4º-A', 'Cáceres', '10002', '03581952R', '10/712358', '1978-12-24', '', 'm.garcia1980@telefonica.es', '690452289', '2018-01-02', NULL, 'ACTIVO'),
(136, '18', 'C/ Alberche, 12. 4º-Izda.', 'Granada', '18001', '09286703Q', '18/818202', '1970-01-26', '', 'm.aviles2003@fuzzi.es', '618119863', '2018-01-18', NULL, 'ACTIVO'),
(137, '18', 'C/ Alegas, 8. 4º-B', 'Motril', '18600', '09176193K', '18/957298', '1974-02-24', '', 'r.diaz1997@msn.com', '657167289', '2018-01-21', NULL, 'ACTIVO'),
(138, '28', 'C/ de Monfragüe, 95. 3º-Entrs.', 'Rozas de Madrid (Las)', '28230', '22491939D', '28/788094', '1978-04-23', '', 'g.nunez1962@supercable.es', '646712939', '2018-02-08', NULL, 'ACTIVO'),
(139, '08', 'Avda. de España, 10. 2º-C', 'Barcelona', '08023', '20669812B', '08/518040', '1972-11-20', '', 'm.soler1976@ozu.es', '632957197', '2018-02-24', NULL, 'ACTIVO'),
(140, '28', 'C/ de Roquenublo, 98. 2º- ', 'Madrid', '28016', '26298997S', '28/614360', '1979-06-06', '', 'c.carrasco2005@supercable.es', '631851457', '2018-04-16', NULL, 'ACTIVO'),
(141, '15', 'C/ Agustinas Recoletas-Prolongación, 12. 4º- ', 'A Coruña', '15004', '04164418S', '15/721029', '1978-01-24', '', 'x.mendez1977@telefonica.es', '634151317', '2018-05-27', NULL, 'ACTIVO'),
(142, '28', 'C/ de Francisco Encinas, 33. Bajo-Izda.', 'Madrid', '28050', '08440716S', '28/836034', '1973-03-16', '', 'm.serrano1978@telefonica.es', '669789835', '2018-05-31', NULL, 'ACTIVO'),
(143, '08', 'Avda. de las Naciones, 14. 6º-B', 'Barcelona', '08024', '21892899G', '08/449902', '1979-03-08', '', 'i.mora1962@mail.com', '650652536', '2018-06-19', NULL, 'ACTIVO'),
(144, '28', 'C/ de La Rioja, 11. Bajo-Izda.', 'Madrid', '28020', '11700550J', '28/818627', '1974-01-06', '', 'm.pacheco2003@vodafone.es', '611435701', '2018-09-20', NULL, 'ACTIVO'),
(145, '28', 'Calle Narciso Yepes, 47. 3º-Entrs.', 'Coslada', '28823', '18940247T', '28/482662', '1974-05-29', '', 'a.vazquez1963@ozu.es', '684064905', '2018-11-14', NULL, 'ACTIVO'),
(146, '28', 'Calleja de la Tejera, 51. 5º-Entrs.', 'Madrid', '28027', '03514703G', '28/808116', '1970-11-26', '', 'c.gil1978@mail.com', '674374650', '2018-12-26', NULL, 'ACTIVO');

-- --------------------------------------------------------

--
-- Estructura de tabla para la tabla `salarios`
--

CREATE TABLE `salarios` (
  `salario_id` int(11) NOT NULL,
  `empleado_id` int(11) DEFAULT NULL,
  `categoria_empleado_id` int(11) DEFAULT NULL,
  `valor_salario` decimal(8,2) DEFAULT NULL,
  `fecha_inicio` date DEFAULT NULL,
  `fecha_fin` date DEFAULT NULL
) ENGINE=InnoDB DEFAULT CHARSET=utf8mb4 COLLATE=utf8mb4_spanish_ci;

--
-- Volcado de datos para la tabla `salarios`
--

INSERT INTO `salarios` (`salario_id`, `empleado_id`, `categoria_empleado_id`, `valor_salario`, `fecha_inicio`, `fecha_fin`) VALUES
(10550, 101, 159, '150000.00', '2018-01-01', '2018-12-31'),
(10551, 102, 159, '60000.00', '2018-01-01', '2018-12-31'),
(10552, 103, 159, '76000.00', '2018-01-01', '2018-12-31'),
(10553, 104, 159, '41000.00', '2018-01-01', '2018-12-31'),
(10554, 105, 164, '41000.00', '2018-01-01', '2018-12-31'),
(10555, 106, 160, '36000.00', '2018-01-01', '2018-12-31'),
(10556, 107, 163, '38000.00', '2018-01-01', '2018-12-31'),
(10557, 108, 161, '35000.00', '2018-01-01', '2018-12-31'),
(10558, 109, 166, '30000.00', '2018-01-01', '2018-12-31'),
(10559, 110, 166, '30000.00', '2018-01-01', '2018-12-31'),
(10560, 111, 161, '32000.00', '2018-01-01', '2018-12-31'),
(10561, 112, 166, '30000.00', '2018-01-01', '2018-12-31'),
(10562, 113, 160, '35000.00', '2018-01-01', '2018-12-31'),
(10563, 114, 166, '30000.00', '2018-01-01', '2018-12-31'),
(10564, 115, 166, '30000.00', '2018-01-01', '2018-12-31'),
(10565, 116, 166, '30000.00', '2018-01-01', '2018-12-31'),
(10566, 117, 161, '32000.00', '2018-01-01', '2018-12-31'),
(10567, 118, 161, '35000.00', '2018-01-01', '2018-12-31'),
(10568, 119, 166, '30000.00', '2018-01-01', '2018-12-31'),
(10569, 120, 161, '29000.00', '2018-01-01', '2018-12-31'),
(10570, 121, 166, '28000.00', '2018-01-01', '2018-12-31'),
(10571, 122, 161, '35000.00', '2018-01-01', '2018-12-31'),
(10572, 123, 161, '35000.00', '2018-01-01', '2018-12-31'),
(10573, 124, 166, '30000.00', '2018-01-01', '2018-12-31'),
(10574, 125, 167, '28000.00', '2018-01-01', '2018-12-31'),
(10575, 126, 167, '28000.00', '2018-01-01', '2018-12-31'),
(10576, 127, 167, '28000.00', '2018-01-01', '2018-12-31'),
(10577, 128, 167, '28000.00', '2018-01-01', '2018-12-31'),
(10578, 129, 167, '28000.00', '2018-01-01', '2018-12-31'),
(10579, 130, 166, '30000.00', '2018-01-01', '2018-12-31'),
(10580, 131, 166, '30000.00', '2018-01-01', '2018-12-31'),
(10581, 132, 161, '32000.00', '2018-01-01', '2018-12-31'),
(10582, 133, 167, '28000.00', '2018-01-01', '2018-12-31'),
(10583, 134, 166, '30000.00', '2018-01-01', '2018-12-31'),
(10584, 135, 166, '30000.00', '2018-01-01', '2018-12-31'),
(10585, 136, 161, '35000.00', '2018-01-01', '2018-12-31'),
(10586, 137, 166, '30000.00', '2018-01-01', '2018-12-31'),
(10587, 138, 167, '28000.00', '2018-01-01', '2018-12-31'),
(10588, 139, 161, '35000.00', '2018-01-01', '2018-12-31'),
(10589, 140, 162, '25000.00', '2018-01-01', '2018-12-31'),
(10590, 141, 166, '30000.00', '2018-01-01', '2018-12-31'),
(10591, 142, 161, '28000.00', '2018-01-01', '2018-12-31'),
(10592, 143, 161, '32000.00', '2018-01-01', '2018-12-31'),
(10593, 144, 167, '28000.00', '2018-01-01', '2018-12-31'),
(10594, 145, 167, '28000.00', '2018-01-01', '2018-12-31'),
(10595, 146, 166, '30000.00', '2018-01-01', '2018-12-31');

-- --------------------------------------------------------

--
-- Estructura de tabla para la tabla `servicio`
--

CREATE TABLE `servicio` (
  `servicio_id` int(11) NOT NULL,
  `kilometros` int(11) DEFAULT NULL,
  `hora_llegada` datetime DEFAULT NULL,
  `hora_salida` datetime DEFAULT NULL,
  `tipo_de_servicio_id` int(11) DEFAULT NULL,
  `linea_de_pedido_id` int(11) DEFAULT NULL
) ENGINE=InnoDB DEFAULT CHARSET=utf8mb4 COLLATE=utf8mb4_spanish_ci;

--
-- Volcado de datos para la tabla `servicio`
--

INSERT INTO `servicio` (`servicio_id`, `kilometros`, `hora_llegada`, `hora_salida`, `tipo_de_servicio_id`, `linea_de_pedido_id`) VALUES
(1000000, 0, '2018-01-23 08:00:00', '2018-01-23 12:15:00', 828, 30001),
(1000001, 0, '2018-02-06 07:59:00', '2018-02-06 11:14:00', 828, 30020),
(1000002, 0, '2018-02-13 07:59:00', '2018-02-13 12:14:00', 828, 30039),
(1000003, 0, '2018-02-20 07:59:00', '2018-02-20 12:14:00', 828, 30053),
(1000004, 0, '2018-02-26 07:59:00', '2018-02-26 12:14:00', 828, 30073),
(1000005, 0, '2018-02-27 07:59:00', '2018-02-27 11:15:00', 828, 30085),
(1000006, 0, '2018-03-06 07:59:00', '2018-03-06 12:15:00', 828, 30092),
(1000007, 0, '2018-03-06 07:59:00', '2018-03-06 12:15:00', 828, 30101),
(1000008, 0, '2018-03-13 07:59:00', '2018-03-13 12:15:00', 828, 30122),
(1000009, 0, '2018-03-20 07:59:00', '2018-03-20 12:15:00', 828, 30140),
(1000010, 0, '2018-03-27 07:59:00', '2018-03-27 11:15:00', 828, 30162),
(1000011, 0, '2018-04-03 07:59:00', '2018-04-03 12:15:00', 828, 30174),
(1000012, 0, '2018-04-10 07:59:00', '2018-04-10 11:15:00', 828, 30185),
(1000013, 0, '2018-04-10 08:59:00', '2018-04-10 12:15:00', 828, 30187),
(1000014, 0, '2018-04-13 07:59:00', '2018-04-13 12:15:00', 828, 30197),
(1000015, 0, '2018-04-17 07:59:00', '2018-04-17 12:15:00', 828, 30220),
(1000016, 0, '2018-04-24 07:59:00', '2018-04-24 12:15:00', 828, 30232),
(1000017, 0, '2018-04-25 07:59:00', '2018-04-25 12:15:00', 828, 30247),
(1000018, 0, '2018-05-01 07:59:00', '2018-05-01 12:15:00', 828, 30260),
(1000019, 0, '2018-05-08 07:59:00', '2018-05-08 12:15:00', 828, 30277),
(1000020, 0, '2018-05-15 07:59:00', '2018-05-15 12:15:00', 828, 30293),
(1000021, 0, '2018-05-15 07:59:00', '2018-05-15 12:15:00', 828, 30302),
(1000022, 0, '2018-05-22 07:59:00', '2018-05-22 13:15:00', 828, 30327),
(1000023, 0, '2018-05-29 07:59:00', '2018-05-29 12:15:00', 828, 30341),
(1000024, 0, '2018-06-05 07:59:00', '2018-06-05 12:15:00', 828, 30347),
(1000025, 0, '2018-06-12 08:45:00', '2018-06-12 12:15:00', 828, 30366),
(1000026, 0, '2018-06-12 12:28:00', '2018-06-12 16:04:00', 828, 30377),
(1000027, 0, '2018-06-14 07:45:00', '2018-06-14 12:15:00', 828, 30388),
(1000028, 0, '2018-06-19 07:45:00', '2018-06-19 11:15:00', 828, 30404),
(1000029, 0, '2018-06-19 07:45:00', '2018-06-19 12:15:00', 828, 30405),
(1000030, 0, '2018-06-26 08:45:00', '2018-06-26 12:15:00', 828, 30426),
(1000031, 0, '2018-06-29 07:45:00', '2018-06-29 13:15:00', 828, 30428),
(1000032, 0, '2018-07-10 07:45:00', '2018-07-10 12:15:00', 828, 30457),
(1000033, 0, '2018-07-17 07:45:00', '2018-07-17 12:15:00', 828, 30468),
(1000034, 0, '2018-07-24 07:45:00', '2018-07-24 12:15:00', 828, 30480),
(1000035, 0, '2018-07-26 07:45:00', '2018-07-26 12:15:00', 828, 30500),
(1000036, 0, '2018-07-31 08:45:00', '2018-07-31 12:15:00', 828, 30513),
(1000037, 0, '2018-08-07 07:45:00', '2018-08-07 13:15:00', 828, 30517),
(1000038, 0, '2018-08-10 08:45:00', '2018-08-10 12:15:00', 828, 30537),
(1000039, 0, '2018-08-14 07:45:00', '2018-08-14 12:15:00', 828, 30452),
(1000040, 0, '2018-08-21 07:45:00', '2018-08-21 12:15:00', 828, 30570),
(1000041, 0, '2018-08-21 12:28:00', '2018-08-21 16:04:00', 828, 30581),
(1000042, 0, '2018-08-28 07:45:00', '2018-08-28 13:15:00', 828, 30592),
(1000043, 0, '2018-09-04 07:45:00', '2018-09-04 12:15:00', 828, 30611),
(1000044, 0, '2018-09-11 07:45:00', '2018-09-11 12:15:00', 828, 30628),
(1000045, 0, '2018-09-18 07:45:00', '2018-09-18 12:14:00', 828, 30653),
(1000046, 0, '2018-09-25 07:45:00', '2018-09-25 13:14:00', 828, 30670),
(1000047, 0, '2018-10-02 07:45:00', '2018-10-02 12:14:00', 828, 30677),
(1000048, 0, '2018-10-04 09:45:00', '2018-10-04 16:14:00', 828, 30697),
(1000049, 0, '2018-10-08 07:45:00', '2018-10-08 12:14:00', 828, 30698),
(1000050, 0, '2018-10-09 08:45:00', '2018-10-09 14:14:00', 828, 30718),
(1000051, 0, '2018-10-16 07:45:00', '2018-10-16 12:14:00', 828, 30733),
(1000052, 0, '2018-10-22 07:45:00', '2018-10-22 12:14:00', 828, 30746),
(1000053, 0, '2018-10-23 07:45:00', '2018-10-23 12:14:00', 828, 30757),
(1000054, 0, '2018-10-30 07:45:00', '2018-10-30 12:14:00', 828, 30770),
(1000055, 0, '2018-11-06 07:45:00', '2018-11-06 12:14:00', 828, 30792),
(1000056, 0, '2018-11-13 08:45:00', '2018-11-13 12:14:00', 828, 30808),
(1000057, 0, '2018-11-20 07:45:00', '2018-11-20 12:14:00', 828, 30824),
(1000058, 0, '2018-11-20 12:28:00', '2018-11-20 16:04:00', 828, 30825),
(1000059, 0, '2018-11-21 07:45:00', '2018-11-21 14:14:00', 828, 30836),
(1000060, 0, '2018-11-27 07:45:00', '2018-11-27 12:14:00', 828, 30853),
(1000061, 0, '2018-12-04 07:45:00', '2018-12-04 12:14:00', 828, 30865),
(1000062, 0, '2018-12-07 07:45:00', '2018-12-07 12:14:00', 828, 30877),
(1000063, 0, '2018-12-11 07:45:00', '2018-12-11 12:14:00', 828, 30878),
(1000064, 0, '2018-12-11 12:28:00', '2018-12-11 16:04:00', 828, 30879),
(1000065, 0, '2018-12-13 07:45:00', '2018-12-13 12:14:00', 828, 30900),
(1000066, 0, '2018-12-18 07:45:00', '2018-12-18 12:14:00', 828, 30921),
(1000067, 0, '2018-12-25 07:45:00', '2018-12-25 12:14:00', 828, 30948),
(1000068, 0, '2018-12-27 07:55:00', '2018-12-27 12:14:00', 828, 30960),
(1000069, 0, '2019-01-08 07:55:00', '2019-01-08 12:14:00', 828, 30975),
(1000070, 0, '2019-01-08 08:55:00', '2019-01-08 12:14:00', 828, 30987),
(1000071, 0, '2019-01-10 07:55:00', '2019-01-10 12:14:00', 828, 30999),
(1000072, 0, '2019-01-15 07:55:00', '2019-01-15 12:14:00', 828, 31001);

-- --------------------------------------------------------

--
-- Estructura de tabla para la tabla `telefonos`
--

CREATE TABLE `telefonos` (
  `telefono_id` int(11) NOT NULL,
  `cliente_id` int(11) DEFAULT NULL,
  `telefono` char(9) COLLATE utf8mb4_spanish_ci DEFAULT NULL
) ENGINE=InnoDB DEFAULT CHARSET=utf8mb4 COLLATE=utf8mb4_spanish_ci;

--
-- Volcado de datos para la tabla `telefonos`
--

INSERT INTO `telefonos` (`telefono_id`, `cliente_id`, `telefono`) VALUES
(4558, 100522, '900100100'),
(4559, 100522, '900100769'),
(4560, 100522, '902100865'),
(4561, 100523, '917796569'),
(4562, 100523, '917796903'),
(4563, 100524, '961321438'),
(4564, 100524, '961324257'),
(4565, 100525, '916568323'),
(4566, 100525, '916568416'),
(4567, 100526, '916648402'),
(4568, 100526, '916648846'),
(4569, 100527, '959710225'),
(4570, 100527, '959710285'),
(4571, 100528, '982311509'),
(4572, 100528, '982311791'),
(4573, 100529, '965554148'),
(4574, 100529, '966550406'),
(4575, 100530, '924665568'),
(4576, 100530, '924670479'),
(4577, 100531, '921426107'),
(4578, 100531, '921443508'),
(4579, 100532, '943330158'),
(4580, 100532, '943555192'),
(4581, 100533, '937860875'),
(4582, 100533, '937864204'),
(4583, 100534, '973600673'),
(4584, 100534, '973710239'),
(4585, 100535, '913874529'),
(4586, 100535, '917344275'),
(4587, 100536, '947138613'),
(4588, 100536, '947138803'),
(4589, 100537, '932214376'),
(4590, 100537, '932247842'),
(4591, 100538, '965566535'),
(4592, 100538, '966567428'),
(4593, 100539, '988202146'),
(4594, 100539, '988202564'),
(4595, 100540, '948202351'),
(4596, 100540, '948202602'),
(4597, 100541, '954416111'),
(4598, 100541, '954426330'),
(4599, 100542, '973601625'),
(4600, 100542, '973603598'),
(4601, 100543, '937310418'),
(4602, 100543, '937860652'),
(4603, 100544, '938401951'),
(4604, 100544, '938493130'),
(4605, 100545, '916613407'),
(4606, 100545, '916613762'),
(4607, 100546, '976622626'),
(4608, 100546, '976622789'),
(4609, 100547, '938443457'),
(4610, 100547, '938497682'),
(4611, 100548, '936355929'),
(4612, 100548, '936384244'),
(4613, 100549, '932980631'),
(4614, 100549, '932988988'),
(4615, 100550, '965757153'),
(4616, 100550, '965757193'),
(4617, 100551, '950364643'),
(4618, 100551, '950364814'),
(4619, 100552, '934026606'),
(4620, 100552, '934026974'),
(4621, 100553, '947314999'),
(4622, 100553, '947592311'),
(4623, 100554, '947596249'),
(4624, 100554, '947596621'),
(4625, 100555, '962763194'),
(4626, 100555, '962763965'),
(4627, 100556, '918802459'),
(4628, 100556, '918813943'),
(4629, 100557, '972300825'),
(4630, 100557, '972306142'),
(4631, 100558, '957270394'),
(4632, 100558, '957281717'),
(4633, 100559, '964344238'),
(4634, 100559, '964344614'),
(4635, 100560, '938045706'),
(4636, 100560, '938053863'),
(4637, 100561, '950385615'),
(4638, 100561, '950385757'),
(4639, 100562, '961550717'),
(4640, 100562, '961550922'),
(4641, 100563, '902388781'),
(4642, 100563, '911109535'),
(4643, 100564, '902293767'),
(4644, 100564, '902367448'),
(4645, 100565, '938511671'),
(4646, 100565, '938512199'),
(4647, 100566, '983681974'),
(4648, 100566, '983681974'),
(4649, 100567, '965406528'),
(4650, 100567, '965407182'),
(4651, 100568, '957535349'),
(4652, 100568, '957535971'),
(4653, 100569, '941444117'),
(4654, 100569, '941444805'),
(4655, 100570, '968253958'),
(4656, 100570, '968341991'),
(4657, 100571, '948332296'),
(4658, 100571, '948332388'),
(4659, 100572, '942663708'),
(4660, 100572, '942663956'),
(4661, 100573, '938439752'),
(4662, 100573, '938439804'),
(4663, 100574, '954286195'),
(4664, 100574, '954286431'),
(4665, 100575, '977844191'),
(4666, 100575, '977844388'),
(4667, 100576, '918170144'),
(4668, 100576, '918170152'),
(4669, 100577, '937417318'),
(4670, 100577, '937417530'),
(4671, 100578, '945300702'),
(4672, 100578, '945300940'),
(4673, 100579, '968670814'),
(4674, 100579, '968670849'),
(4675, 100580, '618608881'),
(4676, 100581, '938529270'),
(4677, 100581, '938529442'),
(4678, 100582, '943131530'),
(4679, 100582, '943133551'),
(4680, 100583, '937974215'),
(4681, 100583, '937974402'),
(4682, 100584, '933841356'),
(4683, 100584, '933899905'),
(4684, 100585, '983390639'),
(4685, 100585, '983390782'),
(4686, 100586, '972424232'),
(4687, 100586, '972424531'),
(4688, 100587, '964360299'),
(4689, 100587, '964386211'),
(4690, 100588, '985674600'),
(4691, 100588, '985678500'),
(4692, 100589, '957469246'),
(4693, 100589, '957469529'),
(4694, 100590, '913435372'),
(4695, 100590, '913435966'),
(4696, 100591, '954832984'),
(4697, 100591, '955903378'),
(4698, 100592, '918716163'),
(4699, 100592, '918716943'),
(4700, 100593, '988223784'),
(4701, 100593, '988251349'),
(4702, 100594, '933110918'),
(4703, 100594, '933114571'),
(4704, 100595, '935404199'),
(4705, 100595, '935559666'),
(4706, 100596, '916865955'),
(4707, 100596, '916883868'),
(4708, 100597, '977660430'),
(4709, 100597, '977662609'),
(4710, 100598, '964602955'),
(4711, 100598, '964604195'),
(4712, 100599, '938173756'),
(4713, 100599, '938903863'),
(4714, 100600, '938641234'),
(4715, 100600, '938675742'),
(4716, 100601, '931122317'),
(4717, 100601, '936829871'),
(4718, 100602, '935610609'),
(4719, 100602, '936973909'),
(4720, 100603, '982454821'),
(4721, 100603, '982454940'),
(4722, 100604, '963533230'),
(4723, 100604, '963534864'),
(4724, 100605, '917360323'),
(4725, 100605, '917360852'),
(4726, 100606, '985324318'),
(4727, 100607, '934503874'),
(4728, 100607, '934553662'),
(4729, 100608, '968238360'),
(4730, 100608, '968238979'),
(4731, 100609, '925554407'),
(4732, 100609, '925554637'),
(4733, 100610, '914843220'),
(4734, 100610, '914843752'),
(4735, 100611, '943694174'),
(4736, 100611, '943694319'),
(4737, 100612, '972234980'),
(4738, 100612, '972243554'),
(4739, 100613, '928600758'),
(4740, 100613, '928605587'),
(4741, 100614, '969340318'),
(4742, 100614, '969340744'),
(4743, 100615, '985328335'),
(4744, 100615, '985328555'),
(4745, 100616, '987616711'),
(4746, 100616, '987619454'),
(4747, 100617, '941144922'),
(4748, 100617, '941163110'),
(4749, 100618, '937700750'),
(4750, 100618, '937702318'),
(4751, 100619, '942660167'),
(4752, 100619, '942660358'),
(4753, 100620, '946322611'),
(4754, 100620, '946482677'),
(4755, 100621, '983102818'),
(4756, 100621, '983558790'),
(4757, 100622, '921144369'),
(4758, 100622, '921144663'),
(4759, 100623, '916707415'),
(4760, 100623, '916708959'),
(4761, 100624, '986412848'),
(4762, 100624, '986493712'),
(4763, 100625, '938860252'),
(4764, 100625, '938860376'),
(4765, 100626, '916555517'),
(4766, 100626, '916555744'),
(4767, 100627, '948504929'),
(4768, 100627, '948507165'),
(4769, 100628, '947530123'),
(4770, 100628, '947530859'),
(4771, 100629, '957670134'),
(4772, 100629, '957670247'),
(4773, 100630, '948464187'),
(4774, 100630, '948464322'),
(4775, 100631, '937130578'),
(4776, 100631, '937130894'),
(4777, 100632, '941446229'),
(4778, 100632, '941446828'),
(4779, 100633, '941374591'),
(4780, 100633, '941375560'),
(4781, 100634, '961366586'),
(4782, 100634, '961366981'),
(4783, 100635, '966560559'),
(4784, 100635, '966560688'),
(4785, 100636, '941165422'),
(4786, 100636, '941165544'),
(4787, 100637, '954690794'),
(4788, 100637, '954690950'),
(4789, 100638, '934335305'),
(4790, 100638, '934335663'),
(4791, 100639, '950350627'),
(4792, 100639, '950350672'),
(4793, 100640, '963132467'),
(4794, 100640, '963132498'),
(4795, 100641, '961412797'),
(4796, 100641, '961414845'),
(4797, 100642, '981320116'),
(4798, 100642, '981328381'),
(4799, 100643, '915556410'),
(4800, 100643, '915560845'),
(4801, 100644, '962235448'),
(4802, 100644, '962268939'),
(4803, 100645, '965550559'),
(4804, 100645, '965552590'),
(4805, 100646, '943810899'),
(4806, 100646, '943815834'),
(4807, 100647, '968826271'),
(4808, 100647, '968826299'),
(4809, 100648, '936802402'),
(4810, 100648, '936803197'),
(4811, 100649, '953050226'),
(4812, 100649, '953552168'),
(4813, 100650, '983878841'),
(4814, 100650, '983878959'),
(4815, 100651, '947384490'),
(4816, 100651, '947384623'),
(4817, 100652, '972170378'),
(4818, 100652, '972170458'),
(4819, 100653, '976462469'),
(4820, 100653, '976770395'),
(4821, 100654, '957327730'),
(4822, 100654, '957327808'),
(4823, 100655, '937117987'),
(4824, 100655, '937122844'),
(4825, 100656, '955912180'),
(4826, 100656, '955913546'),
(4827, 100657, '902407421'),
(4828, 100657, '918170550'),
(4829, 100658, '961420507'),
(4830, 100658, '961420930'),
(4831, 100659, '977876588'),
(4832, 100659, '977876660'),
(4833, 100660, '962287489'),
(4834, 100660, '962287643'),
(4835, 100661, '918488257'),
(4836, 100661, '918488335'),
(4837, 100662, '968858131'),
(4838, 100662, '968858730'),
(4839, 100663, '946202260'),
(4840, 100663, '946202274'),
(4841, 100664, '946880549'),
(4842, 100664, '946880597'),
(4843, 100665, '975252234'),
(4844, 100665, '975252246'),
(4845, 100666, '945290635'),
(4846, 100666, '945292609'),
(4847, 100667, '945609172'),
(4848, 100667, '945609350'),
(4849, 100668, '942559510'),
(4850, 100668, '942559850'),
(4851, 100669, '976613162'),
(4852, 100669, '976613293'),
(4853, 100670, '953190809'),
(4854, 100670, '953243692'),
(4855, 100671, '964506174'),
(4856, 100671, '964506290'),
(4857, 100672, '946011225'),
(4858, 100672, '946740589'),
(4859, 100673, '933009707'),
(4860, 100673, '933093347'),
(4861, 100674, '938911761'),
(4862, 100674, '938912616'),
(4863, 100675, '945898438'),
(4864, 100675, '945898829'),
(4865, 100676, '938910148'),
(4866, 100676, '938911122'),
(4867, 100677, '926343236'),
(4868, 100677, '926349510'),
(4869, 100678, '974483383'),
(4870, 100678, '974483793'),
(4871, 100679, '980693878'),
(4872, 100679, '980693958'),
(4873, 100680, '972320663'),
(4874, 100680, '972325495'),
(4875, 100681, '965515131'),
(4876, 100682, '916791471'),
(4877, 100682, '916793599'),
(4878, 100683, '974229637'),
(4879, 100683, '974242269'),
(4880, 100684, '913430574'),
(4881, 100684, '913591938'),
(4882, 100685, '953560276'),
(4883, 100685, '953561720'),
(4884, 100686, '941181412'),
(4885, 100686, '941182547'),
(4886, 100687, '968780137'),
(4887, 100687, '968782699'),
(4888, 100688, '902495203'),
(4889, 100688, '902495508'),
(4890, 100689, '973400312'),
(4891, 100689, '973400816'),
(4892, 100690, '959590726'),
(4893, 100690, '959592526'),
(4894, 100691, '969327183'),
(4895, 100691, '969327982'),
(4896, 100692, '954774984'),
(4897, 100692, '954775738'),
(4898, 100693, '968380133'),
(4899, 100693, '968380874'),
(4900, 100694, '933637296'),
(4901, 100694, '933637499'),
(4902, 100695, '948871105'),
(4903, 100695, '948871875'),
(4904, 100696, '900103104'),
(4905, 100696, '917291509'),
(4906, 100697, '902108548'),
(4907, 100697, '902206581'),
(4908, 100698, '943693200'),
(4909, 100698, '943693250'),
(4910, 100699, '963974707'),
(4911, 100699, '963979750'),
(4912, 100700, '968295516'),
(4913, 100700, '968296814'),
(4914, 100701, '982452236'),
(4915, 100701, '982452585'),
(4916, 100702, '972268234'),
(4917, 100702, '972268306'),
(4918, 100703, '941460482'),
(4919, 100703, '941460893'),
(4920, 100704, '956851197'),
(4921, 100704, '956859916'),
(4922, 100705, '948685997'),
(4923, 100705, '948695813'),
(4924, 100706, '876262877'),
(4925, 100706, '976462363'),
(4926, 100707, '932272109'),
(4927, 100707, '932272866'),
(4928, 100708, '976104105'),
(4929, 100708, '976104180'),
(4930, 100709, '932782646'),
(4931, 100709, '933141978'),
(4932, 100710, '968277775'),
(4933, 100710, '968861153'),
(4934, 100711, '937540980'),
(4935, 100711, '937596826'),
(4936, 100712, '937131278'),
(4937, 100712, '937132400'),
(4938, 100713, '941310144'),
(4939, 100713, '941310594'),
(4940, 100714, '938611625'),
(4941, 100714, '938611746'),
(4942, 100715, '945625606'),
(4943, 100715, '945625919'),
(4944, 100716, '925545280'),
(4945, 100716, '925545528'),
(4946, 100717, '924841175'),
(4947, 100717, '924849564'),
(4948, 100718, '968306558'),
(4949, 100718, '968830425'),
(4950, 100719, '973601490'),
(4951, 100719, '973603959'),
(4952, 100720, '918728297'),
(4953, 100720, '918766605'),
(4954, 100721, '925537852'),
(4955, 100721, '925553995'),
(4956, 100722, '981841105'),
(4957, 100722, '981841402'),
(4958, 100723, '965564860'),
(4959, 100723, '966557737'),
(4960, 100724, '943786243'),
(4961, 100724, '943787392'),
(4962, 100725, '958466638'),
(4963, 100725, '958467375'),
(4964, 100726, '937464564'),
(4965, 100726, '937464868'),
(4966, 100727, '918704890'),
(4967, 100727, '918711647'),
(4968, 100728, '902020235'),
(4969, 100728, '968692558'),
(4970, 100729, '980580209'),
(4971, 100729, '980580212'),
(4972, 100730, '957542655'),
(4973, 100730, '957700885'),
(4974, 100731, '961860382'),
(4975, 100731, '961869766'),
(4976, 100732, '948331370'),
(4977, 100732, '948335632'),
(4978, 100733, '973473603'),
(4979, 100733, '973473871'),
(4980, 100734, '918032508'),
(4981, 100734, '918036368'),
(4982, 100735, '972580648'),
(4983, 100735, '972582471'),
(4984, 100736, '937842852'),
(4985, 100736, '937846639'),
(4986, 100737, '968614965'),
(4987, 100737, '968615317'),
(4988, 100738, '976631443'),
(4989, 100738, '976632340'),
(4990, 100739, '937720522'),
(4991, 100739, '937720774'),
(4992, 100740, '968881822'),
(4993, 100740, '968886541'),
(4994, 100741, '948188208'),
(4995, 100741, '948188382'),
(4996, 100742, '941262177'),
(4997, 100742, '941262473'),
(4998, 100743, '948350750'),
(4999, 100743, '948350972'),
(5000, 100744, '916420912'),
(5001, 100744, '916420999'),
(5002, 100745, '986208891'),
(5003, 100745, '986231694'),
(5004, 100746, '937502758'),
(5005, 100746, '937595482'),
(5006, 100747, '911299736'),
(5007, 100747, '915341287'),
(5008, 100748, '961667969'),
(5009, 100748, '961669221'),
(5010, 100749, '956420198'),
(5011, 100749, '956420856'),
(5012, 100750, '954820408'),
(5013, 100750, '955912490'),
(5014, 100751, '983611727'),
(5015, 100751, '983620256'),
(5016, 100752, '955912441'),
(5017, 100752, '955912688'),
(5018, 100753, '933819197'),
(5019, 100753, '933819700'),
(5020, 100754, '943522173'),
(5021, 100754, '943523825'),
(5022, 100755, '976571263'),
(5023, 100755, '976579396'),
(5024, 100756, '943720819'),
(5025, 100756, '943720871'),
(5026, 100757, '949888928'),
(5027, 100757, '949888964'),
(5028, 100758, '948302619'),
(5029, 100758, '948303816'),
(5030, 100759, '935650370'),
(5031, 100759, '935650509'),
(5032, 100760, '918169280'),
(5033, 100760, '918169836'),
(5034, 100761, '957660341'),
(5035, 100761, '957661182'),
(5036, 100762, '948813349'),
(5037, 100762, '948813778'),
(5038, 100763, '977876601'),
(5039, 100763, '977876637'),
(5040, 100764, '958390554'),
(5041, 100764, '958390717'),
(5042, 100765, '969139835'),
(5043, 100765, '969139987'),
(5044, 100766, '964282164'),
(5045, 100766, '964282568'),
(5046, 100767, '972160550'),
(5047, 100767, '972870384'),
(5048, 100768, '987209144'),
(5049, 100768, '987209212'),
(5050, 100769, '945621350'),
(5051, 100770, '915121341'),
(5052, 100770, '915121695'),
(5053, 100771, '902193139'),
(5054, 100771, '902193853'),
(5055, 100772, '967160233'),
(5056, 100772, '967161959'),
(5057, 100773, '916164122'),
(5058, 100773, '916165365'),
(5059, 100774, '976613228'),
(5060, 100774, '976613780'),
(5061, 100775, '976793693'),
(5062, 100775, '976793728'),
(5063, 100776, '952334364'),
(5064, 100776, '952359865'),
(5065, 100777, '943880273'),
(5066, 100777, '943888299'),
(5067, 100778, '921596262'),
(5068, 100778, '921596826'),
(5069, 100779, '966557566'),
(5070, 100779, '966557827'),
(5071, 100780, '945262154'),
(5072, 100780, '945275164'),
(5073, 100781, '941431666'),
(5074, 100781, '941431696'),
(5075, 100782, '968880305'),
(5076, 100782, '968880324'),
(5077, 100783, '915120415'),
(5078, 100783, '917273831'),
(5079, 100784, '918149145'),
(5080, 100784, '918149377'),
(5081, 100785, '954514734'),
(5082, 100785, '954677299'),
(5083, 100786, '942597131'),
(5084, 100786, '942597291'),
(5085, 100787, '953766893'),
(5086, 100787, '953767972'),
(5087, 100788, '968173900'),
(5088, 100788, '968173931'),
(5089, 100789, '958623205'),
(5090, 100789, '958623812'),
(5091, 100790, '977602772'),
(5092, 100790, '977604840'),
(5093, 100791, '925125328'),
(5094, 100791, '925143364'),
(5095, 100792, '925551129'),
(5096, 100792, '925551529'),
(5097, 100793, '973320395'),
(5098, 100793, '973320859'),
(5099, 100794, '974306325'),
(5100, 100794, '974311588'),
(5101, 100795, '985167367'),
(5102, 100795, '985167669'),
(5103, 100796, '962823787'),
(5104, 100796, '962836898'),
(5105, 100797, '976222955'),
(5106, 100797, '976231390'),
(5107, 100798, '953340237'),
(5108, 100798, '953572109'),
(5109, 100799, '977720957'),
(5110, 100799, '977721177'),
(5111, 100800, '926540874'),
(5112, 100800, '926588464'),
(5113, 100801, '966550820'),
(5114, 100801, '966550943'),
(5115, 100802, '916473370'),
(5116, 100802, '916853233'),
(5117, 100803, '968386784'),
(5118, 100803, '968644193'),
(5119, 100804, '936994326'),
(5120, 100804, '936999251'),
(5121, 100805, '947298417'),
(5122, 100805, '947298569'),
(5123, 100806, '916281877'),
(5124, 100806, '916291480'),
(5125, 100807, '938861958'),
(5126, 100807, '938891765'),
(5127, 100808, '977840203'),
(5128, 100808, '977840723'),
(5129, 100809, '982304598'),
(5130, 100809, '982305353'),
(5131, 100810, '918760814'),
(5132, 100810, '918760955'),
(5133, 100811, '977759596'),
(5134, 100811, '977759746'),
(5135, 100812, '954900126'),
(5136, 100812, '954905771'),
(5137, 100813, '902106569'),
(5138, 100813, '926547874'),
(5139, 100814, '965566776'),
(5140, 100814, '966567567'),
(5141, 100815, '916207631'),
(5142, 100815, '916207704'),
(5143, 100816, '937862942'),
(5144, 100816, '937869377'),
(5145, 100817, '937185209'),
(5146, 100817, '937188644'),
(5147, 100818, '977420470'),
(5148, 100818, '977420969'),
(5149, 100819, '917109965'),
(5150, 100819, '917985776'),
(5151, 100820, '916010232'),
(5152, 100820, '916011361'),
(5153, 100821, '968776736'),
(5154, 100821, '968777830'),
(5155, 100822, '911878164'),
(5156, 100823, '968700590'),
(5157, 100823, '968705738'),
(5158, 100824, '981901254'),
(5159, 100824, '981901265');

-- --------------------------------------------------------

--
-- Estructura de tabla para la tabla `tipos_comision`
--

CREATE TABLE `tipos_comision` (
  `tipo_comision_id` int(11) NOT NULL,
  `familia_producto_id` int(11) DEFAULT NULL,
  `porcentaje` decimal(4,3) DEFAULT NULL,
  `comision_por_unidad` decimal(6,2) NOT NULL,
  `observaciones` text COLLATE utf8mb4_spanish_ci DEFAULT NULL
) ENGINE=InnoDB DEFAULT CHARSET=utf8mb4 COLLATE=utf8mb4_spanish_ci;

--
-- Volcado de datos para la tabla `tipos_comision`
--

INSERT INTO `tipos_comision` (`tipo_comision_id`, `familia_producto_id`, `porcentaje`, `comision_por_unidad`, `observaciones`) VALUES
(1, 100001, '0.020', '100.00', 'CIJ'),
(2, 100002, '0.025', '0.00', 'Valve Inkjet'),
(3, 100003, '0.025', '0.00', 'Piezo Inkjet'),
(4, 100004, '0.020', '50.00', 'Thermal Inkjet'),
(5, 100005, '0.025', '100.00', 'Print And Apply'),
(6, 100006, '0.020', '50.00', 'Thermo Transfer'),
(7, 100007, '0.025', '0.00', 'Drop On Demand'),
(8, 100008, '0.030', '150.00', 'Laser');

-- --------------------------------------------------------

--
-- Estructura de tabla para la tabla `tipos_de_servicio`
--

CREATE TABLE `tipos_de_servicio` (
  `tipo_de_servicio_id` int(11) NOT NULL,
  `nombre_tipo_de_servicio` varchar(40) COLLATE utf8mb4_spanish_ci DEFAULT NULL
) ENGINE=InnoDB DEFAULT CHARSET=utf8mb4 COLLATE=utf8mb4_spanish_ci;

--
-- Volcado de datos para la tabla `tipos_de_servicio`
--

INSERT INTO `tipos_de_servicio` (`tipo_de_servicio_id`, `nombre_tipo_de_servicio`) VALUES
(820, 'Desplazamiento'),
(821, 'Reparación'),
(822, 'Hora de Trabajo'),
(823, 'Hora de Trabajo Extra'),
(824, 'Hora de Viaje'),
(825, 'Dieta'),
(826, 'Kilómetros'),
(827, 'Warranties'),
(828, 'Instalaciones');

-- --------------------------------------------------------

--
-- Estructura de tabla para la tabla `tipos_direccion`
--

CREATE TABLE `tipos_direccion` (
  `tipo_direccion_id` int(11) NOT NULL,
  `nombre_tipo` varchar(40) COLLATE utf8mb4_spanish_ci DEFAULT NULL
) ENGINE=InnoDB DEFAULT CHARSET=utf8mb4 COLLATE=utf8mb4_spanish_ci;

--
-- Volcado de datos para la tabla `tipos_direccion`
--

INSERT INTO `tipos_direccion` (`tipo_direccion_id`, `nombre_tipo`) VALUES
(2000, 'Facturación'),
(2001, 'Entrega'),
(2002, 'Correo'),
(2003, 'Marketing'),
(2004, 'Envío'),
(2005, 'Particular'),
(2006, 'Comercial');

-- --------------------------------------------------------

--
-- Estructura de tabla para la tabla `tipo_producto`
--

CREATE TABLE `tipo_producto` (
  `tipo_producto_id` int(11) NOT NULL,
  `nombre_tipo_producto` varchar(40) COLLATE utf8mb4_spanish_ci DEFAULT NULL,
  `observaciones` text COLLATE utf8mb4_spanish_ci DEFAULT NULL
) ENGINE=InnoDB DEFAULT CHARSET=utf8mb4 COLLATE=utf8mb4_spanish_ci;

--
-- Volcado de datos para la tabla `tipo_producto`
--

INSERT INTO `tipo_producto` (`tipo_producto_id`, `nombre_tipo_producto`, `observaciones`) VALUES
(100, 'Contabilidad', 'Items Contables para facturación'),
(101, 'Impresora', 'Capital'),
(102, 'Consumible', 'Fungibles, artículos que se consumen.'),
(103, 'Repuesto', 'artículos que se usan para reparar impresoras'),
(104, 'Accesorios', 'Complementos para la impresión y sujección del equipo de impresión.');

-- --------------------------------------------------------

--
-- Estructura de tabla para la tabla `zonas_comerciales`
--

CREATE TABLE `zonas_comerciales` (
  `zona_comercial_id` int(11) NOT NULL,
  `codigo_zona` varchar(40) COLLATE utf8mb4_spanish_ci DEFAULT NULL,
  `observaciones` text COLLATE utf8mb4_spanish_ci DEFAULT NULL
) ENGINE=InnoDB DEFAULT CHARSET=utf8mb4 COLLATE=utf8mb4_spanish_ci;

--
-- Volcado de datos para la tabla `zonas_comerciales`
--

INSERT INTO `zonas_comerciales` (`zona_comercial_id`, `codigo_zona`, `observaciones`) VALUES
(1, 'Centro', 'Madrid, Castilla La Mancha y Extremadura'),
(2, 'Cat_Norte', 'Barcelona y Girona'),
(3, 'Cat_Sur', 'Tarragona, Lleida, Illes Balears'),
(4, 'Este', 'Comunidad Valenciana y Murcia'),
(5, 'Cas_Norte', 'Castilla y León'),
(6, 'Norte', 'Pais Vasco, Cantabria y Asturias'),
(7, 'Navaragon', 'Navarra, Aragón y Rioja'),
(8, 'Sur', 'Andalucia y Canarias'),
(9, 'Noroeste', 'Galicia');

--
-- Índices para tablas volcadas
--

--
-- Indices de la tabla `cargos`
--
ALTER TABLE `cargos`
  ADD PRIMARY KEY (`cargo_id`);

--
-- Indices de la tabla `categorias_empleados`
--
ALTER TABLE `categorias_empleados`
  ADD PRIMARY KEY (`categoria_empleado_id`);

--
-- Indices de la tabla `clientes`
--
ALTER TABLE `clientes`
  ADD PRIMARY KEY (`cliente_id`);

--
-- Indices de la tabla `comerciales`
--
ALTER TABLE `comerciales`
  ADD PRIMARY KEY (`comercial_id`),
  ADD KEY `R_14` (`zona_comercial_id`),
  ADD KEY `R_38` (`empleado_id`);

--
-- Indices de la tabla `contactos`
--
ALTER TABLE `contactos`
  ADD PRIMARY KEY (`contacto_id`),
  ADD KEY `R_2` (`cargo_id`),
  ADD KEY `R_3` (`cliente_id`);

--
-- Indices de la tabla `departamentos`
--
ALTER TABLE `departamentos`
  ADD PRIMARY KEY (`departamento_id`);

--
-- Indices de la tabla `direcciones`
--
ALTER TABLE `direcciones`
  ADD PRIMARY KEY (`direccion_id`),
  ADD KEY `R_5` (`tipo_direccion_id`),
  ADD KEY `R_6` (`cliente_id`),
  ADD KEY `R_7` (`provincia_id`);

--
-- Indices de la tabla `empleados`
--
ALTER TABLE `empleados`
  ADD PRIMARY KEY (`empleado_id`),
  ADD KEY `R_1` (`cargo_id`),
  ADD KEY `R_11` (`departamento_id`);

--
-- Indices de la tabla `facturas`
--
ALTER TABLE `facturas`
  ADD PRIMARY KEY (`factura_id`),
  ADD KEY `R_40` (`pedido_id`);

--
-- Indices de la tabla `familias_productos`
--
ALTER TABLE `familias_productos`
  ADD PRIMARY KEY (`familia_producto_id`);

--
-- Indices de la tabla `formas_de_pago`
--
ALTER TABLE `formas_de_pago`
  ADD PRIMARY KEY (`forma_de_pago_id`);

--
-- Indices de la tabla `formatos`
--
ALTER TABLE `formatos`
  ADD PRIMARY KEY (`formato_id`);

--
-- Indices de la tabla `impresoras`
--
ALTER TABLE `impresoras`
  ADD PRIMARY KEY (`impresora_id`),
  ADD KEY `R_42` (`linea_de_pedido_id`),
  ADD KEY `R_47` (`producto_id`);

--
-- Indices de la tabla `lineas_de_factura`
--
ALTER TABLE `lineas_de_factura`
  ADD PRIMARY KEY (`lineas_de_factura_id`),
  ADD KEY `R_48` (`factura_id`),
  ADD KEY `R_49` (`lista_de_precios_id`);

--
-- Indices de la tabla `lineas_de_pedido`
--
ALTER TABLE `lineas_de_pedido`
  ADD PRIMARY KEY (`linea_de_pedido_id`),
  ADD KEY `R_17` (`pedido_id`),
  ADD KEY `R_22` (`lista_de_precios_id`);

--
-- Indices de la tabla `listas_de_precios`
--
ALTER TABLE `listas_de_precios`
  ADD PRIMARY KEY (`lista_de_precios_id`),
  ADD KEY `R_18` (`formato_id`),
  ADD KEY `R_19` (`producto_id`);

--
-- Indices de la tabla `marcas`
--
ALTER TABLE `marcas`
  ADD PRIMARY KEY (`marca_id`);

--
-- Indices de la tabla `objetivos_comerciales`
--
ALTER TABLE `objetivos_comerciales`
  ADD PRIMARY KEY (`objetivo_comercial_id`),
  ADD KEY `R_15` (`comercial_id`);

--
-- Indices de la tabla `pedidos`
--
ALTER TABLE `pedidos`
  ADD PRIMARY KEY (`pedido_id`);

--
-- Indices de la tabla `productos`
--
ALTER TABLE `productos`
  ADD PRIMARY KEY (`producto_id`);

--
-- Indices de la tabla `provincias`
--
ALTER TABLE `provincias`
  ADD PRIMARY KEY (`provincia_id`);

--
-- Indices de la tabla `recursos_humanos`
--
ALTER TABLE `recursos_humanos`
  ADD PRIMARY KEY (`empleado_id`),
  ADD KEY `provincia_id` (`provincia_id`);

--
-- Indices de la tabla `salarios`
--
ALTER TABLE `salarios`
  ADD PRIMARY KEY (`salario_id`),
  ADD KEY `empleado_id` (`empleado_id`),
  ADD KEY `categoria_id` (`categoria_empleado_id`);

--
-- Indices de la tabla `servicio`
--
ALTER TABLE `servicio`
  ADD PRIMARY KEY (`servicio_id`);

--
-- Indices de la tabla `telefonos`
--
ALTER TABLE `telefonos`
  ADD PRIMARY KEY (`telefono_id`);

--
-- Indices de la tabla `tipos_comision`
--
ALTER TABLE `tipos_comision`
  ADD PRIMARY KEY (`tipo_comision_id`);

--
-- Indices de la tabla `tipos_de_servicio`
--
ALTER TABLE `tipos_de_servicio`
  ADD PRIMARY KEY (`tipo_de_servicio_id`);

--
-- Indices de la tabla `tipos_direccion`
--
ALTER TABLE `tipos_direccion`
  ADD PRIMARY KEY (`tipo_direccion_id`);

--
-- Indices de la tabla `tipo_producto`
--
ALTER TABLE `tipo_producto`
  ADD PRIMARY KEY (`tipo_producto_id`);

--
-- Indices de la tabla `zonas_comerciales`
--
ALTER TABLE `zonas_comerciales`
  ADD PRIMARY KEY (`zona_comercial_id`);

--
-- AUTO_INCREMENT de las tablas volcadas
--

--
-- AUTO_INCREMENT de la tabla `cargos`
--
ALTER TABLE `cargos`
  MODIFY `cargo_id` int(11) NOT NULL AUTO_INCREMENT, AUTO_INCREMENT=991;

--
-- AUTO_INCREMENT de la tabla `categorias_empleados`
--
ALTER TABLE `categorias_empleados`
  MODIFY `categoria_empleado_id` int(11) NOT NULL AUTO_INCREMENT, AUTO_INCREMENT=170;

--
-- AUTO_INCREMENT de la tabla `clientes`
--
ALTER TABLE `clientes`
  MODIFY `cliente_id` int(11) NOT NULL AUTO_INCREMENT, AUTO_INCREMENT=200374;

--
-- AUTO_INCREMENT de la tabla `comerciales`
--
ALTER TABLE `comerciales`
  MODIFY `comercial_id` int(11) NOT NULL AUTO_INCREMENT, AUTO_INCREMENT=31;

--
-- AUTO_INCREMENT de la tabla `contactos`
--
ALTER TABLE `contactos`
  MODIFY `contacto_id` int(11) NOT NULL AUTO_INCREMENT, AUTO_INCREMENT=7959;

--
-- AUTO_INCREMENT de la tabla `departamentos`
--
ALTER TABLE `departamentos`
  MODIFY `departamento_id` int(11) NOT NULL AUTO_INCREMENT, AUTO_INCREMENT=7;

--
-- AUTO_INCREMENT de la tabla `direcciones`
--
ALTER TABLE `direcciones`
  MODIFY `direccion_id` int(11) NOT NULL AUTO_INCREMENT, AUTO_INCREMENT=20613;

--
-- AUTO_INCREMENT de la tabla `empleados`
--
ALTER TABLE `empleados`
  MODIFY `empleado_id` int(11) NOT NULL AUTO_INCREMENT, AUTO_INCREMENT=147;

--
-- AUTO_INCREMENT de la tabla `facturas`
--
ALTER TABLE `facturas`
  MODIFY `factura_id` int(11) NOT NULL AUTO_INCREMENT, AUTO_INCREMENT=50372;

--
-- AUTO_INCREMENT de la tabla `familias_productos`
--
ALTER TABLE `familias_productos`
  MODIFY `familia_producto_id` int(11) NOT NULL AUTO_INCREMENT, AUTO_INCREMENT=100009;

--
-- AUTO_INCREMENT de la tabla `formas_de_pago`
--
ALTER TABLE `formas_de_pago`
  MODIFY `forma_de_pago_id` int(11) NOT NULL AUTO_INCREMENT, AUTO_INCREMENT=600014;

--
-- AUTO_INCREMENT de la tabla `formatos`
--
ALTER TABLE `formatos`
  MODIFY `formato_id` int(11) NOT NULL AUTO_INCREMENT, AUTO_INCREMENT=10416;

--
-- AUTO_INCREMENT de la tabla `impresoras`
--
ALTER TABLE `impresoras`
  MODIFY `impresora_id` int(11) NOT NULL AUTO_INCREMENT, AUTO_INCREMENT=150111;

--
-- AUTO_INCREMENT de la tabla `lineas_de_factura`
--
ALTER TABLE `lineas_de_factura`
  MODIFY `lineas_de_factura_id` int(11) NOT NULL AUTO_INCREMENT, AUTO_INCREMENT=501119;

--
-- AUTO_INCREMENT de la tabla `lineas_de_pedido`
--
ALTER TABLE `lineas_de_pedido`
  MODIFY `linea_de_pedido_id` int(11) NOT NULL AUTO_INCREMENT, AUTO_INCREMENT=31019;

--
-- AUTO_INCREMENT de la tabla `listas_de_precios`
--
ALTER TABLE `listas_de_precios`
  MODIFY `lista_de_precios_id` int(11) NOT NULL AUTO_INCREMENT, AUTO_INCREMENT=1001467;

--
-- AUTO_INCREMENT de la tabla `marcas`
--
ALTER TABLE `marcas`
  MODIFY `marca_id` int(11) NOT NULL AUTO_INCREMENT, AUTO_INCREMENT=23;

--
-- AUTO_INCREMENT de la tabla `objetivos_comerciales`
--
ALTER TABLE `objetivos_comerciales`
  MODIFY `objetivo_comercial_id` int(11) NOT NULL AUTO_INCREMENT, AUTO_INCREMENT=211;

--
-- AUTO_INCREMENT de la tabla `pedidos`
--
ALTER TABLE `pedidos`
  MODIFY `pedido_id` int(11) NOT NULL AUTO_INCREMENT, AUTO_INCREMENT=3316;

--
-- AUTO_INCREMENT de la tabla `productos`
--
ALTER TABLE `productos`
  MODIFY `producto_id` int(11) NOT NULL AUTO_INCREMENT, AUTO_INCREMENT=580773;

--
-- AUTO_INCREMENT de la tabla `recursos_humanos`
--
ALTER TABLE `recursos_humanos`
  MODIFY `empleado_id` int(11) NOT NULL AUTO_INCREMENT, AUTO_INCREMENT=147;

--
-- AUTO_INCREMENT de la tabla `salarios`
--
ALTER TABLE `salarios`
  MODIFY `salario_id` int(11) NOT NULL AUTO_INCREMENT, AUTO_INCREMENT=10596;

--
-- AUTO_INCREMENT de la tabla `servicio`
--
ALTER TABLE `servicio`
  MODIFY `servicio_id` int(11) NOT NULL AUTO_INCREMENT, AUTO_INCREMENT=1000073;

--
-- AUTO_INCREMENT de la tabla `telefonos`
--
ALTER TABLE `telefonos`
  MODIFY `telefono_id` int(11) NOT NULL AUTO_INCREMENT, AUTO_INCREMENT=5160;

--
-- AUTO_INCREMENT de la tabla `tipos_comision`
--
ALTER TABLE `tipos_comision`
  MODIFY `tipo_comision_id` int(11) NOT NULL AUTO_INCREMENT, AUTO_INCREMENT=9;

--
-- AUTO_INCREMENT de la tabla `tipos_de_servicio`
--
ALTER TABLE `tipos_de_servicio`
  MODIFY `tipo_de_servicio_id` int(11) NOT NULL AUTO_INCREMENT, AUTO_INCREMENT=829;

--
-- AUTO_INCREMENT de la tabla `tipos_direccion`
--
ALTER TABLE `tipos_direccion`
  MODIFY `tipo_direccion_id` int(11) NOT NULL AUTO_INCREMENT, AUTO_INCREMENT=2007;

--
-- AUTO_INCREMENT de la tabla `tipo_producto`
--
ALTER TABLE `tipo_producto`
  MODIFY `tipo_producto_id` int(11) NOT NULL AUTO_INCREMENT, AUTO_INCREMENT=105;

--
-- AUTO_INCREMENT de la tabla `zonas_comerciales`
--
ALTER TABLE `zonas_comerciales`
  MODIFY `zona_comercial_id` int(11) NOT NULL AUTO_INCREMENT, AUTO_INCREMENT=10;

--
-- Restricciones para tablas volcadas
--

--
-- Filtros para la tabla `comerciales`
--
ALTER TABLE `comerciales`
  ADD CONSTRAINT `R_14` FOREIGN KEY (`zona_comercial_id`) REFERENCES `zonas_comerciales` (`zona_comercial_id`),
  ADD CONSTRAINT `R_38` FOREIGN KEY (`empleado_id`) REFERENCES `empleados` (`empleado_id`);

--
-- Filtros para la tabla `contactos`
--
ALTER TABLE `contactos`
  ADD CONSTRAINT `R_2` FOREIGN KEY (`cargo_id`) REFERENCES `cargos` (`cargo_id`),
  ADD CONSTRAINT `R_3` FOREIGN KEY (`cliente_id`) REFERENCES `clientes` (`cliente_id`);

--
-- Filtros para la tabla `direcciones`
--
ALTER TABLE `direcciones`
  ADD CONSTRAINT `R_5` FOREIGN KEY (`tipo_direccion_id`) REFERENCES `tipos_direccion` (`tipo_direccion_id`),
  ADD CONSTRAINT `R_6` FOREIGN KEY (`cliente_id`) REFERENCES `clientes` (`cliente_id`),
  ADD CONSTRAINT `R_7` FOREIGN KEY (`provincia_id`) REFERENCES `provincias` (`provincia_id`);

--
-- Filtros para la tabla `empleados`
--
ALTER TABLE `empleados`
  ADD CONSTRAINT `R_1` FOREIGN KEY (`cargo_id`) REFERENCES `cargos` (`cargo_id`),
  ADD CONSTRAINT `R_11` FOREIGN KEY (`departamento_id`) REFERENCES `departamentos` (`departamento_id`),
  ADD CONSTRAINT `R_28` FOREIGN KEY (`supervisor_id`) REFERENCES `empleados` (`empleado_id`);

--
-- Filtros para la tabla `facturas`
--
ALTER TABLE `facturas`
  ADD CONSTRAINT `R_40` FOREIGN KEY (`pedido_id`) REFERENCES `pedidos` (`pedido_id`);

--
-- Filtros para la tabla `impresoras`
--
ALTER TABLE `impresoras`
  ADD CONSTRAINT `R_42` FOREIGN KEY (`linea_de_pedido_id`) REFERENCES `lineas_de_pedido` (`linea_de_pedido_id`),
  ADD CONSTRAINT `R_47` FOREIGN KEY (`producto_id`) REFERENCES `productos` (`producto_id`);

--
-- Filtros para la tabla `lineas_de_factura`
--
ALTER TABLE `lineas_de_factura`
  ADD CONSTRAINT `R_48` FOREIGN KEY (`factura_id`) REFERENCES `facturas` (`factura_id`),
  ADD CONSTRAINT `R_49` FOREIGN KEY (`lista_de_precios_id`) REFERENCES `listas_de_precios` (`lista_de_precios_id`);

--
-- Filtros para la tabla `lineas_de_pedido`
--
ALTER TABLE `lineas_de_pedido`
  ADD CONSTRAINT `R_17` FOREIGN KEY (`pedido_id`) REFERENCES `pedidos` (`pedido_id`),
  ADD CONSTRAINT `R_22` FOREIGN KEY (`lista_de_precios_id`) REFERENCES `listas_de_precios` (`lista_de_precios_id`);

--
-- Filtros para la tabla `listas_de_precios`
--
ALTER TABLE `listas_de_precios`
  ADD CONSTRAINT `R_18` FOREIGN KEY (`formato_id`) REFERENCES `formatos` (`formato_id`),
  ADD CONSTRAINT `R_19` FOREIGN KEY (`producto_id`) REFERENCES `productos` (`producto_id`);

--
-- Filtros para la tabla `objetivos_comerciales`
--
ALTER TABLE `objetivos_comerciales`
  ADD CONSTRAINT `R_15` FOREIGN KEY (`comercial_id`) REFERENCES `comerciales` (`comercial_id`);

--
-- Filtros para la tabla `recursos_humanos`
--
ALTER TABLE `recursos_humanos`
  ADD CONSTRAINT `provincia` FOREIGN KEY (`provincia_id`) REFERENCES `provincias` (`provincia_id`);

--
-- Filtros para la tabla `salarios`
--
ALTER TABLE `salarios`
  ADD CONSTRAINT `categoria` FOREIGN KEY (`categoria_empleado_id`) REFERENCES `categorias_empleados` (`categoria_empleado_id`),
  ADD CONSTRAINT `empleado` FOREIGN KEY (`empleado_id`) REFERENCES `recursos_humanos` (`empleado_id`);
COMMIT;

/*!40101 SET CHARACTER_SET_CLIENT=@OLD_CHARACTER_SET_CLIENT */;
/*!40101 SET CHARACTER_SET_RESULTS=@OLD_CHARACTER_SET_RESULTS */;
/*!40101 SET COLLATION_CONNECTION=@OLD_COLLATION_CONNECTION */;
